question_id,raw_subject,raw_topic,canonical_subject,needs_review,rule
0.1,Compiler Design,Compiler Design,Compiler Design,False,canonical form
AptitudeDataset::1,Quantitative Aptitude,Arithmetic,General Aptitude,False,already a topic inside General Aptitude (n=605)
AptitudeDataset::2,Quantitative Aptitude,Arithmetic,General Aptitude,False,already a topic inside General Aptitude (n=605)
AptitudeDataset::3,Quantitative Aptitude,General Aptitude,General Aptitude,False,already a topic inside General Aptitude (n=605)
AptitudeDataset::4,Quantitative Aptitude,Arithmetic,General Aptitude,False,already a topic inside General Aptitude (n=605)
AptitudeDataset::5,Quantitative Aptitude,Arithmetic,General Aptitude,False,already a topic inside General Aptitude (n=605)
AptitudeDataset::6,Quantitative Aptitude,Arithmetic,General Aptitude,False,already a topic inside General Aptitude (n=605)
AptitudeDataset::7,Quantitative Aptitude,Arithmetic,General Aptitude,False,already a topic inside General Aptitude (n=605)
AptitudeDataset::8,Quantitative Aptitude,Arithmetic,General Aptitude,False,already a topic inside General Aptitude (n=605)
AptitudeDataset::9,Quantitative Aptitude,Number Theory,General Aptitude,False,already a topic inside General Aptitude (n=605)
AptitudeDataset::10,Quantitative Aptitude,Arithmetic,General Aptitude,False,already a topic inside General Aptitude (n=605)
AptitudeDataset::12,Quantitative Aptitude,Mensuration,General Aptitude,False,already a topic inside General Aptitude (n=605)
AptitudeDataset::13,Quantitative Aptitude,Arithmetic,General Aptitude,False,already a topic inside General Aptitude (n=605)
AptitudeDataset::14,Quantitative Aptitude,Arithmetic,General Aptitude,False,already a topic inside General Aptitude (n=605)
AptitudeDataset::15,Quantitative Aptitude,Arithmetic,General Aptitude,False,already a topic inside General Aptitude (n=605)
AptitudeDataset::18,Quantitative Aptitude,Number Theory,General Aptitude,False,already a topic inside General Aptitude (n=605)
AptitudeDataset::19,Quantitative Aptitude,Number Theory,General Aptitude,False,already a topic inside General Aptitude (n=605)
AptitudeDataset::20,Quantitative Aptitude,Arithmetic,General Aptitude,False,already a topic inside General Aptitude (n=605)
AptitudeDataset::21,Quantitative Aptitude,Arithmetic,General Aptitude,False,already a topic inside General Aptitude (n=605)
AptitudeDataset::22,Quantitative Aptitude,Arithmetic,General Aptitude,False,already a topic inside General Aptitude (n=605)
AptitudeDataset::23,Quantitative Aptitude,Arithmetic,General Aptitude,False,already a topic inside General Aptitude (n=605)
AptitudeDataset::24,Quantitative Aptitude,Arithmetic,General Aptitude,False,already a topic inside General Aptitude (n=605)
AptitudeDataset::25,Quantitative Aptitude,Arithmetic,General Aptitude,False,already a topic inside General Aptitude (n=605)
AptitudeDataset::26,Quantitative Aptitude,General Aptitude,General Aptitude,False,already a topic inside General Aptitude (n=605)
AptitudeDataset::27,Quantitative Aptitude,Arithmetic,General Aptitude,False,already a topic inside General Aptitude (n=605)
AptitudeDataset::28,Quantitative Aptitude,Arithmetic,General Aptitude,False,already a topic inside General Aptitude (n=605)
AptitudeDataset::29,Quantitative Aptitude,Arithmetic,General Aptitude,False,already a topic inside General Aptitude (n=605)
AptitudeDataset::30,Quantitative Aptitude,Arithmetic,General Aptitude,False,already a topic inside General Aptitude (n=605)
AptitudeDataset::31,Quantitative Aptitude,Arithmetic,General Aptitude,False,already a topic inside General Aptitude (n=605)
AptitudeDataset::32,Quantitative Aptitude,Arithmetic,General Aptitude,False,already a topic inside General Aptitude (n=605)
AptitudeDataset::33,Quantitative Aptitude,General Aptitude,General Aptitude,False,already a topic inside General Aptitude (n=605)
AptitudeDataset::34,Quantitative Aptitude,Arithmetic,General Aptitude,False,already a topic inside General Aptitude (n=605)
AptitudeDataset::35,Quantitative Aptitude,Number Theory,General Aptitude,False,already a topic inside General Aptitude (n=605)
AptitudeDataset::36,Quantitative Aptitude,Number Theory,General Aptitude,False,already a topic inside General Aptitude (n=605)
AptitudeDataset::37,Quantitative Aptitude,Number Theory,General Aptitude,False,already a topic inside General Aptitude (n=605)
AptitudeDataset::38,Quantitative Aptitude,Number Theory,General Aptitude,False,already a topic inside General Aptitude (n=605)
AptitudeDataset::39,Quantitative Aptitude,Arithmetic,General Aptitude,False,already a topic inside General Aptitude (n=605)
AptitudeDataset::40,Quantitative Aptitude,Arithmetic,General Aptitude,False,already a topic inside General Aptitude (n=605)
AptitudeDataset::41,Quantitative Aptitude,General Aptitude,General Aptitude,False,already a topic inside General Aptitude (n=605)
AptitudeDataset::42,Quantitative Aptitude,Arithmetic,General Aptitude,False,already a topic inside General Aptitude (n=605)
AptitudeDataset::43,Quantitative Aptitude,Number Theory,General Aptitude,False,already a topic inside General Aptitude (n=605)
AptitudeDataset::44,Quantitative Aptitude,Number Theory,General Aptitude,False,already a topic inside General Aptitude (n=605)
AptitudeDataset::45,Quantitative Aptitude,Mensuration,General Aptitude,False,already a topic inside General Aptitude (n=605)
AptitudeDataset::46,Quantitative Aptitude,General Aptitude,General Aptitude,False,already a topic inside General Aptitude (n=605)
AptitudeDataset::47,Quantitative Aptitude,Arithmetic,General Aptitude,False,already a topic inside General Aptitude (n=605)
AptitudeDataset::48,Quantitative Aptitude,General Aptitude,General Aptitude,False,already a topic inside General Aptitude (n=605)
AptitudeDataset::49,Quantitative Aptitude,Arithmetic,General Aptitude,False,already a topic inside General Aptitude (n=605)
AptitudeDataset::50,Quantitative Aptitude,General Aptitude,General Aptitude,False,already a topic inside General Aptitude (n=605)
AptitudeDataset::51,Quantitative Aptitude,Arithmetic,General Aptitude,False,already a topic inside General Aptitude (n=605)
AptitudeDataset::52,Quantitative Aptitude,Arithmetic,General Aptitude,False,already a topic inside General Aptitude (n=605)
AptitudeDataset::53,Quantitative Aptitude,Arithmetic,General Aptitude,False,already a topic inside General Aptitude (n=605)
AptitudeDataset::54,Quantitative Aptitude,Arithmetic,General Aptitude,False,already a topic inside General Aptitude (n=605)
AptitudeDataset::55,Quantitative Aptitude,Arithmetic,General Aptitude,False,already a topic inside General Aptitude (n=605)
AptitudeDataset::56,Quantitative Aptitude,Arithmetic,General Aptitude,False,already a topic inside General Aptitude (n=605)
AptitudeDataset::57,Quantitative Aptitude,Arithmetic,General Aptitude,False,already a topic inside General Aptitude (n=605)
AptitudeDataset::58,Quantitative Aptitude,Arithmetic,General Aptitude,False,already a topic inside General Aptitude (n=605)
AptitudeDataset::59,Quantitative Aptitude,Arithmetic,General Aptitude,False,already a topic inside General Aptitude (n=605)
AptitudeDataset::60,Quantitative Aptitude,General Aptitude,General Aptitude,False,already a topic inside General Aptitude (n=605)
AptitudeDataset::61,Quantitative Aptitude,Arithmetic,General Aptitude,False,already a topic inside General Aptitude (n=605)
AptitudeDataset::62,Quantitative Aptitude,Mensuration,General Aptitude,False,already a topic inside General Aptitude (n=605)
AptitudeDataset::63,Quantitative Aptitude,Arithmetic,General Aptitude,False,already a topic inside General Aptitude (n=605)
AptitudeDataset::64,Quantitative Aptitude,Arithmetic,General Aptitude,False,already a topic inside General Aptitude (n=605)
AptitudeDataset::65,Quantitative Aptitude,Arithmetic,General Aptitude,False,already a topic inside General Aptitude (n=605)
AptitudeDataset::66,Quantitative Aptitude,Arithmetic,General Aptitude,False,already a topic inside General Aptitude (n=605)
AptitudeDataset::70,Quantitative Aptitude,Arithmetic,General Aptitude,False,already a topic inside General Aptitude (n=605)
AptitudeDataset::71,Quantitative Aptitude,Verbal Ability,General Aptitude,False,already a topic inside General Aptitude (n=605)
AptitudeDataset::72,Verbal Aptitude,Verbal Ability,General Aptitude,False,already a topic inside General Aptitude (n=593)
AptitudeDataset::73,Quantitative Aptitude,Number Theory,General Aptitude,False,already a topic inside General Aptitude (n=605)
AptitudeDataset::74,Quantitative Aptitude,Arithmetic,General Aptitude,False,already a topic inside General Aptitude (n=605)
AptitudeDataset::75,Quantitative Aptitude,Arithmetic,General Aptitude,False,already a topic inside General Aptitude (n=605)
AptitudeDataset::76,Quantitative Aptitude,General Aptitude,General Aptitude,False,already a topic inside General Aptitude (n=605)
AptitudeDataset::77,Quantitative Aptitude,Arithmetic,General Aptitude,False,already a topic inside General Aptitude (n=605)
AptitudeDataset::78,Quantitative Aptitude,Arithmetic,General Aptitude,False,already a topic inside General Aptitude (n=605)
AptitudeDataset::79,Quantitative Aptitude,Arithmetic,General Aptitude,False,already a topic inside General Aptitude (n=605)
AptitudeDataset::96,Quantitative Aptitude,Arithmetic,General Aptitude,False,already a topic inside General Aptitude (n=605)
AptitudeDataset::100,Quantitative Aptitude,Arithmetic,General Aptitude,False,already a topic inside General Aptitude (n=605)
AptitudeDataset::101,Quantitative Aptitude,Arithmetic,General Aptitude,False,already a topic inside General Aptitude (n=605)
AptitudeDataset::102,Quantitative Aptitude,Arithmetic,General Aptitude,False,already a topic inside General Aptitude (n=605)
AptitudeDataset::103,Quantitative Aptitude,Arithmetic,General Aptitude,False,already a topic inside General Aptitude (n=605)
AptitudeDataset::104,Quantitative Aptitude,Mensuration,General Aptitude,False,already a topic inside General Aptitude (n=605)
AptitudeDataset::105,Quantitative Aptitude,Arithmetic,General Aptitude,False,already a topic inside General Aptitude (n=605)
AptitudeDataset::106,Quantitative Aptitude,Arithmetic,General Aptitude,False,already a topic inside General Aptitude (n=605)
AptitudeDataset::107,Quantitative Aptitude,Arithmetic,General Aptitude,False,already a topic inside General Aptitude (n=605)
AptitudeDataset::108,Quantitative Aptitude,Arithmetic,General Aptitude,False,already a topic inside General Aptitude (n=605)
AptitudeDataset::109,Quantitative Aptitude,Mensuration,General Aptitude,False,already a topic inside General Aptitude (n=605)
AptitudeDataset::110,Quantitative Aptitude,Arithmetic,General Aptitude,False,already a topic inside General Aptitude (n=605)
AptitudeDataset::111,Quantitative Aptitude,Mensuration,General Aptitude,False,already a topic inside General Aptitude (n=605)
AptitudeDataset::112,Quantitative Aptitude,Arithmetic,General Aptitude,False,already a topic inside General Aptitude (n=605)
AptitudeDataset::113,Quantitative Aptitude,Arithmetic,General Aptitude,False,already a topic inside General Aptitude (n=605)
AptitudeDataset::114,Verbal Aptitude,Number Theory,General Aptitude,False,already a topic inside General Aptitude (n=593)
AptitudeDataset::115,Quantitative Aptitude,Arithmetic,General Aptitude,False,already a topic inside General Aptitude (n=605)
AptitudeDataset::116,Quantitative Aptitude,General Aptitude,General Aptitude,False,already a topic inside General Aptitude (n=605)
AptitudeDataset::117,Quantitative Aptitude,Arithmetic,General Aptitude,False,already a topic inside General Aptitude (n=605)
AptitudeDataset::118,Quantitative Aptitude,Arithmetic,General Aptitude,False,already a topic inside General Aptitude (n=605)
AptitudeDataset::119,Quantitative Aptitude,Arithmetic,General Aptitude,False,already a topic inside General Aptitude (n=605)
AptitudeDataset::120,Quantitative Aptitude,Arithmetic,General Aptitude,False,already a topic inside General Aptitude (n=605)
AptitudeDataset::121,Quantitative Aptitude,Arithmetic,General Aptitude,False,already a topic inside General Aptitude (n=605)
AptitudeDataset::122,Quantitative Aptitude,Arithmetic,General Aptitude,False,already a topic inside General Aptitude (n=605)
AptitudeDataset::123,Quantitative Aptitude,Arithmetic,General Aptitude,False,already a topic inside General Aptitude (n=605)
AptitudeDataset::124,Quantitative Aptitude,Arithmetic,General Aptitude,False,already a topic inside General Aptitude (n=605)
AptitudeDataset::125,Quantitative Aptitude,Arithmetic,General Aptitude,False,already a topic inside General Aptitude (n=605)
AptitudeDataset::126,Quantitative Aptitude,Arithmetic,General Aptitude,False,already a topic inside General Aptitude (n=605)
AptitudeDataset::127,Quantitative Aptitude,Arithmetic,General Aptitude,False,already a topic inside General Aptitude (n=605)
AptitudeDataset::128,Quantitative Aptitude,Arithmetic,General Aptitude,False,already a topic inside General Aptitude (n=605)
AptitudeDataset::129,Quantitative Aptitude,Arithmetic,General Aptitude,False,already a topic inside General Aptitude (n=605)
AptitudeDataset::130,Quantitative Aptitude,Arithmetic,General Aptitude,False,already a topic inside General Aptitude (n=605)
AptitudeDataset::131,Quantitative Aptitude,Arithmetic,General Aptitude,False,already a topic inside General Aptitude (n=605)
AptitudeDataset::132,Quantitative Aptitude,Arithmetic,General Aptitude,False,already a topic inside General Aptitude (n=605)
AptitudeDataset::133,Quantitative Aptitude,Arithmetic,General Aptitude,False,already a topic inside General Aptitude (n=605)
AptitudeDataset::134,Quantitative Aptitude,Arithmetic,General Aptitude,False,already a topic inside General Aptitude (n=605)
AptitudeDataset::135,Quantitative Aptitude,Arithmetic,General Aptitude,False,already a topic inside General Aptitude (n=605)
AptitudeDataset::136,Quantitative Aptitude,Arithmetic,General Aptitude,False,already a topic inside General Aptitude (n=605)
AptitudeDataset::137,Quantitative Aptitude,Arithmetic,General Aptitude,False,already a topic inside General Aptitude (n=605)
AptitudeDataset::144,Quantitative Aptitude,Arithmetic,General Aptitude,False,already a topic inside General Aptitude (n=605)
AptitudeDataset::147,Quantitative Aptitude,Arithmetic,General Aptitude,False,already a topic inside General Aptitude (n=605)
AptitudeDataset::149,Quantitative Aptitude,Arithmetic,General Aptitude,False,already a topic inside General Aptitude (n=605)
AptitudeDataset::150,Quantitative Aptitude,Arithmetic,General Aptitude,False,already a topic inside General Aptitude (n=605)
AptitudeDataset::151,Quantitative Aptitude,Arithmetic,General Aptitude,False,already a topic inside General Aptitude (n=605)
AptitudeDataset::152,Quantitative Aptitude,Arithmetic,General Aptitude,False,already a topic inside General Aptitude (n=605)
AptitudeDataset::153,Quantitative Aptitude,Arithmetic,General Aptitude,False,already a topic inside General Aptitude (n=605)
AptitudeDataset::154,Quantitative Aptitude,Arithmetic,General Aptitude,False,already a topic inside General Aptitude (n=605)
AptitudeDataset::155,Quantitative Aptitude,Arithmetic,General Aptitude,False,already a topic inside General Aptitude (n=605)
AptitudeDataset::157,Quantitative Aptitude,Arithmetic,General Aptitude,False,already a topic inside General Aptitude (n=605)
AptitudeDataset::158,Quantitative Aptitude,Number Theory,General Aptitude,False,already a topic inside General Aptitude (n=605)
AptitudeDataset::159,Quantitative Aptitude,Mensuration,General Aptitude,False,already a topic inside General Aptitude (n=605)
AptitudeDataset::160,Quantitative Aptitude,Arithmetic,General Aptitude,False,already a topic inside General Aptitude (n=605)
CSE_Dataset::1,Data Structures and Algorithms,Data Structures,Algorithms,True,majority topics (graph algo/sort/search/hash) are algorithmic
CSE_Dataset::2,Data Structures and Algorithms,Trees,Algorithms,True,majority topics (graph algo/sort/search/hash) are algorithmic
CSE_Dataset::3,Data Structures and Algorithms,Arrays,Algorithms,True,majority topics (graph algo/sort/search/hash) are algorithmic
CSE_Dataset::4,Data Structures and Algorithms,Stacks,Algorithms,True,majority topics (graph algo/sort/search/hash) are algorithmic
CSE_Dataset::5,Data Structures and Algorithms,Trees,Algorithms,True,majority topics (graph algo/sort/search/hash) are algorithmic
CSE_Dataset::6,Data Structures and Algorithms,Sorting,Algorithms,True,majority topics (graph algo/sort/search/hash) are algorithmic
CSE_Dataset::7,Data Structures and Algorithms,Sorting,Algorithms,True,majority topics (graph algo/sort/search/hash) are algorithmic
CSE_Dataset::8,Data Structures and Algorithms,Graph Algorithms,Algorithms,True,majority topics (graph algo/sort/search/hash) are algorithmic
CSE_Dataset::9,Data Structures and Algorithms,Hashing,Algorithms,True,majority topics (graph algo/sort/search/hash) are algorithmic
CSE_Dataset::10,Data Structures and Algorithms,Stacks,Algorithms,True,majority topics (graph algo/sort/search/hash) are algorithmic
CSE_Dataset::11,Data Structures and Algorithms,Trees,Algorithms,True,majority topics (graph algo/sort/search/hash) are algorithmic
CSE_Dataset::12,Data Structures and Algorithms,Graph Algorithms,Algorithms,True,majority topics (graph algo/sort/search/hash) are algorithmic
CSE_Dataset::13,Data Structures and Algorithms,Heaps,Algorithms,True,majority topics (graph algo/sort/search/hash) are algorithmic
CSE_Dataset::14,Data Structures and Algorithms,Hashing,Algorithms,True,majority topics (graph algo/sort/search/hash) are algorithmic
CSE_Dataset::15,Data Structures and Algorithms,Sorting,Algorithms,True,majority topics (graph algo/sort/search/hash) are algorithmic
CSE_Dataset::16,Data Structures and Algorithms,Trees,Algorithms,True,majority topics (graph algo/sort/search/hash) are algorithmic
CSE_Dataset::17,Data Structures and Algorithms,Advanced Data Structures,Algorithms,True,majority topics (graph algo/sort/search/hash) are algorithmic
CSE_Dataset::18,Data Structures and Algorithms,Graph Algorithms,Algorithms,True,majority topics (graph algo/sort/search/hash) are algorithmic
CSE_Dataset::19,Computer Organization and Architecture,Linked Lists,Computer Organization and Architecture,False,canonical form
CSE_Dataset::20,Data Structures and Algorithms,Heaps,Algorithms,True,majority topics (graph algo/sort/search/hash) are algorithmic
CSE_Dataset::21,Data Structures and Algorithms,Graph Algorithms,Algorithms,True,majority topics (graph algo/sort/search/hash) are algorithmic
CSE_Dataset::22,Data Structures and Algorithms,Sorting,Algorithms,True,majority topics (graph algo/sort/search/hash) are algorithmic
CSE_Dataset::23,Data Structures and Algorithms,Linked Lists,Algorithms,True,majority topics (graph algo/sort/search/hash) are algorithmic
CSE_Dataset::24,Data Structures and Algorithms,Programming Fundamentals,Algorithms,True,majority topics (graph algo/sort/search/hash) are algorithmic
CSE_Dataset::25,Data Structures and Algorithms,Programming Fundamentals,Algorithms,True,majority topics (graph algo/sort/search/hash) are algorithmic
CSE_Dataset::26,Data Structures and Algorithms,Programming Fundamentals,Algorithms,True,majority topics (graph algo/sort/search/hash) are algorithmic
CSE_Dataset::27,Data Structures and Algorithms,Programming Fundamentals,Algorithms,True,majority topics (graph algo/sort/search/hash) are algorithmic
CSE_Dataset::28,Data Structures and Algorithms,Programming Fundamentals,Algorithms,True,majority topics (graph algo/sort/search/hash) are algorithmic
CSE_Dataset::29,Computer Networks,Computer Networks,Computer Networks,False,canonical form
CSE_Dataset::30,Databases,Databases,Databases,False,canonical form
CSE_Dataset::31,Databases,Database Normalization,Databases,False,canonical form
CSE_Dataset::32,Databases,Databases,Databases,False,canonical form
CSE_Dataset::33,Machine Learning,Machine Learning,Artificial Intelligence,False,"merged into Artificial Intelligence (small bucket, closely related GATE DA topic)"
CSE_Dataset::34,Machine Learning,Machine Learning,Artificial Intelligence,False,"merged into Artificial Intelligence (small bucket, closely related GATE DA topic)"
CSE_Dataset::35,Machine Learning,Machine Learning,Artificial Intelligence,False,"merged into Artificial Intelligence (small bucket, closely related GATE DA topic)"
CSE_Dataset::36,Machine Learning,Machine Learning,Artificial Intelligence,False,"merged into Artificial Intelligence (small bucket, closely related GATE DA topic)"
CSE_Dataset::37,Machine Learning,Machine Learning,Artificial Intelligence,False,"merged into Artificial Intelligence (small bucket, closely related GATE DA topic)"
CSE_Dataset::38,Machine Learning,Machine Learning,Artificial Intelligence,False,"merged into Artificial Intelligence (small bucket, closely related GATE DA topic)"
CSE_Dataset::39,Machine Learning,Machine Learning,Artificial Intelligence,False,"merged into Artificial Intelligence (small bucket, closely related GATE DA topic)"
CSE_Dataset::40,Machine Learning,Machine Learning,Artificial Intelligence,False,"merged into Artificial Intelligence (small bucket, closely related GATE DA topic)"
CSE_Dataset::41,Machine Learning,Machine Learning,Artificial Intelligence,False,"merged into Artificial Intelligence (small bucket, closely related GATE DA topic)"
CSE_Dataset::42,Machine Learning,Machine Learning,Artificial Intelligence,False,"merged into Artificial Intelligence (small bucket, closely related GATE DA topic)"
CSE_Dataset::43,Machine Learning,Machine Learning,Artificial Intelligence,False,"merged into Artificial Intelligence (small bucket, closely related GATE DA topic)"
CSE_Dataset::44,Machine Learning,Machine Learning,Artificial Intelligence,False,"merged into Artificial Intelligence (small bucket, closely related GATE DA topic)"
CSE_Dataset::45,Machine Learning,Machine Learning,Artificial Intelligence,False,"merged into Artificial Intelligence (small bucket, closely related GATE DA topic)"
CSE_Dataset::46,Machine Learning,Machine Learning,Artificial Intelligence,False,"merged into Artificial Intelligence (small bucket, closely related GATE DA topic)"
CSE_Dataset::47,Machine Learning,Machine Learning,Artificial Intelligence,False,"merged into Artificial Intelligence (small bucket, closely related GATE DA topic)"
CSE_Dataset::48,Machine Learning,Machine Learning,Artificial Intelligence,False,"merged into Artificial Intelligence (small bucket, closely related GATE DA topic)"
CSE_Dataset::49,Machine Learning,Machine Learning,Artificial Intelligence,False,"merged into Artificial Intelligence (small bucket, closely related GATE DA topic)"
CSE_Dataset::50,Machine Learning,Machine Learning,Artificial Intelligence,False,"merged into Artificial Intelligence (small bucket, closely related GATE DA topic)"
CSE_Dataset::51,Machine Learning,Machine Learning,Artificial Intelligence,False,"merged into Artificial Intelligence (small bucket, closely related GATE DA topic)"
CSE_Dataset::52,Machine Learning,Machine Learning,Artificial Intelligence,False,"merged into Artificial Intelligence (small bucket, closely related GATE DA topic)"
CSE_Dataset::53,Physics,Optics,Engineering Mathematics,True,"single stray record, closest to Eng. Math content"
CSE_Dataset::54,Physics,Optics,Engineering Mathematics,True,"single stray record, closest to Eng. Math content"
CSE_Dataset::55,Data Structures and Algorithms,Programming Fundamentals,Algorithms,True,majority topics (graph algo/sort/search/hash) are algorithmic
CSE_Dataset::56,Data Structures and Algorithms,Programming Fundamentals,Algorithms,True,majority topics (graph algo/sort/search/hash) are algorithmic
CSE_Dataset::57,Data Structures and Algorithms,Programming Fundamentals,Algorithms,True,majority topics (graph algo/sort/search/hash) are algorithmic
CSE_Dataset::58,Data Structures and Algorithms,Programming Fundamentals,Algorithms,True,majority topics (graph algo/sort/search/hash) are algorithmic
CSE_Dataset::59,Data Structures and Algorithms,Programming Fundamentals,Algorithms,True,majority topics (graph algo/sort/search/hash) are algorithmic
CSE_Dataset::60,Data Structures and Algorithms,Programming Fundamentals,Algorithms,True,majority topics (graph algo/sort/search/hash) are algorithmic
CSE_Dataset::61,Data Structures and Algorithms,Programming Fundamentals,Algorithms,True,majority topics (graph algo/sort/search/hash) are algorithmic
CSE_Dataset::62,Data Structures and Algorithms,Programming Fundamentals,Algorithms,True,majority topics (graph algo/sort/search/hash) are algorithmic
CSE_Dataset::63,Data Structures and Algorithms,Programming Fundamentals,Algorithms,True,majority topics (graph algo/sort/search/hash) are algorithmic
CSE_Dataset::64,Data Structures and Algorithms,Programming Fundamentals,Algorithms,True,majority topics (graph algo/sort/search/hash) are algorithmic
CSE_Dataset::65,Data Structures and Algorithms,Programming Fundamentals,Algorithms,True,majority topics (graph algo/sort/search/hash) are algorithmic
CSE_Dataset::66,Data Structures and Algorithms,Programming Fundamentals,Algorithms,True,majority topics (graph algo/sort/search/hash) are algorithmic
CSE_Dataset::67,Data Structures and Algorithms,Programming Fundamentals,Algorithms,True,majority topics (graph algo/sort/search/hash) are algorithmic
CSE_Dataset::68,Data Structures and Algorithms,Data Structures,Algorithms,True,majority topics (graph algo/sort/search/hash) are algorithmic
CSE_Dataset::69,Data Structures and Algorithms,Searching,Algorithms,True,majority topics (graph algo/sort/search/hash) are algorithmic
CSE_Dataset::70,Software Engineering,Software Engineering,Software Engineering,False,canonical form
CSE_Dataset::71,Databases,Databases,Databases,False,canonical form
CSE_Dataset::72,Computer Networks,Computer Networks,Computer Networks,False,canonical form
CSE_Dataset::73,Cybersecurity,Cybersecurity,Cybersecurity,False,canonical form
CSE_Dataset::74,Databases,Database Normalization,Databases,False,canonical form
CSE_Dataset::75,Cloud Computing,Cloud Computing,Cloud Computing,False,canonical form
CSE_Dataset::76,Programming Fundamentals,Programming Fundamentals,Programming and Data Structures,False,all 9 records are Programming Fundamentals topic
CSE_Dataset::77,Computer Networks,Computer Networks,Computer Networks,False,canonical form
CSE_Dataset::78,System Software,Virtualization,System Software,False,canonical form
CSE_Dataset::79,Computer Networks,Computer Networks,Computer Networks,False,canonical form
CSE_Dataset::80,Computer Organization and Architecture,Computer Organization and Architecture,Computer Organization and Architecture,False,canonical form
CSE_Dataset::81,Data Structures and Algorithms,Searching,Algorithms,True,majority topics (graph algo/sort/search/hash) are algorithmic
CSE_Dataset::82,Programming Fundamentals,Programming Fundamentals,Programming and Data Structures,False,all 9 records are Programming Fundamentals topic
CSE_Dataset::83,Computer Networks,Computer Networks,Computer Networks,False,canonical form
CSE_Dataset::84,Databases,Databases,Databases,False,canonical form
CSE_Dataset::85,Data Structures and Algorithms,Data Structures,Algorithms,True,majority topics (graph algo/sort/search/hash) are algorithmic
CSE_Dataset::86,Programming Fundamentals,Programming Fundamentals,Programming and Data Structures,False,all 9 records are Programming Fundamentals topic
CSE_Dataset::87,Data Structures and Algorithms,Advanced Data Structures,Algorithms,True,majority topics (graph algo/sort/search/hash) are algorithmic
CSE_Dataset::88,Computer Networks,Computer Networks,Computer Networks,False,canonical form
CSE_Dataset::89,Programming Fundamentals,Programming Fundamentals,Programming and Data Structures,False,all 9 records are Programming Fundamentals topic
CSE_Dataset::90,Programming Fundamentals,Programming Fundamentals,Programming and Data Structures,False,all 9 records are Programming Fundamentals topic
CSE_Dataset::91,Machine Learning,Machine Learning,Artificial Intelligence,False,"merged into Artificial Intelligence (small bucket, closely related GATE DA topic)"
CSE_Dataset::92,Computer Organization and Architecture,Computer Organization and Architecture,Computer Organization and Architecture,False,canonical form
CSE_Dataset::93,Programming Fundamentals,Programming Fundamentals,Programming and Data Structures,False,all 9 records are Programming Fundamentals topic
CSE_Dataset::94,Operating Systems,Operating Systems,Operating Systems,False,canonical form
CSE_Dataset::95,Programming Fundamentals,Programming Fundamentals,Programming and Data Structures,False,all 9 records are Programming Fundamentals topic
CSE_Dataset::96,Databases,Databases,Databases,False,canonical form
CSE_Dataset::97,Programming Fundamentals,Programming Fundamentals,Programming and Data Structures,False,all 9 records are Programming Fundamentals topic
CSE_Dataset::98,Computer Networks,Computer Networks,Computer Networks,False,canonical form
CSE_Dataset::99,Programming Fundamentals,Programming Fundamentals,Programming and Data Structures,False,all 9 records are Programming Fundamentals topic
CSE_Dataset::100,Machine Learning,Machine Learning,Artificial Intelligence,False,"merged into Artificial Intelligence (small bucket, closely related GATE DA topic)"
CSE_Dataset::101,Data Structures and Algorithms,Graph Algorithms,Algorithms,True,majority topics (graph algo/sort/search/hash) are algorithmic
CSE_Dataset::102,Computer Organization and Architecture,Computer Organization and Architecture,Computer Organization and Architecture,False,canonical form
CSE_Dataset::103,Databases,Databases,Databases,False,canonical form
LogicalReasoning::1,Quantitative Aptitude,Logical Reasoning,General Aptitude,False,already a topic inside General Aptitude (n=605)
LogicalReasoning::2,Quantitative Aptitude,Logical Reasoning,General Aptitude,False,already a topic inside General Aptitude (n=605)
LogicalReasoning::3,Quantitative Aptitude,Logical Reasoning,General Aptitude,False,already a topic inside General Aptitude (n=605)
LogicalReasoning::4,Quantitative Aptitude,Logical Reasoning,General Aptitude,False,already a topic inside General Aptitude (n=605)
LogicalReasoning::5,Quantitative Aptitude,Logical Reasoning,General Aptitude,False,already a topic inside General Aptitude (n=605)
LogicalReasoning::6,Quantitative Aptitude,Logical Reasoning,General Aptitude,False,already a topic inside General Aptitude (n=605)
LogicalReasoning::7,Quantitative Aptitude,Logical Reasoning,General Aptitude,False,already a topic inside General Aptitude (n=605)
LogicalReasoning::8,Quantitative Aptitude,Logical Reasoning,General Aptitude,False,already a topic inside General Aptitude (n=605)
LogicalReasoning::9,Quantitative Aptitude,Logical Reasoning,General Aptitude,False,already a topic inside General Aptitude (n=605)
LogicalReasoning::10,Quantitative Aptitude,Logical Reasoning,General Aptitude,False,already a topic inside General Aptitude (n=605)
LogicalReasoning::11,Quantitative Aptitude,Logical Reasoning,General Aptitude,False,already a topic inside General Aptitude (n=605)
LogicalReasoning::12,Quantitative Aptitude,Logical Reasoning,General Aptitude,False,already a topic inside General Aptitude (n=605)
LogicalReasoning::13,Quantitative Aptitude,Logical Reasoning,General Aptitude,False,already a topic inside General Aptitude (n=605)
LogicalReasoning::14,Quantitative Aptitude,Logical Reasoning,General Aptitude,False,already a topic inside General Aptitude (n=605)
LogicalReasoning::15,Quantitative Aptitude,Logical Reasoning,General Aptitude,False,already a topic inside General Aptitude (n=605)
LogicalReasoning::16,Quantitative Aptitude,Logical Reasoning,General Aptitude,False,already a topic inside General Aptitude (n=605)
LogicalReasoning::17,Quantitative Aptitude,Logical Reasoning,General Aptitude,False,already a topic inside General Aptitude (n=605)
LogicalReasoning::18,Quantitative Aptitude,Logical Reasoning,General Aptitude,False,already a topic inside General Aptitude (n=605)
LogicalReasoning::19,Quantitative Aptitude,Logical Reasoning,General Aptitude,False,already a topic inside General Aptitude (n=605)
LogicalReasoning::20,Quantitative Aptitude,Logical Reasoning,General Aptitude,False,already a topic inside General Aptitude (n=605)
LogicalReasoning::21,Quantitative Aptitude,Logical Reasoning,General Aptitude,False,already a topic inside General Aptitude (n=605)
LogicalReasoning::22,Quantitative Aptitude,Logical Reasoning,General Aptitude,False,already a topic inside General Aptitude (n=605)
LogicalReasoning::23,Quantitative Aptitude,Logical Reasoning,General Aptitude,False,already a topic inside General Aptitude (n=605)
LogicalReasoning::24,Quantitative Aptitude,Logical Reasoning,General Aptitude,False,already a topic inside General Aptitude (n=605)
LogicalReasoning::25,Quantitative Aptitude,Logical Reasoning,General Aptitude,False,already a topic inside General Aptitude (n=605)
LogicalReasoning::26,Quantitative Aptitude,Logical Reasoning,General Aptitude,False,already a topic inside General Aptitude (n=605)
LogicalReasoning::27,Quantitative Aptitude,Logical Reasoning,General Aptitude,False,already a topic inside General Aptitude (n=605)
LogicalReasoning::28,Quantitative Aptitude,Logical Reasoning,General Aptitude,False,already a topic inside General Aptitude (n=605)
LogicalReasoning::29,Quantitative Aptitude,Logical Reasoning,General Aptitude,False,already a topic inside General Aptitude (n=605)
LogicalReasoning::30,Quantitative Aptitude,Logical Reasoning,General Aptitude,False,already a topic inside General Aptitude (n=605)
LogicalReasoning::31,Quantitative Aptitude,Logical Reasoning,General Aptitude,False,already a topic inside General Aptitude (n=605)
LogicalReasoning::32,Quantitative Aptitude,Logical Reasoning,General Aptitude,False,already a topic inside General Aptitude (n=605)
LogicalReasoning::33,Quantitative Aptitude,Logical Reasoning,General Aptitude,False,already a topic inside General Aptitude (n=605)
LogicalReasoning::34,Quantitative Aptitude,Logical Reasoning,General Aptitude,False,already a topic inside General Aptitude (n=605)
LogicalReasoning::35,Quantitative Aptitude,Logical Reasoning,General Aptitude,False,already a topic inside General Aptitude (n=605)
LogicalReasoning::36,Quantitative Aptitude,Logical Reasoning,General Aptitude,False,already a topic inside General Aptitude (n=605)
LogicalReasoning::37,Quantitative Aptitude,Logical Reasoning,General Aptitude,False,already a topic inside General Aptitude (n=605)
LogicalReasoning::38,Quantitative Aptitude,Logical Reasoning,General Aptitude,False,already a topic inside General Aptitude (n=605)
LogicalReasoning::39,Quantitative Aptitude,Logical Reasoning,General Aptitude,False,already a topic inside General Aptitude (n=605)
LogicalReasoning::40,Quantitative Aptitude,Logical Reasoning,General Aptitude,False,already a topic inside General Aptitude (n=605)
LogicalReasoning::41,Quantitative Aptitude,Logical Reasoning,General Aptitude,False,already a topic inside General Aptitude (n=605)
LogicalReasoning::42,Quantitative Aptitude,Logical Reasoning,General Aptitude,False,already a topic inside General Aptitude (n=605)
LogicalReasoning::43,Quantitative Aptitude,Logical Reasoning,General Aptitude,False,already a topic inside General Aptitude (n=605)
LogicalReasoning::44,Quantitative Aptitude,Logical Reasoning,General Aptitude,False,already a topic inside General Aptitude (n=605)
LogicalReasoning::45,Quantitative Aptitude,Logical Reasoning,General Aptitude,False,already a topic inside General Aptitude (n=605)
LogicalReasoning::46,Quantitative Aptitude,Logical Reasoning,General Aptitude,False,already a topic inside General Aptitude (n=605)
LogicalReasoning::47,Quantitative Aptitude,Logical Reasoning,General Aptitude,False,already a topic inside General Aptitude (n=605)
LogicalReasoning::48,Quantitative Aptitude,Logical Reasoning,General Aptitude,False,already a topic inside General Aptitude (n=605)
LogicalReasoning::49,Quantitative Aptitude,Logical Reasoning,General Aptitude,False,already a topic inside General Aptitude (n=605)
LogicalReasoning::50,Quantitative Aptitude,Logical Reasoning,General Aptitude,False,already a topic inside General Aptitude (n=605)
LogicalReasoning::51,Quantitative Aptitude,Logical Reasoning,General Aptitude,False,already a topic inside General Aptitude (n=605)
LogicalReasoning::52,Quantitative Aptitude,Logical Reasoning,General Aptitude,False,already a topic inside General Aptitude (n=605)
LogicalReasoning::53,Quantitative Aptitude,Logical Reasoning,General Aptitude,False,already a topic inside General Aptitude (n=605)
LogicalReasoning::54,Quantitative Aptitude,Logical Reasoning,General Aptitude,False,already a topic inside General Aptitude (n=605)
LogicalReasoning::55,Quantitative Aptitude,Logical Reasoning,General Aptitude,False,already a topic inside General Aptitude (n=605)
LogicalReasoning::56,Quantitative Aptitude,Logical Reasoning,General Aptitude,False,already a topic inside General Aptitude (n=605)
LogicalReasoning::57,Quantitative Aptitude,Logical Reasoning,General Aptitude,False,already a topic inside General Aptitude (n=605)
LogicalReasoning::58,Quantitative Aptitude,Logical Reasoning,General Aptitude,False,already a topic inside General Aptitude (n=605)
LogicalReasoning::59,Quantitative Aptitude,Logical Reasoning,General Aptitude,False,already a topic inside General Aptitude (n=605)
LogicalReasoning::60,Quantitative Aptitude,Logical Reasoning,General Aptitude,False,already a topic inside General Aptitude (n=605)
LogicalReasoning::61,Quantitative Aptitude,Logical Reasoning,General Aptitude,False,already a topic inside General Aptitude (n=605)
LogicalReasoning::62,Quantitative Aptitude,Logical Reasoning,General Aptitude,False,already a topic inside General Aptitude (n=605)
LogicalReasoning::63,Quantitative Aptitude,Logical Reasoning,General Aptitude,False,already a topic inside General Aptitude (n=605)
LogicalReasoning::64,Quantitative Aptitude,Logical Reasoning,General Aptitude,False,already a topic inside General Aptitude (n=605)
LogicalReasoning::65,Quantitative Aptitude,Logical Reasoning,General Aptitude,False,already a topic inside General Aptitude (n=605)
LogicalReasoning::66,Quantitative Aptitude,Logical Reasoning,General Aptitude,False,already a topic inside General Aptitude (n=605)
LogicalReasoning::67,Quantitative Aptitude,Logical Reasoning,General Aptitude,False,already a topic inside General Aptitude (n=605)
LogicalReasoning::68,Quantitative Aptitude,Logical Reasoning,General Aptitude,False,already a topic inside General Aptitude (n=605)
LogicalReasoning::69,Quantitative Aptitude,Logical Reasoning,General Aptitude,False,already a topic inside General Aptitude (n=605)
LogicalReasoning::70,Quantitative Aptitude,Logical Reasoning,General Aptitude,False,already a topic inside General Aptitude (n=605)
LogicalReasoning::71,Quantitative Aptitude,Logical Reasoning,General Aptitude,False,already a topic inside General Aptitude (n=605)
LogicalReasoning::72,Quantitative Aptitude,Logical Reasoning,General Aptitude,False,already a topic inside General Aptitude (n=605)
LogicalReasoning::73,Quantitative Aptitude,Logical Reasoning,General Aptitude,False,already a topic inside General Aptitude (n=605)
LogicalReasoning::74,Quantitative Aptitude,Logical Reasoning,General Aptitude,False,already a topic inside General Aptitude (n=605)
LogicalReasoning::75,Quantitative Aptitude,Logical Reasoning,General Aptitude,False,already a topic inside General Aptitude (n=605)
LogicalReasoning::76,Quantitative Aptitude,Logical Reasoning,General Aptitude,False,already a topic inside General Aptitude (n=605)
LogicalReasoning::77,Quantitative Aptitude,Logical Reasoning,General Aptitude,False,already a topic inside General Aptitude (n=605)
LogicalReasoning::78,Quantitative Aptitude,Logical Reasoning,General Aptitude,False,already a topic inside General Aptitude (n=605)
LogicalReasoning::79,Quantitative Aptitude,Logical Reasoning,General Aptitude,False,already a topic inside General Aptitude (n=605)
LogicalReasoning::80,Quantitative Aptitude,Logical Reasoning,General Aptitude,False,already a topic inside General Aptitude (n=605)
LogicalReasoning::81,Quantitative Aptitude,Logical Reasoning,General Aptitude,False,already a topic inside General Aptitude (n=605)
LogicalReasoning::82,Quantitative Aptitude,Logical Reasoning,General Aptitude,False,already a topic inside General Aptitude (n=605)
LogicalReasoning::83,Quantitative Aptitude,Logical Reasoning,General Aptitude,False,already a topic inside General Aptitude (n=605)
LogicalReasoning::84,Quantitative Aptitude,Logical Reasoning,General Aptitude,False,already a topic inside General Aptitude (n=605)
LogicalReasoning::85,Quantitative Aptitude,Logical Reasoning,General Aptitude,False,already a topic inside General Aptitude (n=605)
LogicalReasoning::86,Quantitative Aptitude,Logical Reasoning,General Aptitude,False,already a topic inside General Aptitude (n=605)
LogicalReasoning::87,Quantitative Aptitude,Logical Reasoning,General Aptitude,False,already a topic inside General Aptitude (n=605)
LogicalReasoning::88,Quantitative Aptitude,Logical Reasoning,General Aptitude,False,already a topic inside General Aptitude (n=605)
LogicalReasoning::89,Quantitative Aptitude,Logical Reasoning,General Aptitude,False,already a topic inside General Aptitude (n=605)
LogicalReasoning::90,Quantitative Aptitude,Logical Reasoning,General Aptitude,False,already a topic inside General Aptitude (n=605)
LogicalReasoning::91,Quantitative Aptitude,Logical Reasoning,General Aptitude,False,already a topic inside General Aptitude (n=605)
LogicalReasoning::92,Quantitative Aptitude,Logical Reasoning,General Aptitude,False,already a topic inside General Aptitude (n=605)
LogicalReasoning::93,Quantitative Aptitude,Logical Reasoning,General Aptitude,False,already a topic inside General Aptitude (n=605)
LogicalReasoning::94,Quantitative Aptitude,Logical Reasoning,General Aptitude,False,already a topic inside General Aptitude (n=605)
LogicalReasoning::95,Quantitative Aptitude,Logical Reasoning,General Aptitude,False,already a topic inside General Aptitude (n=605)
LogicalReasoning::96,Quantitative Aptitude,Logical Reasoning,General Aptitude,False,already a topic inside General Aptitude (n=605)
LogicalReasoning::97,Quantitative Aptitude,Logical Reasoning,General Aptitude,False,already a topic inside General Aptitude (n=605)
LogicalReasoning::98,Quantitative Aptitude,Logical Reasoning,General Aptitude,False,already a topic inside General Aptitude (n=605)
LogicalReasoning::99,Quantitative Aptitude,Logical Reasoning,General Aptitude,False,already a topic inside General Aptitude (n=605)
LogicalReasoning::100,Quantitative Aptitude,Logical Reasoning,General Aptitude,False,already a topic inside General Aptitude (n=605)
LogicalReasoning::101,Quantitative Aptitude,Logical Reasoning,General Aptitude,False,already a topic inside General Aptitude (n=605)
LogicalReasoning::102,Quantitative Aptitude,Logical Reasoning,General Aptitude,False,already a topic inside General Aptitude (n=605)
LogicalReasoning::103,Quantitative Aptitude,Logical Reasoning,General Aptitude,False,already a topic inside General Aptitude (n=605)
LogicalReasoning::104,Quantitative Aptitude,Logical Reasoning,General Aptitude,False,already a topic inside General Aptitude (n=605)
LogicalReasoning::105,Quantitative Aptitude,Logical Reasoning,General Aptitude,False,already a topic inside General Aptitude (n=605)
LogicalReasoning::106,Quantitative Aptitude,Logical Reasoning,General Aptitude,False,already a topic inside General Aptitude (n=605)
LogicalReasoning::107,Quantitative Aptitude,Logical Reasoning,General Aptitude,False,already a topic inside General Aptitude (n=605)
LogicalReasoning::108,Quantitative Aptitude,Logical Reasoning,General Aptitude,False,already a topic inside General Aptitude (n=605)
LogicalReasoning::109,Quantitative Aptitude,Logical Reasoning,General Aptitude,False,already a topic inside General Aptitude (n=605)
LogicalReasoning::110,Quantitative Aptitude,Logical Reasoning,General Aptitude,False,already a topic inside General Aptitude (n=605)
LogicalReasoning::111,Quantitative Aptitude,Logical Reasoning,General Aptitude,False,already a topic inside General Aptitude (n=605)
LogicalReasoning::112,Quantitative Aptitude,Logical Reasoning,General Aptitude,False,already a topic inside General Aptitude (n=605)
LogicalReasoning::113,Quantitative Aptitude,Logical Reasoning,General Aptitude,False,already a topic inside General Aptitude (n=605)
LogicalReasoning::114,Quantitative Aptitude,Logical Reasoning,General Aptitude,False,already a topic inside General Aptitude (n=605)
LogicalReasoning::115,Quantitative Aptitude,Logical Reasoning,General Aptitude,False,already a topic inside General Aptitude (n=605)
LogicalReasoning::116,Quantitative Aptitude,Logical Reasoning,General Aptitude,False,already a topic inside General Aptitude (n=605)
LogicalReasoning::117,Quantitative Aptitude,Logical Reasoning,General Aptitude,False,already a topic inside General Aptitude (n=605)
LogicalReasoning::118,Quantitative Aptitude,Logical Reasoning,General Aptitude,False,already a topic inside General Aptitude (n=605)
LogicalReasoning::119,Quantitative Aptitude,Logical Reasoning,General Aptitude,False,already a topic inside General Aptitude (n=605)
LogicalReasoning::120,Quantitative Aptitude,Logical Reasoning,General Aptitude,False,already a topic inside General Aptitude (n=605)
LogicalReasoning::121,Quantitative Aptitude,Logical Reasoning,General Aptitude,False,already a topic inside General Aptitude (n=605)
LogicalReasoning::122,Quantitative Aptitude,Logical Reasoning,General Aptitude,False,already a topic inside General Aptitude (n=605)
LogicalReasoning::123,Quantitative Aptitude,Logical Reasoning,General Aptitude,False,already a topic inside General Aptitude (n=605)
LogicalReasoning::124,Quantitative Aptitude,Logical Reasoning,General Aptitude,False,already a topic inside General Aptitude (n=605)
LogicalReasoning::125,Quantitative Aptitude,Logical Reasoning,General Aptitude,False,already a topic inside General Aptitude (n=605)
LogicalReasoning::126,Quantitative Aptitude,Logical Reasoning,General Aptitude,False,already a topic inside General Aptitude (n=605)
LogicalReasoning::127,Quantitative Aptitude,Logical Reasoning,General Aptitude,False,already a topic inside General Aptitude (n=605)
LogicalReasoning::128,Quantitative Aptitude,Logical Reasoning,General Aptitude,False,already a topic inside General Aptitude (n=605)
LogicalReasoning::129,Quantitative Aptitude,Logical Reasoning,General Aptitude,False,already a topic inside General Aptitude (n=605)
LogicalReasoning::130,Quantitative Aptitude,Logical Reasoning,General Aptitude,False,already a topic inside General Aptitude (n=605)
LogicalReasoning::131,Quantitative Aptitude,Logical Reasoning,General Aptitude,False,already a topic inside General Aptitude (n=605)
LogicalReasoning::132,Quantitative Aptitude,Logical Reasoning,General Aptitude,False,already a topic inside General Aptitude (n=605)
LogicalReasoning::133,Quantitative Aptitude,Logical Reasoning,General Aptitude,False,already a topic inside General Aptitude (n=605)
LogicalReasoning::134,Quantitative Aptitude,Logical Reasoning,General Aptitude,False,already a topic inside General Aptitude (n=605)
LogicalReasoning::135,Quantitative Aptitude,Logical Reasoning,General Aptitude,False,already a topic inside General Aptitude (n=605)
LogicalReasoning::136,Quantitative Aptitude,Logical Reasoning,General Aptitude,False,already a topic inside General Aptitude (n=605)
LogicalReasoning::137,Quantitative Aptitude,Logical Reasoning,General Aptitude,False,already a topic inside General Aptitude (n=605)
LogicalReasoning::138,Quantitative Aptitude,Logical Reasoning,General Aptitude,False,already a topic inside General Aptitude (n=605)
LogicalReasoning::139,Quantitative Aptitude,Logical Reasoning,General Aptitude,False,already a topic inside General Aptitude (n=605)
LogicalReasoning::140,Quantitative Aptitude,Logical Reasoning,General Aptitude,False,already a topic inside General Aptitude (n=605)
LogicalReasoning::141,Quantitative Aptitude,Logical Reasoning,General Aptitude,False,already a topic inside General Aptitude (n=605)
LogicalReasoning::142,Quantitative Aptitude,Logical Reasoning,General Aptitude,False,already a topic inside General Aptitude (n=605)
LogicalReasoning::143,Quantitative Aptitude,Logical Reasoning,General Aptitude,False,already a topic inside General Aptitude (n=605)
LogicalReasoning::144,Quantitative Aptitude,Logical Reasoning,General Aptitude,False,already a topic inside General Aptitude (n=605)
LogicalReasoning::145,Quantitative Aptitude,Logical Reasoning,General Aptitude,False,already a topic inside General Aptitude (n=605)
LogicalReasoning::146,Quantitative Aptitude,Logical Reasoning,General Aptitude,False,already a topic inside General Aptitude (n=605)
LogicalReasoning::147,Quantitative Aptitude,Logical Reasoning,General Aptitude,False,already a topic inside General Aptitude (n=605)
LogicalReasoning::148,Quantitative Aptitude,Logical Reasoning,General Aptitude,False,already a topic inside General Aptitude (n=605)
LogicalReasoning::149,Quantitative Aptitude,Logical Reasoning,General Aptitude,False,already a topic inside General Aptitude (n=605)
LogicalReasoning::150,Quantitative Aptitude,Logical Reasoning,General Aptitude,False,already a topic inside General Aptitude (n=605)
LogicalReasoning::151,Quantitative Aptitude,Logical Reasoning,General Aptitude,False,already a topic inside General Aptitude (n=605)
LogicalReasoning::152,Quantitative Aptitude,Logical Reasoning,General Aptitude,False,already a topic inside General Aptitude (n=605)
LogicalReasoning::153,Quantitative Aptitude,Logical Reasoning,General Aptitude,False,already a topic inside General Aptitude (n=605)
LogicalReasoning::154,Quantitative Aptitude,Logical Reasoning,General Aptitude,False,already a topic inside General Aptitude (n=605)
LogicalReasoning::155,Quantitative Aptitude,Logical Reasoning,General Aptitude,False,already a topic inside General Aptitude (n=605)
LogicalReasoning::156,Quantitative Aptitude,Logical Reasoning,General Aptitude,False,already a topic inside General Aptitude (n=605)
LogicalReasoning::157,Quantitative Aptitude,Logical Reasoning,General Aptitude,False,already a topic inside General Aptitude (n=605)
LogicalReasoning::158,Quantitative Aptitude,Logical Reasoning,General Aptitude,False,already a topic inside General Aptitude (n=605)
LogicalReasoning::159,Quantitative Aptitude,Logical Reasoning,General Aptitude,False,already a topic inside General Aptitude (n=605)
LogicalReasoning::160,Quantitative Aptitude,Logical Reasoning,General Aptitude,False,already a topic inside General Aptitude (n=605)
LogicalReasoning::161,Quantitative Aptitude,Logical Reasoning,General Aptitude,False,already a topic inside General Aptitude (n=605)
LogicalReasoning::162,Quantitative Aptitude,Logical Reasoning,General Aptitude,False,already a topic inside General Aptitude (n=605)
LogicalReasoning::163,Quantitative Aptitude,Logical Reasoning,General Aptitude,False,already a topic inside General Aptitude (n=605)
LogicalReasoning::164,Quantitative Aptitude,Logical Reasoning,General Aptitude,False,already a topic inside General Aptitude (n=605)
LogicalReasoning::165,Quantitative Aptitude,Logical Reasoning,General Aptitude,False,already a topic inside General Aptitude (n=605)
LogicalReasoning::166,Quantitative Aptitude,Logical Reasoning,General Aptitude,False,already a topic inside General Aptitude (n=605)
LogicalReasoning::167,Quantitative Aptitude,Logical Reasoning,General Aptitude,False,already a topic inside General Aptitude (n=605)
LogicalReasoning::168,Quantitative Aptitude,Logical Reasoning,General Aptitude,False,already a topic inside General Aptitude (n=605)
LogicalReasoning::169,Quantitative Aptitude,Logical Reasoning,General Aptitude,False,already a topic inside General Aptitude (n=605)
LogicalReasoning::170,Quantitative Aptitude,Logical Reasoning,General Aptitude,False,already a topic inside General Aptitude (n=605)
LogicalReasoning::171,Quantitative Aptitude,Logical Reasoning,General Aptitude,False,already a topic inside General Aptitude (n=605)
LogicalReasoning::172,Quantitative Aptitude,Logical Reasoning,General Aptitude,False,already a topic inside General Aptitude (n=605)
LogicalReasoning::173,Quantitative Aptitude,Logical Reasoning,General Aptitude,False,already a topic inside General Aptitude (n=605)
LogicalReasoning::174,Quantitative Aptitude,Logical Reasoning,General Aptitude,False,already a topic inside General Aptitude (n=605)
LogicalReasoning::175,Quantitative Aptitude,Logical Reasoning,General Aptitude,False,already a topic inside General Aptitude (n=605)
LogicalReasoning::176,Quantitative Aptitude,Logical Reasoning,General Aptitude,False,already a topic inside General Aptitude (n=605)
LogicalReasoning::177,Quantitative Aptitude,Logical Reasoning,General Aptitude,False,already a topic inside General Aptitude (n=605)
LogicalReasoning::178,Quantitative Aptitude,Logical Reasoning,General Aptitude,False,already a topic inside General Aptitude (n=605)
LogicalReasoning::179,Quantitative Aptitude,Logical Reasoning,General Aptitude,False,already a topic inside General Aptitude (n=605)
LogicalReasoning::180,Quantitative Aptitude,Logical Reasoning,General Aptitude,False,already a topic inside General Aptitude (n=605)
LogicalReasoning::181,Quantitative Aptitude,Logical Reasoning,General Aptitude,False,already a topic inside General Aptitude (n=605)
LogicalReasoning::182,Quantitative Aptitude,Logical Reasoning,General Aptitude,False,already a topic inside General Aptitude (n=605)
LogicalReasoning::183,Quantitative Aptitude,Logical Reasoning,General Aptitude,False,already a topic inside General Aptitude (n=605)
LogicalReasoning::184,Quantitative Aptitude,Logical Reasoning,General Aptitude,False,already a topic inside General Aptitude (n=605)
LogicalReasoning::185,Quantitative Aptitude,Logical Reasoning,General Aptitude,False,already a topic inside General Aptitude (n=605)
LogicalReasoning::186,Quantitative Aptitude,Logical Reasoning,General Aptitude,False,already a topic inside General Aptitude (n=605)
LogicalReasoning::187,Quantitative Aptitude,Logical Reasoning,General Aptitude,False,already a topic inside General Aptitude (n=605)
LogicalReasoning::188,Quantitative Aptitude,Logical Reasoning,General Aptitude,False,already a topic inside General Aptitude (n=605)
LogicalReasoning::189,Quantitative Aptitude,Logical Reasoning,General Aptitude,False,already a topic inside General Aptitude (n=605)
LogicalReasoning::190,Quantitative Aptitude,Logical Reasoning,General Aptitude,False,already a topic inside General Aptitude (n=605)
LogicalReasoning::191,Quantitative Aptitude,Logical Reasoning,General Aptitude,False,already a topic inside General Aptitude (n=605)
LogicalReasoning::192,Quantitative Aptitude,Logical Reasoning,General Aptitude,False,already a topic inside General Aptitude (n=605)
LogicalReasoning::193,Quantitative Aptitude,Logical Reasoning,General Aptitude,False,already a topic inside General Aptitude (n=605)
LogicalReasoning::194,Quantitative Aptitude,Logical Reasoning,General Aptitude,False,already a topic inside General Aptitude (n=605)
LogicalReasoning::195,Quantitative Aptitude,Logical Reasoning,General Aptitude,False,already a topic inside General Aptitude (n=605)
LogicalReasoning::196,Quantitative Aptitude,Logical Reasoning,General Aptitude,False,already a topic inside General Aptitude (n=605)
LogicalReasoning::197,Quantitative Aptitude,Logical Reasoning,General Aptitude,False,already a topic inside General Aptitude (n=605)
LogicalReasoning::198,Quantitative Aptitude,Logical Reasoning,General Aptitude,False,already a topic inside General Aptitude (n=605)
LogicalReasoning::199,Quantitative Aptitude,Logical Reasoning,General Aptitude,False,already a topic inside General Aptitude (n=605)
LogicalReasoning::200,Quantitative Aptitude,Logical Reasoning,General Aptitude,False,already a topic inside General Aptitude (n=605)
LogicalReasoning::201,Quantitative Aptitude,Logical Reasoning,General Aptitude,False,already a topic inside General Aptitude (n=605)
LogicalReasoning::202,Quantitative Aptitude,Logical Reasoning,General Aptitude,False,already a topic inside General Aptitude (n=605)
LogicalReasoning::203,Quantitative Aptitude,Logical Reasoning,General Aptitude,False,already a topic inside General Aptitude (n=605)
LogicalReasoning::204,Quantitative Aptitude,Logical Reasoning,General Aptitude,False,already a topic inside General Aptitude (n=605)
LogicalReasoning::205,Quantitative Aptitude,Logical Reasoning,General Aptitude,False,already a topic inside General Aptitude (n=605)
LogicalReasoning::206,Quantitative Aptitude,Logical Reasoning,General Aptitude,False,already a topic inside General Aptitude (n=605)
LogicalReasoning::207,Quantitative Aptitude,Logical Reasoning,General Aptitude,False,already a topic inside General Aptitude (n=605)
LogicalReasoning::208,Quantitative Aptitude,Logical Reasoning,General Aptitude,False,already a topic inside General Aptitude (n=605)
LogicalReasoning::209,Quantitative Aptitude,Logical Reasoning,General Aptitude,False,already a topic inside General Aptitude (n=605)
LogicalReasoning::210,Quantitative Aptitude,Logical Reasoning,General Aptitude,False,already a topic inside General Aptitude (n=605)
LogicalReasoning::211,Quantitative Aptitude,Logical Reasoning,General Aptitude,False,already a topic inside General Aptitude (n=605)
LogicalReasoning::212,Quantitative Aptitude,Logical Reasoning,General Aptitude,False,already a topic inside General Aptitude (n=605)
LogicalReasoning::213,Quantitative Aptitude,Logical Reasoning,General Aptitude,False,already a topic inside General Aptitude (n=605)
LogicalReasoning::214,Quantitative Aptitude,Logical Reasoning,General Aptitude,False,already a topic inside General Aptitude (n=605)
LogicalReasoning::215,Quantitative Aptitude,Logical Reasoning,General Aptitude,False,already a topic inside General Aptitude (n=605)
LogicalReasoning::216,Quantitative Aptitude,Logical Reasoning,General Aptitude,False,already a topic inside General Aptitude (n=605)
LogicalReasoning::217,Quantitative Aptitude,Logical Reasoning,General Aptitude,False,already a topic inside General Aptitude (n=605)
LogicalReasoning::218,Quantitative Aptitude,Logical Reasoning,General Aptitude,False,already a topic inside General Aptitude (n=605)
LogicalReasoning::219,Quantitative Aptitude,Logical Reasoning,General Aptitude,False,already a topic inside General Aptitude (n=605)
LogicalReasoning::220,Quantitative Aptitude,Logical Reasoning,General Aptitude,False,already a topic inside General Aptitude (n=605)
LogicalReasoning::221,Quantitative Aptitude,Logical Reasoning,General Aptitude,False,already a topic inside General Aptitude (n=605)
LogicalReasoning::222,Quantitative Aptitude,Logical Reasoning,General Aptitude,False,already a topic inside General Aptitude (n=605)
LogicalReasoning::223,Quantitative Aptitude,Logical Reasoning,General Aptitude,False,already a topic inside General Aptitude (n=605)
LogicalReasoning::224,Quantitative Aptitude,Logical Reasoning,General Aptitude,False,already a topic inside General Aptitude (n=605)
LogicalReasoning::225,Quantitative Aptitude,Logical Reasoning,General Aptitude,False,already a topic inside General Aptitude (n=605)
LogicalReasoning::226,Quantitative Aptitude,Logical Reasoning,General Aptitude,False,already a topic inside General Aptitude (n=605)
LogicalReasoning::227,Quantitative Aptitude,Logical Reasoning,General Aptitude,False,already a topic inside General Aptitude (n=605)
LogicalReasoning::228,Quantitative Aptitude,Logical Reasoning,General Aptitude,False,already a topic inside General Aptitude (n=605)
LogicalReasoning::229,Quantitative Aptitude,Logical Reasoning,General Aptitude,False,already a topic inside General Aptitude (n=605)
LogicalReasoning::230,Quantitative Aptitude,Logical Reasoning,General Aptitude,False,already a topic inside General Aptitude (n=605)
LogicalReasoning::231,Quantitative Aptitude,Logical Reasoning,General Aptitude,False,already a topic inside General Aptitude (n=605)
LogicalReasoning::232,Quantitative Aptitude,Logical Reasoning,General Aptitude,False,already a topic inside General Aptitude (n=605)
LogicalReasoning::233,Quantitative Aptitude,Logical Reasoning,General Aptitude,False,already a topic inside General Aptitude (n=605)
LogicalReasoning::234,Quantitative Aptitude,Logical Reasoning,General Aptitude,False,already a topic inside General Aptitude (n=605)
LogicalReasoning::235,Quantitative Aptitude,Logical Reasoning,General Aptitude,False,already a topic inside General Aptitude (n=605)
LogicalReasoning::236,Quantitative Aptitude,Logical Reasoning,General Aptitude,False,already a topic inside General Aptitude (n=605)
LogicalReasoning::237,Quantitative Aptitude,Logical Reasoning,General Aptitude,False,already a topic inside General Aptitude (n=605)
LogicalReasoning::238,Quantitative Aptitude,Logical Reasoning,General Aptitude,False,already a topic inside General Aptitude (n=605)
LogicalReasoning::239,Quantitative Aptitude,Logical Reasoning,General Aptitude,False,already a topic inside General Aptitude (n=605)
LogicalReasoning::240,Quantitative Aptitude,Logical Reasoning,General Aptitude,False,already a topic inside General Aptitude (n=605)
LogicalReasoning::241,Quantitative Aptitude,Logical Reasoning,General Aptitude,False,already a topic inside General Aptitude (n=605)
LogicalReasoning::242,Quantitative Aptitude,Logical Reasoning,General Aptitude,False,already a topic inside General Aptitude (n=605)
LogicalReasoning::243,Quantitative Aptitude,Logical Reasoning,General Aptitude,False,already a topic inside General Aptitude (n=605)
LogicalReasoning::244,Quantitative Aptitude,Logical Reasoning,General Aptitude,False,already a topic inside General Aptitude (n=605)
LogicalReasoning::245,Quantitative Aptitude,Logical Reasoning,General Aptitude,False,already a topic inside General Aptitude (n=605)
LogicalReasoning::246,Quantitative Aptitude,Logical Reasoning,General Aptitude,False,already a topic inside General Aptitude (n=605)
LogicalReasoning::247,Quantitative Aptitude,Logical Reasoning,General Aptitude,False,already a topic inside General Aptitude (n=605)
LogicalReasoning::248,Quantitative Aptitude,Logical Reasoning,General Aptitude,False,already a topic inside General Aptitude (n=605)
LogicalReasoning::249,Quantitative Aptitude,Logical Reasoning,General Aptitude,False,already a topic inside General Aptitude (n=605)
LogicalReasoning::250,Quantitative Aptitude,Logical Reasoning,General Aptitude,False,already a topic inside General Aptitude (n=605)
LogicalReasoning::251,Quantitative Aptitude,Logical Reasoning,General Aptitude,False,already a topic inside General Aptitude (n=605)
LogicalReasoning::252,Quantitative Aptitude,Logical Reasoning,General Aptitude,False,already a topic inside General Aptitude (n=605)
LogicalReasoning::253,Quantitative Aptitude,Logical Reasoning,General Aptitude,False,already a topic inside General Aptitude (n=605)
LogicalReasoning::254,Quantitative Aptitude,Logical Reasoning,General Aptitude,False,already a topic inside General Aptitude (n=605)
LogicalReasoning::255,Quantitative Aptitude,Logical Reasoning,General Aptitude,False,already a topic inside General Aptitude (n=605)
LogicalReasoning::256,Quantitative Aptitude,Logical Reasoning,General Aptitude,False,already a topic inside General Aptitude (n=605)
LogicalReasoning::257,Quantitative Aptitude,Logical Reasoning,General Aptitude,False,already a topic inside General Aptitude (n=605)
LogicalReasoning::258,Quantitative Aptitude,Logical Reasoning,General Aptitude,False,already a topic inside General Aptitude (n=605)
LogicalReasoning::259,Quantitative Aptitude,Logical Reasoning,General Aptitude,False,already a topic inside General Aptitude (n=605)
LogicalReasoning::260,Quantitative Aptitude,Logical Reasoning,General Aptitude,False,already a topic inside General Aptitude (n=605)
LogicalReasoning::261,Quantitative Aptitude,Logical Reasoning,General Aptitude,False,already a topic inside General Aptitude (n=605)
LogicalReasoning::262,Quantitative Aptitude,Logical Reasoning,General Aptitude,False,already a topic inside General Aptitude (n=605)
LogicalReasoning::263,Quantitative Aptitude,Logical Reasoning,General Aptitude,False,already a topic inside General Aptitude (n=605)
LogicalReasoning::264,Quantitative Aptitude,Logical Reasoning,General Aptitude,False,already a topic inside General Aptitude (n=605)
LogicalReasoning::265,Quantitative Aptitude,Logical Reasoning,General Aptitude,False,already a topic inside General Aptitude (n=605)
LogicalReasoning::266,Quantitative Aptitude,Logical Reasoning,General Aptitude,False,already a topic inside General Aptitude (n=605)
LogicalReasoning::267,Quantitative Aptitude,Logical Reasoning,General Aptitude,False,already a topic inside General Aptitude (n=605)
LogicalReasoning::268,Quantitative Aptitude,Logical Reasoning,General Aptitude,False,already a topic inside General Aptitude (n=605)
LogicalReasoning::269,Quantitative Aptitude,Logical Reasoning,General Aptitude,False,already a topic inside General Aptitude (n=605)
LogicalReasoning::270,Quantitative Aptitude,Logical Reasoning,General Aptitude,False,already a topic inside General Aptitude (n=605)
LogicalReasoning::271,Quantitative Aptitude,Logical Reasoning,General Aptitude,False,already a topic inside General Aptitude (n=605)
LogicalReasoning::272,Quantitative Aptitude,Logical Reasoning,General Aptitude,False,already a topic inside General Aptitude (n=605)
LogicalReasoning::273,Quantitative Aptitude,Logical Reasoning,General Aptitude,False,already a topic inside General Aptitude (n=605)
LogicalReasoning::274,Quantitative Aptitude,Logical Reasoning,General Aptitude,False,already a topic inside General Aptitude (n=605)
LogicalReasoning::275,Quantitative Aptitude,Logical Reasoning,General Aptitude,False,already a topic inside General Aptitude (n=605)
LogicalReasoning::276,Quantitative Aptitude,Logical Reasoning,General Aptitude,False,already a topic inside General Aptitude (n=605)
LogicalReasoning::277,Quantitative Aptitude,Logical Reasoning,General Aptitude,False,already a topic inside General Aptitude (n=605)
LogicalReasoning::278,Quantitative Aptitude,Logical Reasoning,General Aptitude,False,already a topic inside General Aptitude (n=605)
LogicalReasoning::279,Quantitative Aptitude,Logical Reasoning,General Aptitude,False,already a topic inside General Aptitude (n=605)
LogicalReasoning::280,Quantitative Aptitude,Logical Reasoning,General Aptitude,False,already a topic inside General Aptitude (n=605)
LogicalReasoning::281,Quantitative Aptitude,Logical Reasoning,General Aptitude,False,already a topic inside General Aptitude (n=605)
LogicalReasoning::282,Quantitative Aptitude,Logical Reasoning,General Aptitude,False,already a topic inside General Aptitude (n=605)
LogicalReasoning::283,Quantitative Aptitude,Logical Reasoning,General Aptitude,False,already a topic inside General Aptitude (n=605)
LogicalReasoning::284,Quantitative Aptitude,Logical Reasoning,General Aptitude,False,already a topic inside General Aptitude (n=605)
LogicalReasoning::285,Quantitative Aptitude,Logical Reasoning,General Aptitude,False,already a topic inside General Aptitude (n=605)
LogicalReasoning::286,Quantitative Aptitude,Logical Reasoning,General Aptitude,False,already a topic inside General Aptitude (n=605)
LogicalReasoning::287,Quantitative Aptitude,Logical Reasoning,General Aptitude,False,already a topic inside General Aptitude (n=605)
LogicalReasoning::288,Quantitative Aptitude,Logical Reasoning,General Aptitude,False,already a topic inside General Aptitude (n=605)
LogicalReasoning::289,Quantitative Aptitude,Logical Reasoning,General Aptitude,False,already a topic inside General Aptitude (n=605)
LogicalReasoning::290,Quantitative Aptitude,Logical Reasoning,General Aptitude,False,already a topic inside General Aptitude (n=605)
LogicalReasoning::291,Quantitative Aptitude,Logical Reasoning,General Aptitude,False,already a topic inside General Aptitude (n=605)
LogicalReasoning::292,Quantitative Aptitude,Logical Reasoning,General Aptitude,False,already a topic inside General Aptitude (n=605)
LogicalReasoning::293,Quantitative Aptitude,Logical Reasoning,General Aptitude,False,already a topic inside General Aptitude (n=605)
LogicalReasoning::294,Quantitative Aptitude,Logical Reasoning,General Aptitude,False,already a topic inside General Aptitude (n=605)
LogicalReasoning::295,Quantitative Aptitude,Logical Reasoning,General Aptitude,False,already a topic inside General Aptitude (n=605)
LogicalReasoning::296,Quantitative Aptitude,Logical Reasoning,General Aptitude,False,already a topic inside General Aptitude (n=605)
LogicalReasoning::297,Quantitative Aptitude,Logical Reasoning,General Aptitude,False,already a topic inside General Aptitude (n=605)
LogicalReasoning::298,Quantitative Aptitude,Logical Reasoning,General Aptitude,False,already a topic inside General Aptitude (n=605)
LogicalReasoning::299,Quantitative Aptitude,Logical Reasoning,General Aptitude,False,already a topic inside General Aptitude (n=605)
LogicalReasoning::300,Quantitative Aptitude,Logical Reasoning,General Aptitude,False,already a topic inside General Aptitude (n=605)
LogicalReasoning::301,Quantitative Aptitude,Logical Reasoning,General Aptitude,False,already a topic inside General Aptitude (n=605)
LogicalReasoning::302,Quantitative Aptitude,Logical Reasoning,General Aptitude,False,already a topic inside General Aptitude (n=605)
LogicalReasoning::303,Quantitative Aptitude,Logical Reasoning,General Aptitude,False,already a topic inside General Aptitude (n=605)
cse_dataset::83,Databases,Transaction Management,Databases,False,canonical form
cse_dataset::97,Computer Networks,Network Layer,Computer Networks,False,canonical form
da::1.0.1,Programming and Data Structure,algorithms,Programming and Data Structures,False,case/pluralization dupe
da::1.0.2,Programming and Data Structure,algorithms,Programming and Data Structures,False,case/pluralization dupe
da::1.0.3,Programming and Data Structure,algorithms,Programming and Data Structures,False,case/pluralization dupe
da::1.0.4,Programming and Data Structure,algorithms,Programming and Data Structures,False,case/pluralization dupe
da::1.0.5,Programming and Data Structure,algorithms,Programming and Data Structures,False,case/pluralization dupe
da::1.0.6,Artificial Intelligence,artificial-intelligence,Artificial Intelligence,False,canonical form (GATE DA)
da::1.0.7,Artificial Intelligence,artificial-intelligence,Artificial Intelligence,False,canonical form (GATE DA)
da::1.1.1,Programming and Data Structure,algorithms,Programming and Data Structures,False,case/pluralization dupe
da::1.2.3,Programming and Data Structure,algorithms,Programming and Data Structures,False,case/pluralization dupe
da::1.2.4,Programming and Data Structure,algorithms,Programming and Data Structures,False,case/pluralization dupe
da::1.2.5,Programming and Data Structure,algorithms,Programming and Data Structures,False,case/pluralization dupe
da::1.2.6,Programming and Data Structure,algorithms,Programming and Data Structures,False,case/pluralization dupe
da::1.2.7,Programming and Data Structure,algorithms,Programming and Data Structures,False,case/pluralization dupe
da::1.2.8,Programming and Data Structure,algorithms,Programming and Data Structures,False,case/pluralization dupe
da::1.2.9,Programming and Data Structure,recurrence-relation,Programming and Data Structures,False,case/pluralization dupe
da::1.2.10,Programming and Data Structure,asymptotic-notations,Programming and Data Structures,False,case/pluralization dupe
da::1.2.11,Artificial Intelligence,artificial-intelligence,Artificial Intelligence,False,canonical form (GATE DA)
da::1.2.12,Programming and Data Structure,sorting,Programming and Data Structures,False,case/pluralization dupe
da::1.2.13,Programming and Data Structure,sorting,Programming and Data Structures,False,case/pluralization dupe
da::1.2.14,Programming and Data Structure,data-structures,Programming and Data Structures,False,case/pluralization dupe
da::1.2.15,Programming and Data Structure,sorting,Programming and Data Structures,False,case/pluralization dupe
da::1.2.16,Programming and Data Structure,recurrence-relation,Programming and Data Structures,False,case/pluralization dupe
da::1.2.17,Programming and Data Structure,recurrence-relation,Programming and Data Structures,False,case/pluralization dupe
da::1.3.2,Programming and Data Structure,algorithms,Programming and Data Structures,False,case/pluralization dupe
da::1.3.3,Programming and Data Structure,algorithms,Programming and Data Structures,False,case/pluralization dupe
da::1.3.4,Programming and Data Structure,algorithms,Programming and Data Structures,False,case/pluralization dupe
da::1.3.5,Programming and Data Structure,algorithms,Programming and Data Structures,False,case/pluralization dupe
da::1.3.6,Programming and Data Structure,algorithms,Programming and Data Structures,False,case/pluralization dupe
da::1.3.7,Programming and Data Structure,algorithms,Programming and Data Structures,False,case/pluralization dupe
da::1.3.8,Programming and Data Structure,algorithms,Programming and Data Structures,False,case/pluralization dupe
da::1.3.9,Programming and Data Structure,algorithms,Programming and Data Structures,False,case/pluralization dupe
da::1.3.10,Programming and Data Structure,algorithms,Programming and Data Structures,False,case/pluralization dupe
da::1.4.1,Programming and Data Structure,algorithm-efficiency,Programming and Data Structures,False,case/pluralization dupe
da::1.5.1,Programming and Data Structure,data-structures,Programming and Data Structures,False,case/pluralization dupe
da::1.5.2,Programming and Data Structure,algorithms,Programming and Data Structures,False,case/pluralization dupe
da::1.6.1,Artificial Intelligence,artificial-intelligence,Artificial Intelligence,False,canonical form (GATE DA)
da::1.6.2,Artificial Intelligence,artificial-intelligence,Artificial Intelligence,False,canonical form (GATE DA)
da::1.6.3,Artificial Intelligence,artificial-intelligence,Artificial Intelligence,False,canonical form (GATE DA)
da::1.7.1,Programming and Data Structure,algorithms,Programming and Data Structures,False,case/pluralization dupe
da::1.7.2,Programming and Data Structure,algorithms,Programming and Data Structures,False,case/pluralization dupe
da::1.7.3,Programming and Data Structure,algorithms,Programming and Data Structures,False,case/pluralization dupe
da::1.7.4,Programming and Data Structure,algorithms,Programming and Data Structures,False,case/pluralization dupe
da::1.7.5,Programming and Data Structure,algorithms,Programming and Data Structures,False,case/pluralization dupe
da::1.7.6,Programming and Data Structure,algorithms,Programming and Data Structures,False,case/pluralization dupe
da::1.7.7,Programming and Data Structure,algorithms,Programming and Data Structures,False,case/pluralization dupe
da::1.7.8,Programming and Data Structure,algorithms,Programming and Data Structures,False,case/pluralization dupe
da::1.7.9,Programming and Data Structure,algorithms,Programming and Data Structures,False,case/pluralization dupe
da::1.7.10,Programming and Data Structure,algorithms,Programming and Data Structures,False,case/pluralization dupe
da::1.7.11,Programming and Data Structure,algorithms,Programming and Data Structures,False,case/pluralization dupe
da::1.7.12,Programming and Data Structure,algorithms,Programming and Data Structures,False,case/pluralization dupe
da::1.7.13,Programming and Data Structure,algorithms,Programming and Data Structures,False,case/pluralization dupe
da::1.7.14,Programming and Data Structure,algorithms,Programming and Data Structures,False,case/pluralization dupe
da::1.7.15,Programming and Data Structure,algorithms,Programming and Data Structures,False,case/pluralization dupe
da::1.7.16,Programming and Data Structure,algorithms,Programming and Data Structures,False,case/pluralization dupe
da::1.7.17,Programming and Data Structure,algorithms,Programming and Data Structures,False,case/pluralization dupe
da::1.7.18,Programming and Data Structure,algorithms,Programming and Data Structures,False,case/pluralization dupe
da::1.7.19,Programming and Data Structure,algorithms,Programming and Data Structures,False,case/pluralization dupe
da::1.7.20,Programming and Data Structure,algorithms,Programming and Data Structures,False,case/pluralization dupe
da::1.7.21,Programming and Data Structure,algorithms,Programming and Data Structures,False,case/pluralization dupe
da::1.7.22,Programming and Data Structure,algorithms,Programming and Data Structures,False,case/pluralization dupe
da::1.7.23,Programming and Data Structure,algorithms,Programming and Data Structures,False,case/pluralization dupe
da::1.7.24,Programming and Data Structure,algorithms,Programming and Data Structures,False,case/pluralization dupe
da::1.7.25,Programming and Data Structure,algorithms,Programming and Data Structures,False,case/pluralization dupe
da::1.7.26,Programming and Data Structure,algorithms,Programming and Data Structures,False,case/pluralization dupe
da::1.7.27,Programming and Data Structure,algorithms,Programming and Data Structures,False,case/pluralization dupe
da::1.7.28,Programming and Data Structure,algorithms,Programming and Data Structures,False,case/pluralization dupe
da::1.7.29,Programming and Data Structure,algorithms,Programming and Data Structures,False,case/pluralization dupe
da::1.8.1,Programming and Data Structure,data-structures,Programming and Data Structures,False,case/pluralization dupe
da::1.8.2,Programming and Data Structure,data-structures,Programming and Data Structures,False,case/pluralization dupe
da::1.9.1,Programming and Data Structure,algorithms,Programming and Data Structures,False,case/pluralization dupe
da::1.9.2,Programming and Data Structure,algorithms,Programming and Data Structures,False,case/pluralization dupe
da::1.9.3,Programming and Data Structure,algorithms,Programming and Data Structures,False,case/pluralization dupe
da::1.10.1,Programming and Data Structure,algorithms,Programming and Data Structures,False,case/pluralization dupe
da::1.10.2,Programming and Data Structure,algorithms,Programming and Data Structures,False,case/pluralization dupe
da::1.11.1,Programming and Data Structure,algorithms,Programming and Data Structures,False,case/pluralization dupe
da::1.11.2,Programming and Data Structure,algorithms,Programming and Data Structures,False,case/pluralization dupe
da::1.11.3,Programming and Data Structure,algorithms,Programming and Data Structures,False,case/pluralization dupe
da::1.12.1,Programming and Data Structure,algorithms,Programming and Data Structures,False,case/pluralization dupe
da::1.13.1,Programming and Data Structure,data-structures,Programming and Data Structures,False,case/pluralization dupe
da::1.13.2,Programming and Data Structure,data-structures,Programming and Data Structures,False,case/pluralization dupe
da::1.13.3,Programming and Data Structure,data-structures,Programming and Data Structures,False,case/pluralization dupe
da::1.13.4,Programming and Data Structure,data-structures,Programming and Data Structures,False,case/pluralization dupe
da::1.13.5,Programming and Data Structure,data-structures,Programming and Data Structures,False,case/pluralization dupe
da::1.13.6,Programming and Data Structure,data-structures,Programming and Data Structures,False,case/pluralization dupe
da::1.14.1,Programming and Data Structure,algorithms,Programming and Data Structures,False,case/pluralization dupe
da::1.16.1,Programming and Data Structure,cryptography,Programming and Data Structures,False,case/pluralization dupe
da::1.16.2,Programming and Data Structure,cryptography,Programming and Data Structures,False,case/pluralization dupe
da::1.16.3,Programming and Data Structure,cryptography,Programming and Data Structures,False,case/pluralization dupe
da::1.17.1,Programming and Data Structure,algorithms,Programming and Data Structures,False,case/pluralization dupe
da::1.18.1,Programming and Data Structure,algorithms,Programming and Data Structures,False,case/pluralization dupe
da::1.19.1,Programming and Data Structure,algorithms,Programming and Data Structures,False,case/pluralization dupe
da::1.19.4,Programming and Data Structure,algorithms,Programming and Data Structures,False,case/pluralization dupe
da::1.19.5,Programming and Data Structure,algorithms,Programming and Data Structures,False,case/pluralization dupe
da::1.20.3,Programming and Data Structure,algorithms,Programming and Data Structures,False,case/pluralization dupe
da::1.20.4,Programming and Data Structure,algorithms,Programming and Data Structures,False,case/pluralization dupe
da::1.20.7,Programming and Data Structure,algorithms,Programming and Data Structures,False,case/pluralization dupe
da::1.20.8,Programming and Data Structure,algorithms,Programming and Data Structures,False,case/pluralization dupe
da::1.21.1,Programming and Data Structure,algorithms,Programming and Data Structures,False,case/pluralization dupe
da::1.22.1,Programming and Data Structure,algorithms,Programming and Data Structures,False,case/pluralization dupe
da::1.22.2,Programming and Data Structure,algorithms,Programming and Data Structures,False,case/pluralization dupe
da::1.23.1,Programming and Data Structure,algorithms,Programming and Data Structures,False,case/pluralization dupe
da::1.23.2,Programming and Data Structure,algorithms,Programming and Data Structures,False,case/pluralization dupe
da::1.23.3,Programming and Data Structure,algorithms,Programming and Data Structures,False,case/pluralization dupe
da::1.23.4,Programming and Data Structure,algorithms,Programming and Data Structures,False,case/pluralization dupe
da::1.23.5,Programming and Data Structure,algorithms,Programming and Data Structures,False,case/pluralization dupe
da::1.23.6,Programming and Data Structure,algorithms,Programming and Data Structures,False,case/pluralization dupe
da::1.23.7,Programming and Data Structure,algorithms,Programming and Data Structures,False,case/pluralization dupe
da::1.23.8,Programming and Data Structure,algorithms,Programming and Data Structures,False,case/pluralization dupe
da::1.23.9,Programming and Data Structure,algorithms,Programming and Data Structures,False,case/pluralization dupe
da::1.23.10,Programming and Data Structure,algorithms,Programming and Data Structures,False,case/pluralization dupe
da::1.23.11,Programming and Data Structure,algorithms,Programming and Data Structures,False,case/pluralization dupe
da::1.23.12,Programming and Data Structure,algorithms,Programming and Data Structures,False,case/pluralization dupe
da::1.23.13,Programming and Data Structure,algorithms,Programming and Data Structures,False,case/pluralization dupe
da::1.24.1,Programming and Data Structure,algorithms,Programming and Data Structures,False,case/pluralization dupe
da::1.25.1,Artificial Intelligence,artificial-intelligence,Artificial Intelligence,False,canonical form (GATE DA)
da::1.26.1,Programming and Data Structure,algorithms,Programming and Data Structures,False,case/pluralization dupe
da::1.26.2,Programming and Data Structure,algorithms,Programming and Data Structures,False,case/pluralization dupe
da::1.27.2,Programming and Data Structure,algorithms,Programming and Data Structures,False,case/pluralization dupe
da::1.27.3,Programming and Data Structure,algorithms,Programming and Data Structures,False,case/pluralization dupe
da::1.27.4,Programming and Data Structure,algorithms,Programming and Data Structures,False,case/pluralization dupe
da::1.27.5,Programming and Data Structure,algorithms,Programming and Data Structures,False,case/pluralization dupe
da::1.27.6,Programming and Data Structure,algorithms,Programming and Data Structures,False,case/pluralization dupe
da::1.27.7,Programming and Data Structure,algorithms,Programming and Data Structures,False,case/pluralization dupe
da::1.27.8,Programming and Data Structure,algorithms,Programming and Data Structures,False,case/pluralization dupe
da::1.27.9,Programming and Data Structure,algorithms,Programming and Data Structures,False,case/pluralization dupe
da::1.27.10,Programming and Data Structure,algorithms,Programming and Data Structures,False,case/pluralization dupe
da::1.27.11,Programming and Data Structure,algorithms,Programming and Data Structures,False,case/pluralization dupe
da::1.27.12,Programming and Data Structure,algorithms,Programming and Data Structures,False,case/pluralization dupe
da::1.27.13,Programming and Data Structure,algorithms,Programming and Data Structures,False,case/pluralization dupe
da::1.27.14,Programming and Data Structure,algorithms,Programming and Data Structures,False,case/pluralization dupe
da::1.27.15,Programming and Data Structure,algorithms,Programming and Data Structures,False,case/pluralization dupe
da::1.28.2,Programming and Data Structure,algorithms,Programming and Data Structures,False,case/pluralization dupe
da::1.28.3,Programming and Data Structure,algorithms,Programming and Data Structures,False,case/pluralization dupe
da::1.28.4,Programming and Data Structure,algorithms,Programming and Data Structures,False,case/pluralization dupe
da::1.28.6,Programming and Data Structure,algorithms,Programming and Data Structures,False,case/pluralization dupe
da::1.28.8,Programming and Data Structure,algorithms,Programming and Data Structures,False,case/pluralization dupe
da::1.28.9,Programming and Data Structure,algorithms,Programming and Data Structures,False,case/pluralization dupe
da::1.28.12,Programming and Data Structure,algorithms,Programming and Data Structures,False,case/pluralization dupe
da::1.28.14,Programming and Data Structure,algorithms,Programming and Data Structures,False,case/pluralization dupe
da::1.28.16,Programming and Data Structure,algorithms,Programming and Data Structures,False,case/pluralization dupe
da::1.28.17,Programming and Data Structure,algorithms,Programming and Data Structures,False,case/pluralization dupe
da::1.28.19,Programming and Data Structure,algorithms,Programming and Data Structures,False,case/pluralization dupe
da::1.28.20,Programming and Data Structure,algorithms,Programming and Data Structures,False,case/pluralization dupe
da::1.28.22,Programming and Data Structure,algorithms,Programming and Data Structures,False,case/pluralization dupe
da::1.28.24,Programming and Data Structure,algorithms,Programming and Data Structures,False,case/pluralization dupe
da::1.29.1,Programming and Data Structure,algorithms,Programming and Data Structures,False,case/pluralization dupe
da::1.30.3,Programming and Data Structure,algorithms,Programming and Data Structures,False,case/pluralization dupe
da::1.30.5,Programming and Data Structure,algorithms,Programming and Data Structures,False,case/pluralization dupe
da::1.30.6,Programming and Data Structure,algorithms,Programming and Data Structures,False,case/pluralization dupe
da::1.31.2,Programming and Data Structure,algorithms,Programming and Data Structures,False,case/pluralization dupe
da::1.31.3,Programming and Data Structure,algorithms,Programming and Data Structures,False,case/pluralization dupe
da::1.31.7,Programming and Data Structure,algorithms,Programming and Data Structures,False,case/pluralization dupe
da::1.32.3,Programming and Data Structure,algorithms,Programming and Data Structures,False,case/pluralization dupe
da::1.32.4,Programming and Data Structure,algorithms,Programming and Data Structures,False,case/pluralization dupe
da::1.32.6,Programming and Data Structure,algorithms,Programming and Data Structures,False,case/pluralization dupe
da::1.32.7,Programming and Data Structure,algorithms,Programming and Data Structures,False,case/pluralization dupe
da::1.32.9,Programming and Data Structure,algorithms,Programming and Data Structures,False,case/pluralization dupe
da::1.32.10,Programming and Data Structure,algorithms,Programming and Data Structures,False,case/pluralization dupe
da::1.32.11,Programming and Data Structure,algorithms,Programming and Data Structures,False,case/pluralization dupe
da::1.32.14,Programming and Data Structure,algorithms,Programming and Data Structures,False,case/pluralization dupe
da::1.32.18,Programming and Data Structure,algorithms,Programming and Data Structures,False,case/pluralization dupe
da::1.32.21,Programming and Data Structure,algorithms,Programming and Data Structures,False,case/pluralization dupe
da::1.32.22,Programming and Data Structure,algorithms,Programming and Data Structures,False,case/pluralization dupe
da::1.32.23,Programming and Data Structure,algorithms,Programming and Data Structures,False,case/pluralization dupe
da::1.32.30,Programming and Data Structure,algorithms,Programming and Data Structures,False,case/pluralization dupe
da::1.32.34,Programming and Data Structure,algorithms,Programming and Data Structures,False,case/pluralization dupe
da::1.32.36,Programming and Data Structure,algorithms,Programming and Data Structures,False,case/pluralization dupe
da::1.32.38,Programming and Data Structure,algorithms,Programming and Data Structures,False,case/pluralization dupe
da::1.33.1,Programming and Data Structure,sorting,Programming and Data Structures,False,case/pluralization dupe
da::1.34.1,Programming and Data Structure,sorting,Programming and Data Structures,False,case/pluralization dupe
da::1.34.2,Programming and Data Structure,sorting,Programming and Data Structures,False,case/pluralization dupe
da::1.35.2,Programming and Data Structure,algorithms,Programming and Data Structures,False,case/pluralization dupe
da::1.37.1,Programming and Data Structure,algorithms,Programming and Data Structures,False,case/pluralization dupe
da::1.40.2,Programming and Data Structure,sorting,Programming and Data Structures,False,case/pluralization dupe
da::1.40.4,Programming and Data Structure,sorting,Programming and Data Structures,False,case/pluralization dupe
da::1.40.5,Programming and Data Structure,sorting,Programming and Data Structures,False,case/pluralization dupe
da::1.40.6,Programming and Data Structure,sorting,Programming and Data Structures,False,case/pluralization dupe
da::1.41.1,Programming and Data Structure,sorting,Programming and Data Structures,False,case/pluralization dupe
da::1.42.2,Programming and Data Structure,algorithms,Programming and Data Structures,False,case/pluralization dupe
da::1.42.6,Programming and Data Structure,algorithms,Programming and Data Structures,False,case/pluralization dupe
da::1.42.18,Programming and Data Structure,algorithms,Programming and Data Structures,False,case/pluralization dupe
da::1.42.37,Programming and Data Structure,algorithms,Programming and Data Structures,False,case/pluralization dupe
da::1.45.1,Programming and Data Structure,algorithms,Programming and Data Structures,False,case/pluralization dupe
da::1.47.1,Programming and Data Structure,algorithms,Programming and Data Structures,False,case/pluralization dupe
da::1.47.3,Programming and Data Structure,algorithms,Programming and Data Structures,False,case/pluralization dupe
da::1.47.6,Programming and Data Structure,algorithms,Programming and Data Structures,False,case/pluralization dupe
da::1.47.10,Programming and Data Structure,algorithms,Programming and Data Structures,False,case/pluralization dupe
da::1.53.5,Programming and Data Structure,sorting,Programming and Data Structures,False,case/pluralization dupe
da::1.54.8,Programming and Data Structure,algorithms,Programming and Data Structures,False,case/pluralization dupe
da::1.54.15,Programming and Data Structure,algorithms,Programming and Data Structures,False,case/pluralization dupe
da::1.54.20,Programming and Data Structure,algorithms,Programming and Data Structures,False,case/pluralization dupe
da::1.54.33,Programming and Data Structure,algorithms,Programming and Data Structures,False,case/pluralization dupe
da::1.54.35,Programming and Data Structures,Algorithms,Programming and Data Structures,False,canonical form
da::1.54.36,Programming and Data Structures,Algorithms,Programming and Data Structures,False,canonical form
da::1.54.37,Programming and Data Structures,Algorithms,Programming and Data Structures,False,canonical form
da::1.54.38,Programming and Data Structures,Algorithms,Programming and Data Structures,False,canonical form
da::1.54.39,Programming and Data Structures,Algorithms,Programming and Data Structures,False,canonical form
da::1.54.40,Programming and Data Structures,Algorithms,Programming and Data Structures,False,canonical form
da::1.54.41,Programming and Data Structures,Algorithms,Programming and Data Structures,False,canonical form
da::1.55.1,Programming and Data Structures,Algorithms,Programming and Data Structures,False,canonical form
da::1.55.2,Programming and Data Structures,Algorithms,Programming and Data Structures,False,canonical form
da::1.55.3,Programming and Data Structures,Algorithms,Programming and Data Structures,False,canonical form
da::1.55.4,Programming and Data Structures,Algorithms,Programming and Data Structures,False,canonical form
da::1.55.5,Programming and Data Structures,Algorithms,Programming and Data Structures,False,canonical form
da::1.55.6,Programming and Data Structures,Algorithms,Programming and Data Structures,False,canonical form
da::1.56.1,Programming and Data Structures,Algorithms,Programming and Data Structures,False,canonical form
da::1.57.1,Computer Networks,Routing,Computer Networks,False,canonical form
da::1.58.2,Programming and Data Structures,Algorithms,Programming and Data Structures,False,canonical form
da::1.58.3,Programming and Data Structures,Algorithms,Programming and Data Structures,False,canonical form
da::1.58.4,Programming and Data Structures,Algorithms,Programming and Data Structures,False,canonical form
da::1.58.5,Programming and Data Structures,Algorithms,Programming and Data Structures,False,canonical form
da::1.58.6,Programming and Data Structures,Algorithms,Programming and Data Structures,False,canonical form
da::1.58.7,Programming and Data Structures,Algorithms,Programming and Data Structures,False,canonical form
da::1.59.1,Programming and Data Structures,Dynamic Programming,Programming and Data Structures,False,canonical form
da::1.60.2,Programming and Data Structures,Algorithms,Programming and Data Structures,False,canonical form
da::1.60.3,Programming and Data Structures,Algorithms,Programming and Data Structures,False,canonical form
da::1.60.4,Programming and Data Structures,Algorithms,Programming and Data Structures,False,canonical form
da::1.60.5,Programming and Data Structures,Algorithms,Programming and Data Structures,False,canonical form
da::1.60.6,Programming and Data Structures,Algorithms,Programming and Data Structures,False,canonical form
da::1.60.7,Programming and Data Structures,Algorithms,Programming and Data Structures,False,canonical form
da::1.60.9,Programming and Data Structures,Algorithms,Programming and Data Structures,False,canonical form
da::1.60.10,Programming and Data Structures,Algorithms,Programming and Data Structures,False,canonical form
da::1.60.11,Programming and Data Structures,Algorithms,Programming and Data Structures,False,canonical form
da::1.60.12,Programming and Data Structures,Algorithms,Programming and Data Structures,False,canonical form
da::1.60.13,Programming and Data Structures,Algorithms,Programming and Data Structures,False,canonical form
da::1.61.1,Programming and Data Structures,Algorithms,Programming and Data Structures,False,canonical form
da::1.61.2,Programming and Data Structures,Algorithms,Programming and Data Structures,False,canonical form
da::1.61.3,Programming and Data Structures,Algorithms,Programming and Data Structures,False,canonical form
da::1.61.5,Programming and Data Structures,Algorithms,Programming and Data Structures,False,canonical form
da::1.61.9,Programming and Data Structures,Algorithms,Programming and Data Structures,False,canonical form
da::1.61.12,Programming and Data Structures,Algorithms,Programming and Data Structures,False,canonical form
da::1.61.13,Programming and Data Structures,Algorithms,Programming and Data Structures,False,canonical form
da::1.61.14,Programming and Data Structures,Algorithms,Programming and Data Structures,False,canonical form
da::1.61.15,Programming and Data Structures,Algorithms,Programming and Data Structures,False,canonical form
da::1.61.16,Programming and Data Structures,Algorithms,Programming and Data Structures,False,canonical form
da::1.61.17,Programming and Data Structures,Algorithms,Programming and Data Structures,False,canonical form
da::1.61.18,Programming and Data Structures,Algorithms,Programming and Data Structures,False,canonical form
da::1.61.19,Programming and Data Structures,Algorithms,Programming and Data Structures,False,canonical form
da::1.61.20,Programming and Data Structures,Algorithms,Programming and Data Structures,False,canonical form
da::1.61.21,Programming and Data Structures,Algorithms,Programming and Data Structures,False,canonical form
da::1.61.23,Programming and Data Structures,Algorithms,Programming and Data Structures,False,canonical form
da::1.61.24,Programming and Data Structures,Algorithms,Programming and Data Structures,False,canonical form
da::1.61.25,Programming and Data Structures,Algorithms,Programming and Data Structures,False,canonical form
da::1.61.26,Programming and Data Structures,Algorithms,Programming and Data Structures,False,canonical form
da::1.61.27,Programming and Data Structures,Algorithms,Programming and Data Structures,False,canonical form
da::1.61.28,Programming and Data Structures,Algorithms,Programming and Data Structures,False,canonical form
da::1.61.29,Programming and Data Structures,Algorithms,Programming and Data Structures,False,canonical form
da::1.61.30,Programming and Data Structures,Algorithms,Programming and Data Structures,False,canonical form
da::1.61.31,Programming and Data Structures,Algorithms,Programming and Data Structures,False,canonical form
da::1.61.32,Programming and Data Structures,Algorithms,Programming and Data Structures,False,canonical form
da::1.61.33,Programming and Data Structures,Algorithms,Programming and Data Structures,False,canonical form
da::1.61.34,Programming and Data Structures,Algorithms,Programming and Data Structures,False,canonical form
da::1.61.35,Programming and Data Structures,Algorithms,Programming and Data Structures,False,canonical form
da::1.62.1,Programming and Data Structures,Algorithms,Programming and Data Structures,False,canonical form
da::1.62.2,Programming and Data Structures,Algorithms,Programming and Data Structures,False,canonical form
da::1.62.3,Programming and Data Structures,Algorithms,Programming and Data Structures,False,canonical form
da::1.63.1,Programming and Data Structures,Strings,Programming and Data Structures,False,canonical form
da::1.64.1,Programming and Data Structures,Algorithms,Programming and Data Structures,False,canonical form
da::1.64.2,Programming and Data Structures,Algorithms,Programming and Data Structures,False,canonical form
da::1.65.3,Programming and Data Structures,Algorithms,Programming and Data Structures,False,canonical form
da::1.65.4,Programming and Data Structures,Algorithms,Programming and Data Structures,False,canonical form
da::1.65.5,Programming and Data Structures,Algorithms,Programming and Data Structures,False,canonical form
da::1.65.7,Programming and Data Structures,Algorithms,Programming and Data Structures,False,canonical form
da::1.65.8,Programming and Data Structures,Algorithms,Programming and Data Structures,False,canonical form
da::1.65.9,Programming and Data Structures,Algorithms,Programming and Data Structures,False,canonical form
da::1.65.10,Programming and Data Structures,Algorithms,Programming and Data Structures,False,canonical form
da::1.65.11,Programming and Data Structures,Algorithms,Programming and Data Structures,False,canonical form
da::1.65.12,Programming and Data Structures,Algorithms,Programming and Data Structures,False,canonical form
da::1.65.13,Programming and Data Structures,Algorithms,Programming and Data Structures,False,canonical form
da::1.65.14,Programming and Data Structures,Algorithms,Programming and Data Structures,False,canonical form
da::1.65.15,Programming and Data Structures,Algorithms,Programming and Data Structures,False,canonical form
da::1.65.16,Programming and Data Structures,Algorithms,Programming and Data Structures,False,canonical form
da::1.65.17,Programming and Data Structures,Algorithms,Programming and Data Structures,False,canonical form
da::1.65.18,Programming and Data Structures,Algorithms,Programming and Data Structures,False,canonical form
da::1.65.19,Programming and Data Structures,Algorithms,Programming and Data Structures,False,canonical form
da::1.65.20,Programming and Data Structures,Algorithms,Programming and Data Structures,False,canonical form
da::1.65.21,Programming and Data Structures,Algorithms,Programming and Data Structures,False,canonical form
da::1.65.22,Programming and Data Structures,Algorithms,Programming and Data Structures,False,canonical form
da::1.65.23,Programming and Data Structures,Algorithms,Programming and Data Structures,False,canonical form
da::1.65.25,Programming and Data Structures,Algorithms,Programming and Data Structures,False,canonical form
da::1.65.26,Programming and Data Structures,Algorithms,Programming and Data Structures,False,canonical form
da::1.65.27,Programming and Data Structures,Algorithms,Programming and Data Structures,False,canonical form
da::1.65.28,Programming and Data Structures,Algorithms,Programming and Data Structures,False,canonical form
da::1.65.29,Programming and Data Structures,Algorithms,Programming and Data Structures,False,canonical form
da::1.65.30,Programming and Data Structures,Algorithms,Programming and Data Structures,False,canonical form
da::1.65.31,Programming and Data Structures,Algorithms,Programming and Data Structures,False,canonical form
da::1.65.32,Programming and Data Structures,Algorithms,Programming and Data Structures,False,canonical form
da::1.65.33,Programming and Data Structures,Algorithms,Programming and Data Structures,False,canonical form
da::1.65.34,Programming and Data Structures,Algorithms,Programming and Data Structures,False,canonical form
da::1.65.35,Programming and Data Structures,Algorithms,Programming and Data Structures,False,canonical form
da::1.65.36,Programming and Data Structures,Algorithms,Programming and Data Structures,False,canonical form
da::1.65.37,Programming and Data Structures,Algorithms,Programming and Data Structures,False,canonical form
da::1.65.38,Programming and Data Structures,Algorithms,Programming and Data Structures,False,canonical form
da::1.65.39,Programming and Data Structures,Algorithms,Programming and Data Structures,False,canonical form
da::1.67.1,Programming and Data Structures,Algorithms,Programming and Data Structures,False,canonical form
da::1.67.2,Programming and Data Structures,Algorithms,Programming and Data Structures,False,canonical form
da::1.67.3,Programming and Data Structures,Algorithms,Programming and Data Structures,False,canonical form
da::1.68.1,Artificial Intelligence,Algorithms,Artificial Intelligence,False,canonical form (GATE DA)
da::1.68.2,Artificial Intelligence,Adversarial Search,Artificial Intelligence,False,canonical form (GATE DA)
da::1.69.1,Programming and Data Structures,Algorithms,Programming and Data Structures,False,canonical form
da::1.70.1,Programming and Data Structures,Algorithms,Programming and Data Structures,False,canonical form
da::2.2.1,Artificial Intelligence,A* Algorithm,Artificial Intelligence,False,canonical form (GATE DA)
da::2.3.1,Artificial Intelligence,Adversarial Search,Artificial Intelligence,False,canonical form (GATE DA)
da::2.4.1,Artificial Intelligence,Agents,Artificial Intelligence,False,canonical form (GATE DA)
da::2.4.2,Artificial Intelligence,Agents,Artificial Intelligence,False,canonical form (GATE DA)
da::2.5.1,Artificial Intelligence,Algorithm Design,Artificial Intelligence,False,canonical form (GATE DA)
da::2.5.2,Artificial Intelligence,Algorithm Design,Artificial Intelligence,False,canonical form (GATE DA)
da::2.6.2,Artificial Intelligence,Adversarial Search,Artificial Intelligence,False,canonical form (GATE DA)
da::2.7.1,Artificial Intelligence,Artificial Intelligence,Artificial Intelligence,False,canonical form (GATE DA)
da::2.7.2,Artificial Intelligence,Artificial Intelligence,Artificial Intelligence,False,canonical form (GATE DA)
da::2.7.3,Artificial Intelligence,Artificial Intelligence,Artificial Intelligence,False,canonical form (GATE DA)
da::2.7.4,Artificial Intelligence,Artificial Intelligence,Artificial Intelligence,False,canonical form (GATE DA)
da::2.7.5,Artificial Intelligence,Artificial Intelligence,Artificial Intelligence,False,canonical form (GATE DA)
da::2.7.6,Artificial Intelligence,Artificial Intelligence,Artificial Intelligence,False,canonical form (GATE DA)
da::2.7.7,Artificial Intelligence,Artificial Intelligence,Artificial Intelligence,False,canonical form (GATE DA)
da::2.7.8,Artificial Intelligence,Artificial Intelligence,Artificial Intelligence,False,canonical form (GATE DA)
da::2.7.9,Artificial Intelligence,Artificial Intelligence,Artificial Intelligence,False,canonical form (GATE DA)
da::2.7.10,Artificial Intelligence,Adversarial Search,Artificial Intelligence,False,canonical form (GATE DA)
da::2.7.11,Artificial Intelligence,Artificial Intelligence,Artificial Intelligence,False,canonical form (GATE DA)
da::2.7.12,Artificial Intelligence,Artificial Intelligence,Artificial Intelligence,False,canonical form (GATE DA)
da::2.7.13,Artificial Intelligence,Artificial Intelligence,Artificial Intelligence,False,canonical form (GATE DA)
da::2.7.14,Artificial Intelligence,A* Algorithm,Artificial Intelligence,False,canonical form (GATE DA)
da::2.7.15,Artificial Intelligence,Artificial Intelligence,Artificial Intelligence,False,canonical form (GATE DA)
da::2.7.16,Artificial Intelligence,A* Algorithm,Artificial Intelligence,False,canonical form (GATE DA)
da::2.7.17,Artificial Intelligence,Artificial Intelligence,Artificial Intelligence,False,canonical form (GATE DA)
da::2.7.18,Artificial Intelligence,Artificial Intelligence,Artificial Intelligence,False,canonical form (GATE DA)
da::2.7.19,Artificial Intelligence,Artificial Intelligence,Artificial Intelligence,False,canonical form (GATE DA)
da::2.7.20,Artificial Intelligence,Artificial Intelligence,Artificial Intelligence,False,canonical form (GATE DA)
da::2.7.21,Artificial Intelligence,Artificial Intelligence,Artificial Intelligence,False,canonical form (GATE DA)
da::2.7.22,Artificial Intelligence,Artificial Intelligence,Artificial Intelligence,False,canonical form (GATE DA)
da::2.7.23,Artificial Intelligence,Artificial Intelligence,Artificial Intelligence,False,canonical form (GATE DA)
da::2.7.24,Artificial Intelligence,Artificial Intelligence,Artificial Intelligence,False,canonical form (GATE DA)
da::2.7.25,Artificial Intelligence,Artificial Intelligence,Artificial Intelligence,False,canonical form (GATE DA)
da::2.7.26,Artificial Intelligence,Agents,Artificial Intelligence,False,canonical form (GATE DA)
da::2.7.27,Artificial Intelligence,Artificial Intelligence,Artificial Intelligence,False,canonical form (GATE DA)
da::2.7.28,Artificial Intelligence,Artificial Intelligence,Artificial Intelligence,False,canonical form (GATE DA)
da::2.7.29,Artificial Intelligence,Artificial Intelligence,Artificial Intelligence,False,canonical form (GATE DA)
da::2.7.30,Artificial Intelligence,Artificial Intelligence,Artificial Intelligence,False,canonical form (GATE DA)
da::2.7.31,Artificial Intelligence,Artificial Intelligence,Artificial Intelligence,False,canonical form (GATE DA)
da::2.8.1,Artificial Intelligence,Artificial Neural Network,Artificial Intelligence,False,canonical form (GATE DA)
da::2.9.1,Artificial Intelligence,Backpropagation,Artificial Intelligence,False,canonical form (GATE DA)
da::2.10.1,Artificial Intelligence,Artificial Intelligence,Artificial Intelligence,False,canonical form (GATE DA)
da::2.11.1,Artificial Intelligence,Artificial Intelligence,Artificial Intelligence,False,canonical form (GATE DA)
da::2.12.1,Artificial Intelligence,Artificial Intelligence,Artificial Intelligence,False,canonical form (GATE DA)
da::2.13.1,Artificial Intelligence,Expert Systems,Artificial Intelligence,False,canonical form (GATE DA)
da::2.13.2,Artificial Intelligence,Expert Systems,Artificial Intelligence,False,canonical form (GATE DA)
da::2.14.1,Artificial Intelligence,Artificial Intelligence,Artificial Intelligence,False,canonical form (GATE DA)
da::2.15.1,Artificial Intelligence,Fuzzy Logic,Artificial Intelligence,False,canonical form (GATE DA)
da::2.15.2,Artificial Intelligence,Fuzzy Logic,Artificial Intelligence,False,canonical form (GATE DA)
da::2.16.1,Artificial Intelligence,Fuzzy Sets,Artificial Intelligence,False,canonical form (GATE DA)
da::2.16.2,Artificial Intelligence,Fuzzy Sets,Artificial Intelligence,False,canonical form (GATE DA)
da::2.17.1,Artificial Intelligence,Artificial Intelligence,Artificial Intelligence,False,canonical form (GATE DA)
da::2.18.1,General Aptitude,General Awareness,General Aptitude,False,canonical form
da::2.18.2,General Aptitude,General Awareness,General Aptitude,False,canonical form
da::2.19.1,Artificial Intelligence,Genetic Algorithms,Artificial Intelligence,False,canonical form (GATE DA)
da::2.19.2,Artificial Intelligence,Genetic Algorithms,Artificial Intelligence,False,canonical form (GATE DA)
da::2.19.3,Artificial Intelligence,Genetic Algorithms,Artificial Intelligence,False,canonical form (GATE DA)
da::2.19.4,Artificial Intelligence,Genetic Algorithms,Artificial Intelligence,False,canonical form (GATE DA)
da::2.20.1,Artificial Intelligence,Heuristic Search,Artificial Intelligence,False,canonical form (GATE DA)
da::2.20.2,Artificial Intelligence,Heuristic Search,Artificial Intelligence,False,canonical form (GATE DA)
da::2.21.1,Artificial Intelligence,Heuristics,Artificial Intelligence,False,canonical form (GATE DA)
da::2.21.2,Artificial Intelligence,Heuristics,Artificial Intelligence,False,canonical form (GATE DA)
da::2.22.1,Artificial Intelligence,Artificial Intelligence,Artificial Intelligence,False,canonical form (GATE DA)
da::2.23.1,Artificial Intelligence,Linear Programming,Artificial Intelligence,False,canonical form (GATE DA)
da::2.24.1,Artificial Intelligence,Machine Learning,Artificial Intelligence,False,canonical form (GATE DA)
da::2.24.2,Artificial Intelligence,Machine Learning,Artificial Intelligence,False,canonical form (GATE DA)
da::2.25.1,Artificial Intelligence,Artificial Intelligence,Artificial Intelligence,False,canonical form (GATE DA)
da::2.26.1,Artificial Intelligence,Artificial Intelligence,Artificial Intelligence,False,canonical form (GATE DA)
da::2.28.1,Artificial Intelligence,Natural Language Processing,Artificial Intelligence,False,canonical form (GATE DA)
da::2.29.1,Artificial Intelligence,Neural Network,Artificial Intelligence,False,canonical form (GATE DA)
da::2.29.2,Artificial Intelligence,Neural Network,Artificial Intelligence,False,canonical form (GATE DA)
da::2.29.3,Artificial Intelligence,Neural Network,Artificial Intelligence,False,canonical form (GATE DA)
da::2.29.4,Artificial Intelligence,Neural Network,Artificial Intelligence,False,canonical form (GATE DA)
da::2.29.5,Artificial Intelligence,Neural Network,Artificial Intelligence,False,canonical form (GATE DA)
da::2.30.1,Artificial Intelligence,Pattern Matching,Artificial Intelligence,False,canonical form (GATE DA)
da::2.31.1,Artificial Intelligence,Neural Network,Artificial Intelligence,False,canonical form (GATE DA)
da::2.32.1,Artificial Intelligence,Artificial Intelligence,Artificial Intelligence,False,canonical form (GATE DA)
da::2.33.1,Artificial Intelligence,Artificial Intelligence,Artificial Intelligence,False,canonical form (GATE DA)
da::2.33.2,Artificial Intelligence,Artificial Intelligence,Artificial Intelligence,False,canonical form (GATE DA)
da::2.34.1,Artificial Intelligence,Artificial Intelligence,Artificial Intelligence,False,canonical form (GATE DA)
da::2.35.1,Artificial Intelligence,Artificial Intelligence,Artificial Intelligence,False,canonical form (GATE DA)
da::2.35.2,Artificial Intelligence,Adversarial Search,Artificial Intelligence,False,canonical form (GATE DA)
da::2.36.1,Artificial Intelligence,Artificial Intelligence,Artificial Intelligence,False,canonical form (GATE DA)
da::2.37.1,Artificial Intelligence,Artificial Intelligence,Artificial Intelligence,False,canonical form (GATE DA)
da::2.37.2,Artificial Intelligence,Artificial Intelligence,Artificial Intelligence,False,canonical form (GATE DA)
da::2.38.1,Artificial Intelligence,Artificial Intelligence,Artificial Intelligence,False,canonical form (GATE DA)
da::2.39.1,Artificial Intelligence,Artificial Intelligence,Artificial Intelligence,False,canonical form (GATE DA)
da::2.40.1,Artificial Intelligence,Artificial Intelligence,Artificial Intelligence,False,canonical form (GATE DA)
da::3.0.1,Databases,Databases,Databases,False,canonical form
da::3.0.2,Databases,Databases,Databases,False,canonical form
da::3.0.3,Databases,Databases,Databases,False,canonical form
da::3.0.4,Databases,Databases,Databases,False,canonical form
da::3.0.5,Databases,Databases,Databases,False,canonical form
da::3.0.6,Databases,Databases,Databases,False,canonical form
da::3.0.7,Databases,Databases,Databases,False,canonical form
da::3.0.8,Databases,Databases,Databases,False,canonical form
da::3.0.9,Databases,Databases,Databases,False,canonical form
da::3.0.10,Databases,Databases,Databases,False,canonical form
da::3.0.11,Databases,Databases,Databases,False,canonical form
da::3.0.12,Databases,Databases,Databases,False,canonical form
da::3.0.13,Databases,Databases,Databases,False,canonical form
da::3.0.14,Databases,Databases,Databases,False,canonical form
da::3.0.15,Databases,Databases,Databases,False,canonical form
da::3.0.16,Databases,Databases,Databases,False,canonical form
da::3.0.17,Databases,Databases,Databases,False,canonical form
da::3.0.18,Databases,Databases,Databases,False,canonical form
da::3.0.19,Databases,Databases,Databases,False,canonical form
da::3.0.20,Databases,Databases,Databases,False,canonical form
da::3.0.21,Databases,Databases,Databases,False,canonical form
da::3.0.22,Databases,Databases,Databases,False,canonical form
da::3.0.23,Databases,Databases,Databases,False,canonical form
da::3.0.24,Databases,Databases,Databases,False,canonical form
da::3.0.25,Databases,Databases,Databases,False,canonical form
da::3.0.26,Databases,Databases,Databases,False,canonical form
da::3.1.1,Databases,Databases,Databases,False,canonical form
da::3.2.1,Databases,Databases,Databases,False,canonical form
da::3.2.2,Databases,Databases,Databases,False,canonical form
da::3.3.1,Databases,Databases,Databases,False,canonical form
da::3.4.3,Databases,Databases,Databases,False,canonical form
da::3.4.5,Databases,Databases,Databases,False,canonical form
da::3.4.7,Databases,Databases,Databases,False,canonical form
da::3.4.11,Databases,Databases,Databases,False,canonical form
da::3.4.13,Databases,Databases,Databases,False,canonical form
da::3.4.14,Databases,Databases,Databases,False,canonical form
da::3.4.15,Databases,Databases,Databases,False,canonical form
da::3.4.16,Databases,Databases,Databases,False,canonical form
da::3.4.17,Databases,Databases,Databases,False,canonical form
da::3.4.18,Databases,Databases,Databases,False,canonical form
da::3.4.20,Databases,Databases,Databases,False,canonical form
da::3.4.21,Databases,Databases,Databases,False,canonical form
da::3.4.22,Databases,Databases,Databases,False,canonical form
da::3.4.23,Databases,Databases,Databases,False,canonical form
da::3.4.24,Databases,Databases,Databases,False,canonical form
da::3.4.26,Databases,Databases,Databases,False,canonical form
da::3.4.27,Databases,Databases,Databases,False,canonical form
da::3.4.28,Databases,Databases,Databases,False,canonical form
da::3.4.29,Databases,Databases,Databases,False,canonical form
da::3.4.31,Databases,Databases,Databases,False,canonical form
da::3.4.33,Databases,Databases,Databases,False,canonical form
da::3.5.1,Databases,Databases,Databases,False,canonical form
da::3.6.2,Databases,Databases,Databases,False,canonical form
da::3.6.3,Databases,Databases,Databases,False,canonical form
da::3.6.5,Databases,Databases,Databases,False,canonical form
da::3.6.6,Databases,Databases,Databases,False,canonical form
da::3.6.7,Databases,Databases,Databases,False,canonical form
da::3.6.8,Databases,Databases,Databases,False,canonical form
da::3.6.9,Databases,Databases,Databases,False,canonical form
da::3.6.10,Databases,Databases,Databases,False,canonical form
da::3.6.11,Databases,Databases,Databases,False,canonical form
da::3.6.12,Databases,Databases,Databases,False,canonical form
da::3.6.13,Databases,Databases,Databases,False,canonical form
da::3.7.1,Databases,Databases,Databases,False,canonical form
da::3.8.1,Programming and Data Structures,Data Structures,Programming and Data Structures,False,canonical form
da::3.9.1,Databases,Databases,Databases,False,canonical form
da::3.10.1,Databases,Databases,Databases,False,canonical form
da::3.11.1,Databases,Databases,Databases,False,canonical form
da::3.11.3,Databases,Databases,Databases,False,canonical form
da::3.11.4,Databases,Databases,Databases,False,canonical form
da::3.11.5,Databases,Databases,Databases,False,canonical form
da::3.11.6,Databases,Databases,Databases,False,canonical form
da::3.11.7,Databases,Databases,Databases,False,canonical form
da::3.11.8,Databases,Databases,Databases,False,canonical form
da::3.11.10,Databases,Databases,Databases,False,canonical form
da::3.11.11,Databases,Databases,Databases,False,canonical form
da::3.12.1,Databases,Databases,Databases,False,canonical form
da::3.13.1,Databases,Databases,Databases,False,canonical form
da::3.13.2,Databases,Databases,Databases,False,canonical form
da::3.14.1,Databases,Databases,Databases,False,canonical form
da::3.15.1,Databases,Databases,Databases,False,canonical form
da::3.16.1,Databases,Databases,Databases,False,canonical form
da::3.16.2,Databases,Databases,Databases,False,canonical form
da::3.17.1,Databases,Databases,Databases,False,canonical form
da::3.17.2,Databases,Databases,Databases,False,canonical form
da::3.18.1,Databases,Databases,Databases,False,canonical form
da::3.19.1,Databases,Databases,Databases,False,canonical form
da::3.19.2,Databases,Databases,Databases,False,canonical form
da::3.19.3,Databases,Databases,Databases,False,canonical form
da::3.19.4,Databases,Databases,Databases,False,canonical form
da::3.19.5,Databases,Databases,Databases,False,canonical form
da::3.19.7,Databases,Databases,Databases,False,canonical form
da::3.19.8,Databases,Databases,Databases,False,canonical form
da::3.19.9,Databases,Databases,Databases,False,canonical form
da::3.19.10,Databases,Databases,Databases,False,canonical form
da::3.19.11,Databases,Databases,Databases,False,canonical form
da::3.19.12,Databases,Databases,Databases,False,canonical form
da::3.20.1,Databases,Databases,Databases,False,canonical form
da::3.20.6,Databases,Databases,Databases,False,canonical form
da::3.20.7,Databases,Databases,Databases,False,canonical form
da::3.20.8,Databases,Databases,Databases,False,canonical form
da::3.20.10,Databases,Databases,Databases,False,canonical form
da::3.20.11,Databases,Databases,Databases,False,canonical form
da::3.20.13,Databases,Databases,Databases,False,canonical form
da::3.20.14,Databases,Databases,Databases,False,canonical form
da::3.20.16,Databases,Databases,Databases,False,canonical form
da::3.20.17,Databases,Databases,Databases,False,canonical form
da::3.20.19,Databases,Databases,Databases,False,canonical form
da::3.20.21,Databases,Databases,Databases,False,canonical form
da::3.20.22,Databases,Databases,Databases,False,canonical form
da::3.20.25,Databases,Database Normalization,Databases,False,canonical form
da::3.20.27,Databases,Database Normalization,Databases,False,canonical form
da::3.20.32,Databases,Database Normalization,Databases,False,canonical form
da::3.20.33,Databases,Database Normalization,Databases,False,canonical form
da::3.20.35,Databases,Database Normalization,Databases,False,canonical form
da::3.20.36,Databases,Database Normalization,Databases,False,canonical form
da::3.20.37,Databases,Database Normalization,Databases,False,canonical form
da::3.20.38,Databases,Database Normalization,Databases,False,canonical form
da::3.20.39,Databases,Database Normalization,Databases,False,canonical form
da::3.20.40,Databases,Database Normalization,Databases,False,canonical form
da::3.20.41,Databases,Database Normalization,Databases,False,canonical form
da::3.20.42,Databases,Database Normalization,Databases,False,canonical form
da::3.20.43,Databases,Database Normalization,Databases,False,canonical form
da::3.20.45,Databases,Database Normalization,Databases,False,canonical form
da::3.20.46,Databases,Database Normalization,Databases,False,canonical form
da::3.20.47,Databases,Database Normalization,Databases,False,canonical form
da::3.20.48,Databases,Database Normalization,Databases,False,canonical form
da::3.20.49,Databases,Database Normalization,Databases,False,canonical form
da::3.20.50,Databases,Database Normalization,Databases,False,canonical form
da::3.20.51,Databases,Database Normalization,Databases,False,canonical form
da::3.20.52,Databases,Database Normalization,Databases,False,canonical form
da::3.20.53,Databases,Database Normalization,Databases,False,canonical form
da::3.20.54,Databases,Database Normalization,Databases,False,canonical form
da::3.20.55,Databases,Database Normalization,Databases,False,canonical form
da::3.20.56,Databases,Database Normalization,Databases,False,canonical form
da::3.20.57,Databases,Database Normalization,Databases,False,canonical form
da::3.20.59,Databases,Database Normalization,Databases,False,canonical form
da::3.20.61,Databases,Database Normalization,Databases,False,canonical form
da::3.20.62,Databases,Database Normalization,Databases,False,canonical form
da::3.20.63,Databases,Database Normalization,Databases,False,canonical form
da::3.20.64,Databases,Database Normalization,Databases,False,canonical form
da::3.20.66,Databases,Database Normalization,Databases,False,canonical form
da::3.20.67,Databases,Database Normalization,Databases,False,canonical form
da::3.20.68,Databases,Database Normalization,Databases,False,canonical form
da::3.20.69,Databases,Database Normalization,Databases,False,canonical form
da::3.20.70,Databases,Database Normalization,Databases,False,canonical form
da::3.20.71,Databases,Database Normalization,Databases,False,canonical form
da::3.20.72,Databases,Database Normalization,Databases,False,canonical form
da::3.20.73,Databases,Databases,Databases,False,canonical form
da::3.20.75,Databases,Databases,Databases,False,canonical form
da::3.20.76,Databases,Databases,Databases,False,canonical form
da::3.20.77,Databases,Databases,Databases,False,canonical form
da::3.20.78,Databases,Databases,Databases,False,canonical form
da::3.20.79,Databases,Databases,Databases,False,canonical form
da::3.21.1,Databases,Databases,Databases,False,canonical form
da::3.22.1,Databases,Databases,Databases,False,canonical form
da::3.22.2,Databases,Databases,Databases,False,canonical form
da::3.23.1,Databases,Databases,Databases,False,canonical form
da::3.23.2,Databases,Databases,Databases,False,canonical form
da::3.23.3,Databases,Databases,Databases,False,canonical form
da::3.23.4,Databases,Databases,Databases,False,canonical form
da::3.23.5,Databases,Databases,Databases,False,canonical form
da::3.24.1,Databases,Databases,Databases,False,canonical form
da::3.25.1,Databases,Databases,Databases,False,canonical form
da::3.25.2,Databases,Databases,Databases,False,canonical form
da::3.26.1,Databases,Databases,Databases,False,canonical form
da::3.26.4,Databases,Databases,Databases,False,canonical form
da::3.26.5,Databases,Databases,Databases,False,canonical form
da::3.26.6,Databases,Databases,Databases,False,canonical form
da::3.26.7,Databases,Databases,Databases,False,canonical form
da::3.26.8,Databases,Databases,Databases,False,canonical form
da::3.26.10,Databases,Databases,Databases,False,canonical form
da::3.26.15,Databases,Databases,Databases,False,canonical form
da::3.26.16,Databases,Databases,Databases,False,canonical form
da::3.26.17,Databases,Databases,Databases,False,canonical form
da::3.26.18,Databases,Databases,Databases,False,canonical form
da::3.26.19,Databases,Databases,Databases,False,canonical form
da::3.26.20,Databases,Databases,Databases,False,canonical form
da::3.26.21,Databases,Databases,Databases,False,canonical form
da::3.26.23,Databases,Databases,Databases,False,canonical form
da::3.26.24,Databases,Databases,Databases,False,canonical form
da::3.26.26,Databases,Databases,Databases,False,canonical form
da::3.26.27,Databases,Databases,Databases,False,canonical form
da::3.26.28,Databases,Databases,Databases,False,canonical form
da::3.26.29,Databases,Databases,Databases,False,canonical form
da::3.26.30,Databases,Databases,Databases,False,canonical form
da::3.26.31,Databases,Databases,Databases,False,canonical form
da::3.27.1,Databases,Databases,Databases,False,canonical form
da::3.29.1,Databases,Databases,Databases,False,canonical form
da::3.30.1,Databases,Databases,Databases,False,canonical form
da::3.30.2,Databases,Databases,Databases,False,canonical form
da::3.30.4,Databases,Databases,Databases,False,canonical form
da::3.30.5,Databases,Databases,Databases,False,canonical form
da::3.31.1,Databases,Databases,Databases,False,canonical form
da::3.32.1,Databases,Databases,Databases,False,canonical form
da::3.33.1,Databases,Databases,Databases,False,canonical form
da::3.34.1,Databases,Databases,Databases,False,canonical form
da::3.34.2,Databases,Databases,Databases,False,canonical form
da::3.34.7,Databases,Databases,Databases,False,canonical form
da::3.34.8,Databases,Databases,Databases,False,canonical form
da::3.34.9,Databases,Databases,Databases,False,canonical form
da::3.34.13,Databases,Databases,Databases,False,canonical form
da::3.34.14,Databases,Databases,Databases,False,canonical form
da::3.34.15,Databases,Databases,Databases,False,canonical form
da::3.35.1,Databases,Databases,Databases,False,canonical form
da::3.36.1,Databases,Databases,Databases,False,canonical form
da::3.37.1,Databases,Databases,Databases,False,canonical form
da::3.37.3,Databases,Databases,Databases,False,canonical form
da::3.37.7,Databases,Databases,Databases,False,canonical form
da::3.37.9,Databases,Databases,Databases,False,canonical form
da::3.37.10,Databases,Databases,Databases,False,canonical form
da::3.38.1,Databases,Databases,Databases,False,canonical form
da::3.40.1,Databases,Databases,Databases,False,canonical form
da::3.41.1,Databases,Databases,Databases,False,canonical form
da::3.41.5,Databases,Databases,Databases,False,canonical form
da::3.41.6,Databases,Databases,Databases,False,canonical form
da::3.41.7,Databases,Databases,Databases,False,canonical form
da::3.41.8,Databases,Databases,Databases,False,canonical form
da::3.42.1,Databases,Databases,Databases,False,canonical form
da::3.42.2,Databases,Databases,Databases,False,canonical form
da::3.43.1,Databases,Databases,Databases,False,canonical form
da::3.44.1,Databases,Databases,Databases,False,canonical form
da::3.45.1,Databases,Databases,Databases,False,canonical form
da::3.45.2,Databases,Databases,Databases,False,canonical form
da::3.45.3,Databases,Databases,Databases,False,canonical form
da::3.45.4,Databases,Databases,Databases,False,canonical form
da::3.46.1,Databases,Databases,Databases,False,canonical form
da::3.48.1,Databases,Databases,Databases,False,canonical form
da::3.48.2,Databases,Databases,Databases,False,canonical form
da::3.48.3,Databases,Databases,Databases,False,canonical form
da::3.48.5,Databases,Databases,Databases,False,canonical form
da::3.48.6,Databases,Databases,Databases,False,canonical form
da::3.48.7,Databases,Databases,Databases,False,canonical form
da::3.49.1,Databases,Databases,Databases,False,canonical form
da::3.50.1,Databases,Databases,Databases,False,canonical form
da::3.50.3,Databases,Databases,Databases,False,canonical form
da::3.50.5,Databases,Databases,Databases,False,canonical form
da::3.50.6,Databases,Databases,Databases,False,canonical form
da::3.50.8,Databases,Databases,Databases,False,canonical form
da::3.51.1,Databases,Databases,Databases,False,canonical form
da::3.51.2,Databases,Databases,Databases,False,canonical form
da::3.51.3,Databases,Databases,Databases,False,canonical form
da::3.51.4,Databases,Databases,Databases,False,canonical form
da::3.51.5,Databases,Databases,Databases,False,canonical form
da::3.51.6,Databases,Databases,Databases,False,canonical form
da::3.51.7,Databases,Databases,Databases,False,canonical form
da::3.51.8,Databases,Databases,Databases,False,canonical form
da::3.51.9,Databases,Databases,Databases,False,canonical form
da::3.51.10,Databases,Databases,Databases,False,canonical form
da::3.51.11,Databases,Databases,Databases,False,canonical form
da::3.51.12,Databases,Databases,Databases,False,canonical form
da::3.51.13,Databases,Databases,Databases,False,canonical form
da::3.51.14,Databases,Databases,Databases,False,canonical form
da::3.51.18,Databases,Databases,Databases,False,canonical form
da::3.51.20,Databases,Databases,Databases,False,canonical form
da::3.51.22,Databases,Databases,Databases,False,canonical form
da::3.51.25,Databases,Databases,Databases,False,canonical form
da::3.51.29,Databases,Databases,Databases,False,canonical form
da::3.51.30,Databases,Databases,Databases,False,canonical form
da::3.51.32,Databases,Databases,Databases,False,canonical form
da::3.51.33,Databases,Databases,Databases,False,canonical form
da::3.51.36,Databases,Databases,Databases,False,canonical form
da::3.51.38,Databases,Databases,Databases,False,canonical form
da::3.51.39,Databases,Databases,Databases,False,canonical form
da::3.51.40,Databases,Databases,Databases,False,canonical form
da::3.51.41,Databases,Databases,Databases,False,canonical form
da::3.51.42,Databases,Databases,Databases,False,canonical form
da::3.51.43,Databases,Databases,Databases,False,canonical form
da::3.51.44,Databases,Databases,Databases,False,canonical form
da::3.52.1,Databases,Databases,Databases,False,canonical form
da::3.52.2,Databases,Databases,Databases,False,canonical form
da::3.52.3,Databases,Databases,Databases,False,canonical form
da::3.52.4,Databases,Databases,Databases,False,canonical form
da::3.52.5,Databases,Databases,Databases,False,canonical form
da::3.52.6,Databases,Databases,Databases,False,canonical form
da::3.52.9,Databases,Databases,Databases,False,canonical form
da::3.52.10,Databases,Databases,Databases,False,canonical form
da::3.52.11,Databases,Databases,Databases,False,canonical form
da::3.52.12,Databases,Databases,Databases,False,canonical form
da::3.52.13,Databases,Databases,Databases,False,canonical form
da::3.52.15,Databases,Databases,Databases,False,canonical form
da::3.52.16,Databases,Databases,Databases,False,canonical form
da::3.52.17,Databases,Databases,Databases,False,canonical form
da::3.53.1,Databases,Databases,Databases,False,canonical form
da::3.53.2,Databases,Databases,Databases,False,canonical form
da::3.53.3,Databases,Databases,Databases,False,canonical form
da::3.53.5,Databases,Databases,Databases,False,canonical form
da::3.53.7,Databases,Databases,Databases,False,canonical form
da::3.53.8,Databases,Databases,Databases,False,canonical form
da::3.53.9,Databases,Databases,Databases,False,canonical form
da::3.53.10,Databases,Databases,Databases,False,canonical form
da::3.53.11,Databases,Databases,Databases,False,canonical form
da::3.55.1,Databases,Databases,Databases,False,canonical form
da::3.55.2,Databases,Databases,Databases,False,canonical form
da::3.55.3,Databases,Databases,Databases,False,canonical form
da::3.55.4,Databases,Databases,Databases,False,canonical form
da::3.55.5,Databases,Databases,Databases,False,canonical form
da::3.55.6,Databases,Databases,Databases,False,canonical form
da::3.55.7,Databases,Databases,Databases,False,canonical form
da::3.55.8,Databases,Databases,Databases,False,canonical form
da::3.55.9,Databases,Databases,Databases,False,canonical form
da::3.55.10,Databases,Databases,Databases,False,canonical form
da::3.55.12,Databases,Databases,Databases,False,canonical form
da::3.55.13,Databases,Databases,Databases,False,canonical form
da::3.55.14,Databases,Databases,Databases,False,canonical form
da::3.55.15,Databases,Databases,Databases,False,canonical form
da::3.55.16,Databases,Databases,Databases,False,canonical form
da::3.55.18,Databases,Databases,Databases,False,canonical form
da::3.55.21,Databases,Databases,Databases,False,canonical form
da::3.55.22,Databases,Databases,Databases,False,canonical form
da::3.55.29,Databases,Databases,Databases,False,canonical form
da::3.55.32,Databases,Databases,Databases,False,canonical form
da::3.55.36,Databases,Databases,Databases,False,canonical form
da::3.55.40,Databases,Databases,Databases,False,canonical form
da::3.55.44,Databases,Databases,Databases,False,canonical form
da::3.55.48,Databases,Databases,Databases,False,canonical form
da::3.55.51,Databases,Databases,Databases,False,canonical form
da::3.55.52,Databases,Databases,Databases,False,canonical form
da::3.55.54,Databases,Databases,Databases,False,canonical form
da::3.55.55,Databases,Databases,Databases,False,canonical form
da::3.55.59,Databases,Databases,Databases,False,canonical form
da::3.55.60,Databases,Databases,Databases,False,canonical form
da::3.55.61,Databases,Databases,Databases,False,canonical form
da::3.55.62,Databases,Databases,Databases,False,canonical form
da::3.55.63,Databases,Databases,Databases,False,canonical form
da::3.55.64,Databases,Databases,Databases,False,canonical form
da::3.55.65,Databases,Databases,Databases,False,canonical form
da::3.55.66,Databases,Databases,Databases,False,canonical form
da::3.55.67,Databases,Databases,Databases,False,canonical form
da::3.55.68,Databases,Databases,Databases,False,canonical form
da::3.55.69,Databases,Databases,Databases,False,canonical form
da::3.55.70,Databases,Databases,Databases,False,canonical form
da::3.55.71,Databases,Databases,Databases,False,canonical form
da::3.55.72,Databases,Databases,Databases,False,canonical form
da::3.55.73,Databases,Databases,Databases,False,canonical form
da::3.55.74,Databases,Databases,Databases,False,canonical form
da::3.55.75,Databases,Databases,Databases,False,canonical form
da::3.55.76,Databases,Databases,Databases,False,canonical form
da::3.55.78,Databases,Databases,Databases,False,canonical form
da::3.55.79,Databases,Databases,Databases,False,canonical form
da::3.55.80,Databases,Databases,Databases,False,canonical form
da::3.55.81,Databases,Databases,Databases,False,canonical form
da::3.55.82,Databases,Databases,Databases,False,canonical form
da::3.55.83,Databases,Databases,Databases,False,canonical form
da::3.55.84,Databases,Databases,Databases,False,canonical form
da::3.55.85,Databases,Databases,Databases,False,canonical form
da::3.55.86,Databases,Databases,Databases,False,canonical form
da::3.55.87,Databases,Databases,Databases,False,canonical form
da::3.55.88,Databases,Databases,Databases,False,canonical form
da::3.55.89,Databases,Databases,Databases,False,canonical form
da::3.55.90,Databases,Databases,Databases,False,canonical form
da::3.55.91,Databases,Databases,Databases,False,canonical form
da::3.55.92,Databases,Databases,Databases,False,canonical form
da::3.55.93,Databases,Databases,Databases,False,canonical form
da::3.55.94,Databases,Databases,Databases,False,canonical form
da::3.55.95,Databases,Databases,Databases,False,canonical form
da::3.55.96,Databases,Databases,Databases,False,canonical form
da::3.55.97,Databases,Databases,Databases,False,canonical form
da::3.55.98,Databases,Databases,Databases,False,canonical form
da::3.55.99,Databases,Databases,Databases,False,canonical form
da::3.56.1,Databases,Databases,Databases,False,canonical form
da::3.57.2,Databases,Databases,Databases,False,canonical form
da::3.57.3,Databases,Databases,Databases,False,canonical form
da::3.57.4,Databases,Databases,Databases,False,canonical form
da::3.57.5,Databases,Databases,Databases,False,canonical form
da::3.57.6,Databases,Databases,Databases,False,canonical form
da::3.57.7,Databases,Databases,Databases,False,canonical form
da::3.57.10,Databases,Databases,Databases,False,canonical form
da::3.57.11,Databases,Databases,Databases,False,canonical form
da::3.57.12,Databases,Databases,Databases,False,canonical form
da::3.57.13,Databases,Databases,Databases,False,canonical form
da::3.57.14,Databases,Databases,Databases,False,canonical form
da::3.57.15,Databases,Databases,Databases,False,canonical form
da::3.57.16,Databases,Databases,Databases,False,canonical form
da::3.57.17,Databases,Databases,Databases,False,canonical form
da::3.57.18,Databases,Databases,Databases,False,canonical form
da::3.57.20,Databases,Databases,Databases,False,canonical form
da::3.57.21,Databases,Databases,Databases,False,canonical form
da::3.57.22,Databases,Databases,Databases,False,canonical form
da::3.57.23,Databases,Databases,Databases,False,canonical form
da::3.57.24,Databases,Databases,Databases,False,canonical form
da::3.57.25,Databases,Databases,Databases,False,canonical form
da::3.57.27,Databases,Databases,Databases,False,canonical form
da::3.57.28,Databases,Databases,Databases,False,canonical form
da::3.57.31,Databases,Databases,Databases,False,canonical form
da::3.57.32,Databases,Databases,Databases,False,canonical form
da::3.57.33,Databases,Databases,Databases,False,canonical form
da::3.57.34,Databases,Databases,Databases,False,canonical form
da::3.57.35,Databases,Databases,Databases,False,canonical form
da::3.57.36,Databases,Databases,Databases,False,canonical form
da::3.57.37,Databases,Databases,Databases,False,canonical form
da::3.57.38,Databases,Databases,Databases,False,canonical form
da::3.57.39,Databases,Databases,Databases,False,canonical form
da::3.57.40,Databases,Databases,Databases,False,canonical form
da::3.57.41,Databases,Databases,Databases,False,canonical form
da::3.57.42,Databases,Databases,Databases,False,canonical form
da::3.57.43,Databases,Databases,Databases,False,canonical form
da::3.57.44,Databases,Databases,Databases,False,canonical form
da::3.57.45,Databases,Databases,Databases,False,canonical form
da::3.57.46,Databases,Databases,Databases,False,canonical form
da::3.58.1,Databases,Databases,Databases,False,canonical form
da::3.58.2,Databases,Databases,Databases,False,canonical form
da::3.59.1,Databases,Databases,Databases,False,canonical form
da::3.60.1,Databases,Databases,Databases,False,canonical form
da::3.61.1,Databases,Databases,Databases,False,canonical form
da::3.62.1,Web Technologies,Web Technologies,Web Technologies,False,canonical form
da::3.62.2,Web Technologies,Web Technologies,Web Technologies,False,canonical form
da::4.0.1,Discrete Mathematics,Discrete Mathematics,Discrete Mathematics,False,"canonical form, kept distinct (large, coherent bucket)"
da::4.0.2,Discrete Mathematics,Discrete Mathematics,Discrete Mathematics,False,"canonical form, kept distinct (large, coherent bucket)"
da::4.0.3,Discrete Mathematics,Discrete Mathematics,Discrete Mathematics,False,"canonical form, kept distinct (large, coherent bucket)"
da::4.0.4,Discrete Mathematics,Discrete Mathematics,Discrete Mathematics,False,"canonical form, kept distinct (large, coherent bucket)"
da::4.0.5,Discrete Mathematics,Discrete Mathematics,Discrete Mathematics,False,"canonical form, kept distinct (large, coherent bucket)"
da::4.0.6,Discrete Mathematics,Discrete Mathematics,Discrete Mathematics,False,"canonical form, kept distinct (large, coherent bucket)"
da::4.0.7,Discrete Mathematics,Discrete Mathematics,Discrete Mathematics,False,"canonical form, kept distinct (large, coherent bucket)"
da::4.0.8,Discrete Mathematics,Discrete Mathematics,Discrete Mathematics,False,"canonical form, kept distinct (large, coherent bucket)"
da::4.0.9,Discrete Mathematics,Discrete Mathematics,Discrete Mathematics,False,"canonical form, kept distinct (large, coherent bucket)"
da::4.0.11,Discrete Mathematics,Discrete Mathematics,Discrete Mathematics,False,"canonical form, kept distinct (large, coherent bucket)"
da::4.2.1,Discrete Mathematics,Discrete Mathematics,Discrete Mathematics,False,"canonical form, kept distinct (large, coherent bucket)"
da::4.4.5,Discrete Mathematics,Discrete Mathematics,Discrete Mathematics,False,"canonical form, kept distinct (large, coherent bucket)"
da::4.4.6,Discrete Mathematics,Discrete Mathematics,Discrete Mathematics,False,"canonical form, kept distinct (large, coherent bucket)"
da::4.4.7,Discrete Mathematics,Discrete Mathematics,Discrete Mathematics,False,"canonical form, kept distinct (large, coherent bucket)"
da::4.4.8,Discrete Mathematics,Discrete Mathematics,Discrete Mathematics,False,"canonical form, kept distinct (large, coherent bucket)"
da::4.4.9,Discrete Mathematics,Discrete Mathematics,Discrete Mathematics,False,"canonical form, kept distinct (large, coherent bucket)"
da::4.4.10,Discrete Mathematics,Discrete Mathematics,Discrete Mathematics,False,"canonical form, kept distinct (large, coherent bucket)"
da::4.4.11,Discrete Mathematics,Discrete Mathematics,Discrete Mathematics,False,"canonical form, kept distinct (large, coherent bucket)"
da::4.4.12,Discrete Mathematics,Discrete Mathematics,Discrete Mathematics,False,"canonical form, kept distinct (large, coherent bucket)"
da::4.4.13,Discrete Mathematics,Discrete Mathematics,Discrete Mathematics,False,"canonical form, kept distinct (large, coherent bucket)"
da::4.4.14,Discrete Mathematics,Discrete Mathematics,Discrete Mathematics,False,"canonical form, kept distinct (large, coherent bucket)"
da::4.4.15,Discrete Mathematics,Discrete Mathematics,Discrete Mathematics,False,"canonical form, kept distinct (large, coherent bucket)"
da::4.4.16,Discrete Mathematics,Discrete Mathematics,Discrete Mathematics,False,"canonical form, kept distinct (large, coherent bucket)"
da::4.4.18,Discrete Mathematics,Discrete Mathematics,Discrete Mathematics,False,"canonical form, kept distinct (large, coherent bucket)"
da::4.4.19,Discrete Mathematics,Discrete Mathematics,Discrete Mathematics,False,"canonical form, kept distinct (large, coherent bucket)"
da::4.4.20,Discrete Mathematics,Discrete Mathematics,Discrete Mathematics,False,"canonical form, kept distinct (large, coherent bucket)"
da::4.4.21,Discrete Mathematics,Discrete Mathematics,Discrete Mathematics,False,"canonical form, kept distinct (large, coherent bucket)"
da::4.4.22,Discrete Mathematics,Discrete Mathematics,Discrete Mathematics,False,"canonical form, kept distinct (large, coherent bucket)"
da::4.4.23,Discrete Mathematics,Discrete Mathematics,Discrete Mathematics,False,"canonical form, kept distinct (large, coherent bucket)"
da::4.4.24,Discrete Mathematics,Discrete Mathematics,Discrete Mathematics,False,"canonical form, kept distinct (large, coherent bucket)"
da::4.4.25,Discrete Mathematics,Discrete Mathematics,Discrete Mathematics,False,"canonical form, kept distinct (large, coherent bucket)"
da::4.4.26,Discrete Mathematics,Discrete Mathematics,Discrete Mathematics,False,"canonical form, kept distinct (large, coherent bucket)"
da::4.4.27,Discrete Mathematics,Discrete Mathematics,Discrete Mathematics,False,"canonical form, kept distinct (large, coherent bucket)"
da::4.4.28,Discrete Mathematics,Discrete Mathematics,Discrete Mathematics,False,"canonical form, kept distinct (large, coherent bucket)"
da::4.4.29,Discrete Mathematics,Discrete Mathematics,Discrete Mathematics,False,"canonical form, kept distinct (large, coherent bucket)"
da::4.4.30,Discrete Mathematics,Discrete Mathematics,Discrete Mathematics,False,"canonical form, kept distinct (large, coherent bucket)"
da::4.4.31,Discrete Mathematics,Discrete Mathematics,Discrete Mathematics,False,"canonical form, kept distinct (large, coherent bucket)"
da::4.4.32,Discrete Mathematics,Discrete Mathematics,Discrete Mathematics,False,"canonical form, kept distinct (large, coherent bucket)"
da::4.4.33,Discrete Mathematics,Discrete Mathematics,Discrete Mathematics,False,"canonical form, kept distinct (large, coherent bucket)"
da::4.4.34,Discrete Mathematics,Discrete Mathematics,Discrete Mathematics,False,"canonical form, kept distinct (large, coherent bucket)"
da::4.4.36,Discrete Mathematics,Discrete Mathematics,Discrete Mathematics,False,"canonical form, kept distinct (large, coherent bucket)"
da::4.4.37,Discrete Mathematics,Discrete Mathematics,Discrete Mathematics,False,"canonical form, kept distinct (large, coherent bucket)"
da::4.4.38,Discrete Mathematics,Discrete Mathematics,Discrete Mathematics,False,"canonical form, kept distinct (large, coherent bucket)"
da::4.4.39,Discrete Mathematics,Discrete Mathematics,Discrete Mathematics,False,"canonical form, kept distinct (large, coherent bucket)"
da::4.4.40,Discrete Mathematics,Discrete Mathematics,Discrete Mathematics,False,"canonical form, kept distinct (large, coherent bucket)"
da::4.4.41,Discrete Mathematics,Discrete Mathematics,Discrete Mathematics,False,"canonical form, kept distinct (large, coherent bucket)"
da::4.4.42,Discrete Mathematics,Discrete Mathematics,Discrete Mathematics,False,"canonical form, kept distinct (large, coherent bucket)"
da::4.4.43,Discrete Mathematics,Discrete Mathematics,Discrete Mathematics,False,"canonical form, kept distinct (large, coherent bucket)"
da::4.4.44,Discrete Mathematics,Discrete Mathematics,Discrete Mathematics,False,"canonical form, kept distinct (large, coherent bucket)"
da::4.4.45,Discrete Mathematics,Discrete Mathematics,Discrete Mathematics,False,"canonical form, kept distinct (large, coherent bucket)"
da::4.6.1,Discrete Mathematics,Discrete Mathematics,Discrete Mathematics,False,"canonical form, kept distinct (large, coherent bucket)"
da::4.7.1,Discrete Mathematics,Discrete Mathematics,Discrete Mathematics,False,"canonical form, kept distinct (large, coherent bucket)"
da::4.7.2,Discrete Mathematics,Discrete Mathematics,Discrete Mathematics,False,"canonical form, kept distinct (large, coherent bucket)"
da::4.7.3,Discrete Mathematics,Discrete Mathematics,Discrete Mathematics,False,"canonical form, kept distinct (large, coherent bucket)"
da::4.7.4,Discrete Mathematics,Discrete Mathematics,Discrete Mathematics,False,"canonical form, kept distinct (large, coherent bucket)"
da::4.7.5,General Aptitude,Logical Reasoning,General Aptitude,False,canonical form
da::4.7.6,Discrete Mathematics,Discrete Mathematics,Discrete Mathematics,False,"canonical form, kept distinct (large, coherent bucket)"
da::4.7.7,General Aptitude,Logical Reasoning,General Aptitude,False,canonical form
da::4.7.8,Discrete Mathematics,Discrete Mathematics,Discrete Mathematics,False,"canonical form, kept distinct (large, coherent bucket)"
da::4.7.9,Discrete Mathematics,Discrete Mathematics,Discrete Mathematics,False,"canonical form, kept distinct (large, coherent bucket)"
da::4.7.10,Discrete Mathematics,Discrete Mathematics,Discrete Mathematics,False,"canonical form, kept distinct (large, coherent bucket)"
da::4.7.12,General Aptitude,Logical Reasoning,General Aptitude,False,canonical form
da::4.7.13,Discrete Mathematics,Discrete Mathematics,Discrete Mathematics,False,"canonical form, kept distinct (large, coherent bucket)"
da::4.7.14,Discrete Mathematics,Discrete Mathematics,Discrete Mathematics,False,"canonical form, kept distinct (large, coherent bucket)"
da::4.7.15,Discrete Mathematics,Discrete Mathematics,Discrete Mathematics,False,"canonical form, kept distinct (large, coherent bucket)"
da::4.9.1,Discrete Mathematics,Mathematical Logic,Discrete Mathematics,False,"canonical form, kept distinct (large, coherent bucket)"
da::4.9.2,General Aptitude,Mathematical Logic,General Aptitude,False,canonical form
da::4.10.3,Discrete Mathematics,Discrete Mathematics,Discrete Mathematics,False,"canonical form, kept distinct (large, coherent bucket)"
da::4.10.4,Discrete Mathematics,Discrete Mathematics,Discrete Mathematics,False,"canonical form, kept distinct (large, coherent bucket)"
da::4.10.5,Discrete Mathematics,Discrete Mathematics,Discrete Mathematics,False,"canonical form, kept distinct (large, coherent bucket)"
da::4.10.6,Discrete Mathematics,Discrete Mathematics,Discrete Mathematics,False,"canonical form, kept distinct (large, coherent bucket)"
da::4.10.9,Discrete Mathematics,Discrete Mathematics,Discrete Mathematics,False,"canonical form, kept distinct (large, coherent bucket)"
da::4.10.10,Discrete Mathematics,Discrete Mathematics,Discrete Mathematics,False,"canonical form, kept distinct (large, coherent bucket)"
da::4.10.12,Discrete Mathematics,Discrete Mathematics,Discrete Mathematics,False,"canonical form, kept distinct (large, coherent bucket)"
da::4.10.13,Mathematics,Mathematical Logic,Discrete Mathematics,False,"topic content is discrete-math, not calculus/probability/linear-algebra"
da::4.10.14,Mathematics,Mathematical Logic,Discrete Mathematics,False,"topic content is discrete-math, not calculus/probability/linear-algebra"
da::4.10.15,Mathematics,Mathematical Logic,Discrete Mathematics,False,"topic content is discrete-math, not calculus/probability/linear-algebra"
da::4.10.17,Mathematics,Mathematical Logic,Discrete Mathematics,False,"topic content is discrete-math, not calculus/probability/linear-algebra"
da::4.10.18,Mathematics,Mathematical Logic,Discrete Mathematics,False,"topic content is discrete-math, not calculus/probability/linear-algebra"
da::4.10.19,Mathematics,Mathematical Logic,Discrete Mathematics,False,"topic content is discrete-math, not calculus/probability/linear-algebra"
da::4.10.21,Mathematics,Mathematical Logic,Discrete Mathematics,False,"topic content is discrete-math, not calculus/probability/linear-algebra"
da::4.10.22,Mathematics,Mathematical Logic,Discrete Mathematics,False,"topic content is discrete-math, not calculus/probability/linear-algebra"
da::4.10.23,Mathematics,Mathematical Logic,Discrete Mathematics,False,"topic content is discrete-math, not calculus/probability/linear-algebra"
da::4.10.24,Mathematics,Mathematical Logic,Discrete Mathematics,False,"topic content is discrete-math, not calculus/probability/linear-algebra"
da::4.10.25,Mathematics,Mathematical Logic,Discrete Mathematics,False,"topic content is discrete-math, not calculus/probability/linear-algebra"
da::4.10.27,Mathematics,Mathematical Logic,Discrete Mathematics,False,"topic content is discrete-math, not calculus/probability/linear-algebra"
da::4.10.28,Mathematics,Mathematical Logic,Discrete Mathematics,False,"topic content is discrete-math, not calculus/probability/linear-algebra"
da::4.10.29,Mathematics,Mathematical Logic,Discrete Mathematics,False,"topic content is discrete-math, not calculus/probability/linear-algebra"
da::4.10.30,Mathematics,Mathematical Logic,Discrete Mathematics,False,"topic content is discrete-math, not calculus/probability/linear-algebra"
da::4.10.31,Mathematics,Mathematical Logic,Discrete Mathematics,False,"topic content is discrete-math, not calculus/probability/linear-algebra"
da::4.10.32,Mathematics,Mathematical Logic,Discrete Mathematics,False,"topic content is discrete-math, not calculus/probability/linear-algebra"
da::4.10.33,Mathematics,Mathematical Logic,Discrete Mathematics,False,"topic content is discrete-math, not calculus/probability/linear-algebra"
da::4.10.34,Mathematics,Mathematical Logic,Discrete Mathematics,False,"topic content is discrete-math, not calculus/probability/linear-algebra"
da::4.10.35,Mathematics,Mathematical Logic,Discrete Mathematics,False,"topic content is discrete-math, not calculus/probability/linear-algebra"
da::4.10.36,Mathematics,Mathematical Logic,Discrete Mathematics,False,"topic content is discrete-math, not calculus/probability/linear-algebra"
da::4.10.37,Mathematics,Mathematical Logic,Discrete Mathematics,False,"topic content is discrete-math, not calculus/probability/linear-algebra"
da::4.10.38,Mathematics,Mathematical Logic,Discrete Mathematics,False,"topic content is discrete-math, not calculus/probability/linear-algebra"
da::4.10.39,Mathematics,Mathematical Logic,Discrete Mathematics,False,"topic content is discrete-math, not calculus/probability/linear-algebra"
da::4.10.40,Mathematics,Mathematical Logic,Discrete Mathematics,False,"topic content is discrete-math, not calculus/probability/linear-algebra"
da::4.10.41,Mathematics,Mathematical Logic,Discrete Mathematics,False,"topic content is discrete-math, not calculus/probability/linear-algebra"
da::4.10.42,Mathematics,Mathematical Logic,Discrete Mathematics,False,"topic content is discrete-math, not calculus/probability/linear-algebra"
da::4.10.43,Mathematics,Mathematical Logic,Discrete Mathematics,False,"topic content is discrete-math, not calculus/probability/linear-algebra"
da::4.10.44,Mathematics,Mathematical Logic,Discrete Mathematics,False,"topic content is discrete-math, not calculus/probability/linear-algebra"
da::4.10.45,Mathematics,Mathematical Logic,Discrete Mathematics,False,"topic content is discrete-math, not calculus/probability/linear-algebra"
da::4.10.46,Mathematics,Mathematical Logic,Discrete Mathematics,False,"topic content is discrete-math, not calculus/probability/linear-algebra"
da::4.10.47,Mathematics,Mathematical Logic,Discrete Mathematics,False,"topic content is discrete-math, not calculus/probability/linear-algebra"
da::4.10.48,Mathematics,Mathematical Logic,Discrete Mathematics,False,"topic content is discrete-math, not calculus/probability/linear-algebra"
da::4.10.49,Mathematics,Mathematical Logic,Discrete Mathematics,False,"topic content is discrete-math, not calculus/probability/linear-algebra"
da::4.10.50,Mathematics,Mathematical Logic,Discrete Mathematics,False,"topic content is discrete-math, not calculus/probability/linear-algebra"
da::4.10.51,Mathematics,Mathematical Logic,Discrete Mathematics,False,"topic content is discrete-math, not calculus/probability/linear-algebra"
da::4.10.52,Mathematics,Mathematical Logic,Discrete Mathematics,False,"topic content is discrete-math, not calculus/probability/linear-algebra"
da::4.10.53,Mathematics,Mathematical Logic,Discrete Mathematics,False,"topic content is discrete-math, not calculus/probability/linear-algebra"
da::4.10.54,Mathematics,Mathematical Logic,Discrete Mathematics,False,"topic content is discrete-math, not calculus/probability/linear-algebra"
da::4.11.1,Mathematics,Mathematical Logic,Discrete Mathematics,False,"topic content is discrete-math, not calculus/probability/linear-algebra"
da::4.12.1,Mathematics,Mathematical Logic,Discrete Mathematics,False,"topic content is discrete-math, not calculus/probability/linear-algebra"
da::4.12.2,Mathematics,Mathematical Logic,Discrete Mathematics,False,"topic content is discrete-math, not calculus/probability/linear-algebra"
da::4.13.1,Mathematics,Mathematical Logic,Discrete Mathematics,False,"topic content is discrete-math, not calculus/probability/linear-algebra"
da::4.14.1,Mathematics,Mathematical Logic,Discrete Mathematics,False,"topic content is discrete-math, not calculus/probability/linear-algebra"
da::4.14.2,Mathematics,Mathematical Logic,Discrete Mathematics,False,"topic content is discrete-math, not calculus/probability/linear-algebra"
da::4.14.3,Mathematics,Mathematical Logic,Discrete Mathematics,False,"topic content is discrete-math, not calculus/probability/linear-algebra"
da::4.16.1,Mathematics,Mathematical Logic,Discrete Mathematics,False,"topic content is discrete-math, not calculus/probability/linear-algebra"
da::4.16.2,Mathematics,Mathematical Logic,Discrete Mathematics,False,"topic content is discrete-math, not calculus/probability/linear-algebra"
da::4.17.1,Mathematics,Mathematical Logic,Discrete Mathematics,False,"topic content is discrete-math, not calculus/probability/linear-algebra"
da::4.17.2,Mathematics,Mathematical Logic,Discrete Mathematics,False,"topic content is discrete-math, not calculus/probability/linear-algebra"
da::5.1.2,Mathematics,Calculus,Engineering Mathematics,True,fallback for non-discrete-math topics; see TOPIC_OVERRIDES for the Discrete-Math split
da::5.1.3,Mathematics,Calculus,Engineering Mathematics,True,fallback for non-discrete-math topics; see TOPIC_OVERRIDES for the Discrete-Math split
da::5.1.4,Mathematics,Calculus,Engineering Mathematics,True,fallback for non-discrete-math topics; see TOPIC_OVERRIDES for the Discrete-Math split
da::5.1.5,Mathematics,Calculus,Engineering Mathematics,True,fallback for non-discrete-math topics; see TOPIC_OVERRIDES for the Discrete-Math split
da::5.1.6,Mathematics,Calculus,Engineering Mathematics,True,fallback for non-discrete-math topics; see TOPIC_OVERRIDES for the Discrete-Math split
da::5.1.7,Mathematics,Calculus,Engineering Mathematics,True,fallback for non-discrete-math topics; see TOPIC_OVERRIDES for the Discrete-Math split
da::5.1.8,Mathematics,Calculus,Engineering Mathematics,True,fallback for non-discrete-math topics; see TOPIC_OVERRIDES for the Discrete-Math split
da::5.1.9,Mathematics,Calculus,Engineering Mathematics,True,fallback for non-discrete-math topics; see TOPIC_OVERRIDES for the Discrete-Math split
da::5.2.1,Mathematics,Calculus,Engineering Mathematics,True,fallback for non-discrete-math topics; see TOPIC_OVERRIDES for the Discrete-Math split
da::5.2.2,Mathematics,Calculus,Engineering Mathematics,True,fallback for non-discrete-math topics; see TOPIC_OVERRIDES for the Discrete-Math split
da::5.3.1,Mathematics,Calculus,Engineering Mathematics,True,fallback for non-discrete-math topics; see TOPIC_OVERRIDES for the Discrete-Math split
da::5.3.2,Mathematics,Calculus,Engineering Mathematics,True,fallback for non-discrete-math topics; see TOPIC_OVERRIDES for the Discrete-Math split
da::5.3.3,Mathematics,Calculus,Engineering Mathematics,True,fallback for non-discrete-math topics; see TOPIC_OVERRIDES for the Discrete-Math split
da::5.4.1,Mathematics,Calculus,Engineering Mathematics,True,fallback for non-discrete-math topics; see TOPIC_OVERRIDES for the Discrete-Math split
da::5.5.1,Mathematics,Calculus,Engineering Mathematics,True,fallback for non-discrete-math topics; see TOPIC_OVERRIDES for the Discrete-Math split
da::5.5.2,Mathematics,Calculus,Engineering Mathematics,True,fallback for non-discrete-math topics; see TOPIC_OVERRIDES for the Discrete-Math split
da::5.5.3,Mathematics,Calculus,Engineering Mathematics,True,fallback for non-discrete-math topics; see TOPIC_OVERRIDES for the Discrete-Math split
da::5.5.4,Mathematics,Calculus,Engineering Mathematics,True,fallback for non-discrete-math topics; see TOPIC_OVERRIDES for the Discrete-Math split
da::5.5.5,Mathematics,Calculus,Engineering Mathematics,True,fallback for non-discrete-math topics; see TOPIC_OVERRIDES for the Discrete-Math split
da::5.5.6,Mathematics,Calculus,Engineering Mathematics,True,fallback for non-discrete-math topics; see TOPIC_OVERRIDES for the Discrete-Math split
da::5.5.7,Mathematics,Calculus,Engineering Mathematics,True,fallback for non-discrete-math topics; see TOPIC_OVERRIDES for the Discrete-Math split
da::5.5.8,Mathematics,Calculus,Engineering Mathematics,True,fallback for non-discrete-math topics; see TOPIC_OVERRIDES for the Discrete-Math split
da::5.5.9,Mathematics,Calculus,Engineering Mathematics,True,fallback for non-discrete-math topics; see TOPIC_OVERRIDES for the Discrete-Math split
da::5.5.10,Mathematics,Calculus,Engineering Mathematics,True,fallback for non-discrete-math topics; see TOPIC_OVERRIDES for the Discrete-Math split
da::5.6.1,Mathematics,Calculus,Engineering Mathematics,True,fallback for non-discrete-math topics; see TOPIC_OVERRIDES for the Discrete-Math split
da::5.6.3,Mathematics,Calculus,Engineering Mathematics,True,fallback for non-discrete-math topics; see TOPIC_OVERRIDES for the Discrete-Math split
da::5.6.4,Mathematics,Calculus,Engineering Mathematics,True,fallback for non-discrete-math topics; see TOPIC_OVERRIDES for the Discrete-Math split
da::5.6.5,Mathematics,Calculus,Engineering Mathematics,True,fallback for non-discrete-math topics; see TOPIC_OVERRIDES for the Discrete-Math split
da::5.6.6,Mathematics,Calculus,Engineering Mathematics,True,fallback for non-discrete-math topics; see TOPIC_OVERRIDES for the Discrete-Math split
da::5.6.8,Mathematics,Calculus,Engineering Mathematics,True,fallback for non-discrete-math topics; see TOPIC_OVERRIDES for the Discrete-Math split
da::5.6.9,Mathematics,Calculus,Engineering Mathematics,True,fallback for non-discrete-math topics; see TOPIC_OVERRIDES for the Discrete-Math split
da::5.6.10,Mathematics,Calculus,Engineering Mathematics,True,fallback for non-discrete-math topics; see TOPIC_OVERRIDES for the Discrete-Math split
da::5.7.1,Mathematics,Calculus,Engineering Mathematics,True,fallback for non-discrete-math topics; see TOPIC_OVERRIDES for the Discrete-Math split
da::5.7.2,Mathematics,Calculus,Engineering Mathematics,True,fallback for non-discrete-math topics; see TOPIC_OVERRIDES for the Discrete-Math split
da::5.7.3,Mathematics,Calculus,Engineering Mathematics,True,fallback for non-discrete-math topics; see TOPIC_OVERRIDES for the Discrete-Math split
da::5.7.6,Mathematics,Calculus,Engineering Mathematics,True,fallback for non-discrete-math topics; see TOPIC_OVERRIDES for the Discrete-Math split
da::5.7.7,Mathematics,Calculus,Engineering Mathematics,True,fallback for non-discrete-math topics; see TOPIC_OVERRIDES for the Discrete-Math split
da::5.7.8,Mathematics,Calculus,Engineering Mathematics,True,fallback for non-discrete-math topics; see TOPIC_OVERRIDES for the Discrete-Math split
da::5.7.9,Mathematics,Calculus,Engineering Mathematics,True,fallback for non-discrete-math topics; see TOPIC_OVERRIDES for the Discrete-Math split
da::5.7.10,Mathematics,Calculus,Engineering Mathematics,True,fallback for non-discrete-math topics; see TOPIC_OVERRIDES for the Discrete-Math split
da::5.7.11,Mathematics,Calculus,Engineering Mathematics,True,fallback for non-discrete-math topics; see TOPIC_OVERRIDES for the Discrete-Math split
da::5.7.13,Mathematics,Calculus,Engineering Mathematics,True,fallback for non-discrete-math topics; see TOPIC_OVERRIDES for the Discrete-Math split
da::5.7.14,Mathematics,Calculus,Engineering Mathematics,True,fallback for non-discrete-math topics; see TOPIC_OVERRIDES for the Discrete-Math split
da::5.7.15,Mathematics,Calculus,Engineering Mathematics,True,fallback for non-discrete-math topics; see TOPIC_OVERRIDES for the Discrete-Math split
da::5.8.1,Mathematics,Calculus,Engineering Mathematics,True,fallback for non-discrete-math topics; see TOPIC_OVERRIDES for the Discrete-Math split
da::5.8.2,Mathematics,Calculus,Engineering Mathematics,True,fallback for non-discrete-math topics; see TOPIC_OVERRIDES for the Discrete-Math split
da::5.8.3,Mathematics,Calculus,Engineering Mathematics,True,fallback for non-discrete-math topics; see TOPIC_OVERRIDES for the Discrete-Math split
da::5.8.6,Mathematics,Calculus,Engineering Mathematics,True,fallback for non-discrete-math topics; see TOPIC_OVERRIDES for the Discrete-Math split
da::5.8.8,Mathematics,Calculus,Engineering Mathematics,True,fallback for non-discrete-math topics; see TOPIC_OVERRIDES for the Discrete-Math split
da::5.8.9,Mathematics,Calculus,Engineering Mathematics,True,fallback for non-discrete-math topics; see TOPIC_OVERRIDES for the Discrete-Math split
da::5.8.10,Mathematics,Calculus,Engineering Mathematics,True,fallback for non-discrete-math topics; see TOPIC_OVERRIDES for the Discrete-Math split
da::5.8.11,Mathematics,Calculus,Engineering Mathematics,True,fallback for non-discrete-math topics; see TOPIC_OVERRIDES for the Discrete-Math split
da::5.8.12,Mathematics,Calculus,Engineering Mathematics,True,fallback for non-discrete-math topics; see TOPIC_OVERRIDES for the Discrete-Math split
da::5.8.13,Mathematics,Calculus,Engineering Mathematics,True,fallback for non-discrete-math topics; see TOPIC_OVERRIDES for the Discrete-Math split
da::5.9.2,Mathematics,Calculus,Engineering Mathematics,True,fallback for non-discrete-math topics; see TOPIC_OVERRIDES for the Discrete-Math split
da::5.9.4,Mathematics,Calculus,Engineering Mathematics,True,fallback for non-discrete-math topics; see TOPIC_OVERRIDES for the Discrete-Math split
da::5.10.1,Mathematics,Calculus,Engineering Mathematics,True,fallback for non-discrete-math topics; see TOPIC_OVERRIDES for the Discrete-Math split
da::5.10.2,Mathematics,Calculus,Engineering Mathematics,True,fallback for non-discrete-math topics; see TOPIC_OVERRIDES for the Discrete-Math split
da::6.0.1,Mathematics,Discrete Mathematics,Discrete Mathematics,False,"topic content is discrete-math, not calculus/probability/linear-algebra"
da::6.0.2,Mathematics,Discrete Mathematics,Discrete Mathematics,False,"topic content is discrete-math, not calculus/probability/linear-algebra"
da::6.0.3,Mathematics,Discrete Mathematics,Discrete Mathematics,False,"topic content is discrete-math, not calculus/probability/linear-algebra"
da::6.0.4,Mathematics,Discrete Mathematics,Discrete Mathematics,False,"topic content is discrete-math, not calculus/probability/linear-algebra"
da::6.0.5,Mathematics,Discrete Mathematics,Discrete Mathematics,False,"topic content is discrete-math, not calculus/probability/linear-algebra"
da::6.0.6,Mathematics,Discrete Mathematics,Discrete Mathematics,False,"topic content is discrete-math, not calculus/probability/linear-algebra"
da::6.0.7,Computer Science,Discrete Mathematics,Computer Science (Miscellaneous),True,mixed grab-bag: Software Eng/OOP/Java/Graphics/Web/Cloud topics; not force-merged into any single GATE subject
da::6.0.8,Mathematics,Discrete Mathematics,Discrete Mathematics,False,"topic content is discrete-math, not calculus/probability/linear-algebra"
da::6.0.9,Mathematics,Discrete Mathematics,Discrete Mathematics,False,"topic content is discrete-math, not calculus/probability/linear-algebra"
da::6.0.10,Computer Science,Discrete Mathematics,Computer Science (Miscellaneous),True,mixed grab-bag: Software Eng/OOP/Java/Graphics/Web/Cloud topics; not force-merged into any single GATE subject
da::6.0.11,Mathematics,Discrete Mathematics,Discrete Mathematics,False,"topic content is discrete-math, not calculus/probability/linear-algebra"
da::6.1.1,Mathematics,Discrete Mathematics,Discrete Mathematics,False,"topic content is discrete-math, not calculus/probability/linear-algebra"
da::6.2.1,Mathematics,Discrete Mathematics,Discrete Mathematics,False,"topic content is discrete-math, not calculus/probability/linear-algebra"
da::6.2.2,Mathematics,Discrete Mathematics,Discrete Mathematics,False,"topic content is discrete-math, not calculus/probability/linear-algebra"
da::6.3.1,Mathematics,Discrete Mathematics,Discrete Mathematics,False,"topic content is discrete-math, not calculus/probability/linear-algebra"
da::6.4.1,Mathematics,Discrete Mathematics,Discrete Mathematics,False,"topic content is discrete-math, not calculus/probability/linear-algebra"
da::6.5.1,Mathematics,Discrete Mathematics,Discrete Mathematics,False,"topic content is discrete-math, not calculus/probability/linear-algebra"
da::6.5.2,Mathematics,Discrete Mathematics,Discrete Mathematics,False,"topic content is discrete-math, not calculus/probability/linear-algebra"
da::6.6.1,Mathematics,Discrete Mathematics,Discrete Mathematics,False,"topic content is discrete-math, not calculus/probability/linear-algebra"
da::6.7.1,Mathematics,Discrete Mathematics,Discrete Mathematics,False,"topic content is discrete-math, not calculus/probability/linear-algebra"
da::6.8.1,Mathematics,Discrete Mathematics,Discrete Mathematics,False,"topic content is discrete-math, not calculus/probability/linear-algebra"
da::6.9.1,Mathematics,Discrete Mathematics,Discrete Mathematics,False,"topic content is discrete-math, not calculus/probability/linear-algebra"
da::6.9.2,Mathematics,Discrete Mathematics,Discrete Mathematics,False,"topic content is discrete-math, not calculus/probability/linear-algebra"
da::6.10.2,Discrete Mathematics,Discrete Mathematics,Discrete Mathematics,False,"canonical form, kept distinct (large, coherent bucket)"
da::6.10.3,Discrete Mathematics,Discrete Mathematics,Discrete Mathematics,False,"canonical form, kept distinct (large, coherent bucket)"
da::6.10.4,Discrete Mathematics,Discrete Mathematics,Discrete Mathematics,False,"canonical form, kept distinct (large, coherent bucket)"
da::6.10.6,Discrete Mathematics,Discrete Mathematics,Discrete Mathematics,False,"canonical form, kept distinct (large, coherent bucket)"
da::6.10.7,Discrete Mathematics,Discrete Mathematics,Discrete Mathematics,False,"canonical form, kept distinct (large, coherent bucket)"
da::6.11.1,Discrete Mathematics,Set Theory,Discrete Mathematics,False,"canonical form, kept distinct (large, coherent bucket)"
da::6.11.2,Discrete Mathematics,Set Theory,Discrete Mathematics,False,"canonical form, kept distinct (large, coherent bucket)"
da::6.12.1,Discrete Mathematics,Discrete Mathematics,Discrete Mathematics,False,"canonical form, kept distinct (large, coherent bucket)"
da::6.12.2,Discrete Mathematics,Engineering Mathematics,Discrete Mathematics,False,"canonical form, kept distinct (large, coherent bucket)"
da::7.0.1,Mathematics,Linear Algebra,Engineering Mathematics,True,fallback for non-discrete-math topics; see TOPIC_OVERRIDES for the Discrete-Math split
da::7.1.1,Digital Logic,Boolean Algebra,Digital Logic,False,canonical form
da::7.2.1,Mathematics,Linear Algebra,Engineering Mathematics,True,fallback for non-discrete-math topics; see TOPIC_OVERRIDES for the Discrete-Math split
da::7.4.5,Mathematics,Engineering Mathematics,Engineering Mathematics,True,fallback for non-discrete-math topics; see TOPIC_OVERRIDES for the Discrete-Math split
da::7.4.7,Mathematics,Linear Algebra,Engineering Mathematics,True,fallback for non-discrete-math topics; see TOPIC_OVERRIDES for the Discrete-Math split
da::7.4.8,Mathematics,Linear Algebra,Engineering Mathematics,True,fallback for non-discrete-math topics; see TOPIC_OVERRIDES for the Discrete-Math split
da::7.5.3,Mathematics,Linear Algebra,Engineering Mathematics,True,fallback for non-discrete-math topics; see TOPIC_OVERRIDES for the Discrete-Math split
da::7.5.5,Mathematics,Linear Algebra,Engineering Mathematics,True,fallback for non-discrete-math topics; see TOPIC_OVERRIDES for the Discrete-Math split
da::7.5.8,Mathematics,Linear Algebra,Engineering Mathematics,True,fallback for non-discrete-math topics; see TOPIC_OVERRIDES for the Discrete-Math split
da::7.5.9,Mathematics,Linear Algebra,Engineering Mathematics,True,fallback for non-discrete-math topics; see TOPIC_OVERRIDES for the Discrete-Math split
da::7.5.11,Mathematics,Linear Algebra,Engineering Mathematics,True,fallback for non-discrete-math topics; see TOPIC_OVERRIDES for the Discrete-Math split
da::7.5.15,Mathematics,Linear Algebra,Engineering Mathematics,True,fallback for non-discrete-math topics; see TOPIC_OVERRIDES for the Discrete-Math split
da::7.5.17,Mathematics,Linear Algebra,Engineering Mathematics,True,fallback for non-discrete-math topics; see TOPIC_OVERRIDES for the Discrete-Math split
da::7.5.19,Mathematics,Engineering Mathematics,Engineering Mathematics,True,fallback for non-discrete-math topics; see TOPIC_OVERRIDES for the Discrete-Math split
da::7.5.21,Mathematics,Linear Algebra,Engineering Mathematics,True,fallback for non-discrete-math topics; see TOPIC_OVERRIDES for the Discrete-Math split
da::7.5.28,Mathematics,Linear Algebra,Engineering Mathematics,True,fallback for non-discrete-math topics; see TOPIC_OVERRIDES for the Discrete-Math split
da::7.6.1,Mathematics,Linear Algebra,Engineering Mathematics,True,fallback for non-discrete-math topics; see TOPIC_OVERRIDES for the Discrete-Math split
da::7.7.1,Mathematics,Linear Algebra,Engineering Mathematics,True,fallback for non-discrete-math topics; see TOPIC_OVERRIDES for the Discrete-Math split
da::7.9.1,Mathematics,Linear Algebra,Engineering Mathematics,True,fallback for non-discrete-math topics; see TOPIC_OVERRIDES for the Discrete-Math split
da::7.9.4,Mathematics,Linear Algebra,Engineering Mathematics,True,fallback for non-discrete-math topics; see TOPIC_OVERRIDES for the Discrete-Math split
da::7.9.8,Mathematics,Linear Algebra,Engineering Mathematics,True,fallback for non-discrete-math topics; see TOPIC_OVERRIDES for the Discrete-Math split
da::7.9.10,Mathematics,Linear Algebra,Engineering Mathematics,True,fallback for non-discrete-math topics; see TOPIC_OVERRIDES for the Discrete-Math split
da::7.9.11,Mathematics,Linear Algebra,Engineering Mathematics,True,fallback for non-discrete-math topics; see TOPIC_OVERRIDES for the Discrete-Math split
da::7.9.12,Mathematics,Linear Algebra,Engineering Mathematics,True,fallback for non-discrete-math topics; see TOPIC_OVERRIDES for the Discrete-Math split
da::7.9.13,Mathematics,Linear Algebra,Engineering Mathematics,True,fallback for non-discrete-math topics; see TOPIC_OVERRIDES for the Discrete-Math split
da::7.9.14,Mathematics,Linear Algebra,Engineering Mathematics,True,fallback for non-discrete-math topics; see TOPIC_OVERRIDES for the Discrete-Math split
da::7.9.17,Mathematics,Linear Algebra,Engineering Mathematics,True,fallback for non-discrete-math topics; see TOPIC_OVERRIDES for the Discrete-Math split
da::7.9.19,Mathematics,Linear Algebra,Engineering Mathematics,True,fallback for non-discrete-math topics; see TOPIC_OVERRIDES for the Discrete-Math split
da::7.9.20,Mathematics,Linear Algebra,Engineering Mathematics,True,fallback for non-discrete-math topics; see TOPIC_OVERRIDES for the Discrete-Math split
da::7.9.22,Mathematics,Linear Algebra,Engineering Mathematics,True,fallback for non-discrete-math topics; see TOPIC_OVERRIDES for the Discrete-Math split
da::7.10.1,Mathematics,Linear Algebra,Engineering Mathematics,True,fallback for non-discrete-math topics; see TOPIC_OVERRIDES for the Discrete-Math split
da::7.10.2,Mathematics,Linear Algebra,Engineering Mathematics,True,fallback for non-discrete-math topics; see TOPIC_OVERRIDES for the Discrete-Math split
da::7.11.1,Mathematics,Linear Algebra,Engineering Mathematics,True,fallback for non-discrete-math topics; see TOPIC_OVERRIDES for the Discrete-Math split
da::7.11.2,Mathematics,Linear Algebra,Engineering Mathematics,True,fallback for non-discrete-math topics; see TOPIC_OVERRIDES for the Discrete-Math split
da::7.13.5,Mathematics,Linear Algebra,Engineering Mathematics,True,fallback for non-discrete-math topics; see TOPIC_OVERRIDES for the Discrete-Math split
da::7.13.6,Mathematics,Linear Algebra,Engineering Mathematics,True,fallback for non-discrete-math topics; see TOPIC_OVERRIDES for the Discrete-Math split
da::7.15.1,Mathematics,Linear Algebra,Engineering Mathematics,True,fallback for non-discrete-math topics; see TOPIC_OVERRIDES for the Discrete-Math split
da::7.16.1,Mathematics,Linear Algebra,Engineering Mathematics,True,fallback for non-discrete-math topics; see TOPIC_OVERRIDES for the Discrete-Math split
da::7.17.1,Mathematics,Linear Algebra,Engineering Mathematics,True,fallback for non-discrete-math topics; see TOPIC_OVERRIDES for the Discrete-Math split
da::7.17.2,Mathematics,Linear Algebra,Engineering Mathematics,True,fallback for non-discrete-math topics; see TOPIC_OVERRIDES for the Discrete-Math split
da::7.17.4,Mathematics,Linear Algebra,Engineering Mathematics,True,fallback for non-discrete-math topics; see TOPIC_OVERRIDES for the Discrete-Math split
da::7.17.5,Mathematics,Linear Algebra,Engineering Mathematics,True,fallback for non-discrete-math topics; see TOPIC_OVERRIDES for the Discrete-Math split
da::7.17.6,Mathematics,Linear Algebra,Engineering Mathematics,True,fallback for non-discrete-math topics; see TOPIC_OVERRIDES for the Discrete-Math split
da::7.17.7,Mathematics,Linear Algebra,Engineering Mathematics,True,fallback for non-discrete-math topics; see TOPIC_OVERRIDES for the Discrete-Math split
da::7.17.8,Mathematics,Linear Algebra,Engineering Mathematics,True,fallback for non-discrete-math topics; see TOPIC_OVERRIDES for the Discrete-Math split
da::7.17.9,Mathematics,Linear Algebra,Engineering Mathematics,True,fallback for non-discrete-math topics; see TOPIC_OVERRIDES for the Discrete-Math split
da::7.17.10,Mathematics,Linear Algebra,Engineering Mathematics,True,fallback for non-discrete-math topics; see TOPIC_OVERRIDES for the Discrete-Math split
da::7.17.11,Mathematics,Linear Algebra,Engineering Mathematics,True,fallback for non-discrete-math topics; see TOPIC_OVERRIDES for the Discrete-Math split
da::7.17.12,Mathematics,Linear Algebra,Engineering Mathematics,True,fallback for non-discrete-math topics; see TOPIC_OVERRIDES for the Discrete-Math split
da::7.17.13,Mathematics,Linear Algebra,Engineering Mathematics,True,fallback for non-discrete-math topics; see TOPIC_OVERRIDES for the Discrete-Math split
da::7.17.14,Mathematics,Linear Algebra,Engineering Mathematics,True,fallback for non-discrete-math topics; see TOPIC_OVERRIDES for the Discrete-Math split
da::7.17.15,Mathematics,Linear Algebra,Engineering Mathematics,True,fallback for non-discrete-math topics; see TOPIC_OVERRIDES for the Discrete-Math split
da::7.17.16,Mathematics,Linear Algebra,Engineering Mathematics,True,fallback for non-discrete-math topics; see TOPIC_OVERRIDES for the Discrete-Math split
da::7.18.1,Mathematics,Linear Algebra,Engineering Mathematics,True,fallback for non-discrete-math topics; see TOPIC_OVERRIDES for the Discrete-Math split
da::7.18.3,Mathematics,Linear Algebra,Engineering Mathematics,True,fallback for non-discrete-math topics; see TOPIC_OVERRIDES for the Discrete-Math split
da::7.18.4,Mathematics,Linear Algebra,Engineering Mathematics,True,fallback for non-discrete-math topics; see TOPIC_OVERRIDES for the Discrete-Math split
da::7.18.5,Mathematics,Linear Algebra,Engineering Mathematics,True,fallback for non-discrete-math topics; see TOPIC_OVERRIDES for the Discrete-Math split
da::7.18.6,Mathematics,Linear Algebra,Engineering Mathematics,True,fallback for non-discrete-math topics; see TOPIC_OVERRIDES for the Discrete-Math split
da::8.1.1,Computer Science,Optimization,Computer Science (Miscellaneous),True,mixed grab-bag: Software Eng/OOP/Java/Graphics/Web/Cloud topics; not force-merged into any single GATE subject
da::8.2.1,Computer Science,Optimization,Computer Science (Miscellaneous),True,mixed grab-bag: Software Eng/OOP/Java/Graphics/Web/Cloud topics; not force-merged into any single GATE subject
da::8.2.2,Computer Science,Optimization,Computer Science (Miscellaneous),True,mixed grab-bag: Software Eng/OOP/Java/Graphics/Web/Cloud topics; not force-merged into any single GATE subject
da::8.2.3,Computer Science,Optimization,Computer Science (Miscellaneous),True,mixed grab-bag: Software Eng/OOP/Java/Graphics/Web/Cloud topics; not force-merged into any single GATE subject
da::8.2.4,Computer Science,Optimization,Computer Science (Miscellaneous),True,mixed grab-bag: Software Eng/OOP/Java/Graphics/Web/Cloud topics; not force-merged into any single GATE subject
da::8.2.5,Computer Science,Optimization,Computer Science (Miscellaneous),True,mixed grab-bag: Software Eng/OOP/Java/Graphics/Web/Cloud topics; not force-merged into any single GATE subject
da::8.2.9,Computer Science,Optimization,Computer Science (Miscellaneous),True,mixed grab-bag: Software Eng/OOP/Java/Graphics/Web/Cloud topics; not force-merged into any single GATE subject
da::8.2.10,Computer Science,Optimization,Computer Science (Miscellaneous),True,mixed grab-bag: Software Eng/OOP/Java/Graphics/Web/Cloud topics; not force-merged into any single GATE subject
da::8.3.1,Computer Science,Optimization,Computer Science (Miscellaneous),True,mixed grab-bag: Software Eng/OOP/Java/Graphics/Web/Cloud topics; not force-merged into any single GATE subject
da::8.3.2,Computer Science,Optimization,Computer Science (Miscellaneous),True,mixed grab-bag: Software Eng/OOP/Java/Graphics/Web/Cloud topics; not force-merged into any single GATE subject
da::8.4.1,Computer Science,Optimization,Computer Science (Miscellaneous),True,mixed grab-bag: Software Eng/OOP/Java/Graphics/Web/Cloud topics; not force-merged into any single GATE subject
da::9.1.1,Mathematics,Probability,Engineering Mathematics,True,fallback for non-discrete-math topics; see TOPIC_OVERRIDES for the Discrete-Math split
da::9.3.1,Mathematics,Probability,Engineering Mathematics,True,fallback for non-discrete-math topics; see TOPIC_OVERRIDES for the Discrete-Math split
da::9.4.1,Computer Science,Probability,Computer Science (Miscellaneous),True,mixed grab-bag: Software Eng/OOP/Java/Graphics/Web/Cloud topics; not force-merged into any single GATE subject
da::9.5.1,Mathematics,Probability,Engineering Mathematics,True,fallback for non-discrete-math topics; see TOPIC_OVERRIDES for the Discrete-Math split
da::9.5.2,Mathematics,Probability,Engineering Mathematics,True,fallback for non-discrete-math topics; see TOPIC_OVERRIDES for the Discrete-Math split
da::9.5.3,Mathematics,Probability,Engineering Mathematics,True,fallback for non-discrete-math topics; see TOPIC_OVERRIDES for the Discrete-Math split
da::9.5.4,Mathematics,Probability,Engineering Mathematics,True,fallback for non-discrete-math topics; see TOPIC_OVERRIDES for the Discrete-Math split
da::9.5.5,Mathematics,Probability,Engineering Mathematics,True,fallback for non-discrete-math topics; see TOPIC_OVERRIDES for the Discrete-Math split
da::9.5.6,Mathematics,Probability,Engineering Mathematics,True,fallback for non-discrete-math topics; see TOPIC_OVERRIDES for the Discrete-Math split
da::9.6.1,Mathematics,Probability,Engineering Mathematics,True,fallback for non-discrete-math topics; see TOPIC_OVERRIDES for the Discrete-Math split
da::9.7.1,Mathematics,Probability,Engineering Mathematics,True,fallback for non-discrete-math topics; see TOPIC_OVERRIDES for the Discrete-Math split
da::9.7.2,Mathematics,Probability,Engineering Mathematics,True,fallback for non-discrete-math topics; see TOPIC_OVERRIDES for the Discrete-Math split
da::9.7.3,Mathematics,Probability,Engineering Mathematics,True,fallback for non-discrete-math topics; see TOPIC_OVERRIDES for the Discrete-Math split
da::9.7.4,Mathematics,Probability,Engineering Mathematics,True,fallback for non-discrete-math topics; see TOPIC_OVERRIDES for the Discrete-Math split
da::9.7.5,Mathematics,Probability,Engineering Mathematics,True,fallback for non-discrete-math topics; see TOPIC_OVERRIDES for the Discrete-Math split
da::9.7.6,Mathematics,Probability,Engineering Mathematics,True,fallback for non-discrete-math topics; see TOPIC_OVERRIDES for the Discrete-Math split
da::9.7.7,Mathematics,Probability,Engineering Mathematics,True,fallback for non-discrete-math topics; see TOPIC_OVERRIDES for the Discrete-Math split
da::9.7.8,Mathematics,Probability,Engineering Mathematics,True,fallback for non-discrete-math topics; see TOPIC_OVERRIDES for the Discrete-Math split
da::9.7.9,Mathematics,Probability,Engineering Mathematics,True,fallback for non-discrete-math topics; see TOPIC_OVERRIDES for the Discrete-Math split
da::9.7.10,Mathematics,Probability,Engineering Mathematics,True,fallback for non-discrete-math topics; see TOPIC_OVERRIDES for the Discrete-Math split
da::9.7.13,Mathematics,Probability,Engineering Mathematics,True,fallback for non-discrete-math topics; see TOPIC_OVERRIDES for the Discrete-Math split
da::9.7.14,Mathematics,Probability,Engineering Mathematics,True,fallback for non-discrete-math topics; see TOPIC_OVERRIDES for the Discrete-Math split
da::9.9.1,Mathematics,Probability,Engineering Mathematics,True,fallback for non-discrete-math topics; see TOPIC_OVERRIDES for the Discrete-Math split
da::9.9.2,Mathematics,Probability,Engineering Mathematics,True,fallback for non-discrete-math topics; see TOPIC_OVERRIDES for the Discrete-Math split
da::9.9.3,Mathematics,Probability,Engineering Mathematics,True,fallback for non-discrete-math topics; see TOPIC_OVERRIDES for the Discrete-Math split
da::9.9.4,Mathematics,Probability,Engineering Mathematics,True,fallback for non-discrete-math topics; see TOPIC_OVERRIDES for the Discrete-Math split
da::9.9.5,Mathematics,Probability,Engineering Mathematics,True,fallback for non-discrete-math topics; see TOPIC_OVERRIDES for the Discrete-Math split
da::9.9.6,Mathematics,Probability,Engineering Mathematics,True,fallback for non-discrete-math topics; see TOPIC_OVERRIDES for the Discrete-Math split
da::9.9.7,Mathematics,Probability,Engineering Mathematics,True,fallback for non-discrete-math topics; see TOPIC_OVERRIDES for the Discrete-Math split
da::9.9.8,Mathematics,Probability,Engineering Mathematics,True,fallback for non-discrete-math topics; see TOPIC_OVERRIDES for the Discrete-Math split
da::9.9.9,Mathematics,Probability,Engineering Mathematics,True,fallback for non-discrete-math topics; see TOPIC_OVERRIDES for the Discrete-Math split
da::9.9.10,Mathematics,Probability,Engineering Mathematics,True,fallback for non-discrete-math topics; see TOPIC_OVERRIDES for the Discrete-Math split
da::9.9.11,Mathematics,Probability,Engineering Mathematics,True,fallback for non-discrete-math topics; see TOPIC_OVERRIDES for the Discrete-Math split
da::9.9.12,Mathematics,Probability,Engineering Mathematics,True,fallback for non-discrete-math topics; see TOPIC_OVERRIDES for the Discrete-Math split
da::9.9.13,Mathematics,Probability,Engineering Mathematics,True,fallback for non-discrete-math topics; see TOPIC_OVERRIDES for the Discrete-Math split
da::9.10.1,Mathematics,Probability,Engineering Mathematics,True,fallback for non-discrete-math topics; see TOPIC_OVERRIDES for the Discrete-Math split
da::9.10.2,Mathematics,Probability,Engineering Mathematics,True,fallback for non-discrete-math topics; see TOPIC_OVERRIDES for the Discrete-Math split
da::9.10.3,Mathematics,Probability,Engineering Mathematics,True,fallback for non-discrete-math topics; see TOPIC_OVERRIDES for the Discrete-Math split
da::9.10.4,Mathematics,Probability,Engineering Mathematics,True,fallback for non-discrete-math topics; see TOPIC_OVERRIDES for the Discrete-Math split
da::9.10.5,Mathematics,Probability,Engineering Mathematics,True,fallback for non-discrete-math topics; see TOPIC_OVERRIDES for the Discrete-Math split
da::9.11.1,Mathematics,Probability,Engineering Mathematics,True,fallback for non-discrete-math topics; see TOPIC_OVERRIDES for the Discrete-Math split
da::9.11.2,Mathematics,Probability,Engineering Mathematics,True,fallback for non-discrete-math topics; see TOPIC_OVERRIDES for the Discrete-Math split
da::9.11.3,Mathematics,Probability,Engineering Mathematics,True,fallback for non-discrete-math topics; see TOPIC_OVERRIDES for the Discrete-Math split
da::9.11.4,Mathematics,Probability,Engineering Mathematics,True,fallback for non-discrete-math topics; see TOPIC_OVERRIDES for the Discrete-Math split
da::9.11.5,Mathematics,Probability,Engineering Mathematics,True,fallback for non-discrete-math topics; see TOPIC_OVERRIDES for the Discrete-Math split
da::9.11.6,Mathematics,Probability,Engineering Mathematics,True,fallback for non-discrete-math topics; see TOPIC_OVERRIDES for the Discrete-Math split
da::9.13.1,Mathematics,Probability,Engineering Mathematics,True,fallback for non-discrete-math topics; see TOPIC_OVERRIDES for the Discrete-Math split
da::9.13.2,Mathematics,Probability,Engineering Mathematics,True,fallback for non-discrete-math topics; see TOPIC_OVERRIDES for the Discrete-Math split
da::9.14.1,Computer Science,Probability,Computer Science (Miscellaneous),True,mixed grab-bag: Software Eng/OOP/Java/Graphics/Web/Cloud topics; not force-merged into any single GATE subject
da::9.14.2,Computer Science,Probability,Computer Science (Miscellaneous),True,mixed grab-bag: Software Eng/OOP/Java/Graphics/Web/Cloud topics; not force-merged into any single GATE subject
da::9.15.1,Mathematics,Probability,Engineering Mathematics,True,fallback for non-discrete-math topics; see TOPIC_OVERRIDES for the Discrete-Math split
da::9.16.3,Mathematics,Probability,Engineering Mathematics,True,fallback for non-discrete-math topics; see TOPIC_OVERRIDES for the Discrete-Math split
da::9.16.4,Mathematics,Probability,Engineering Mathematics,True,fallback for non-discrete-math topics; see TOPIC_OVERRIDES for the Discrete-Math split
da::9.16.5,Mathematics,Probability,Engineering Mathematics,True,fallback for non-discrete-math topics; see TOPIC_OVERRIDES for the Discrete-Math split
da::9.17.1,Mathematics,Probability,Engineering Mathematics,True,fallback for non-discrete-math topics; see TOPIC_OVERRIDES for the Discrete-Math split
da::9.17.2,Mathematics,Probability,Engineering Mathematics,True,fallback for non-discrete-math topics; see TOPIC_OVERRIDES for the Discrete-Math split
da::9.17.3,Mathematics,Probability,Engineering Mathematics,True,fallback for non-discrete-math topics; see TOPIC_OVERRIDES for the Discrete-Math split
da::9.17.4,Mathematics,Probability,Engineering Mathematics,True,fallback for non-discrete-math topics; see TOPIC_OVERRIDES for the Discrete-Math split
da::9.17.5,Mathematics,Probability,Engineering Mathematics,True,fallback for non-discrete-math topics; see TOPIC_OVERRIDES for the Discrete-Math split
da::9.17.6,Mathematics,Probability,Engineering Mathematics,True,fallback for non-discrete-math topics; see TOPIC_OVERRIDES for the Discrete-Math split
da::9.17.7,Mathematics,Probability,Engineering Mathematics,True,fallback for non-discrete-math topics; see TOPIC_OVERRIDES for the Discrete-Math split
da::9.17.8,Mathematics,Probability,Engineering Mathematics,True,fallback for non-discrete-math topics; see TOPIC_OVERRIDES for the Discrete-Math split
da::9.17.9,Mathematics,Probability,Engineering Mathematics,True,fallback for non-discrete-math topics; see TOPIC_OVERRIDES for the Discrete-Math split
da::9.17.10,Mathematics,Probability,Engineering Mathematics,True,fallback for non-discrete-math topics; see TOPIC_OVERRIDES for the Discrete-Math split
da::9.17.11,Mathematics,Probability,Engineering Mathematics,True,fallback for non-discrete-math topics; see TOPIC_OVERRIDES for the Discrete-Math split
da::9.17.12,Mathematics,Probability,Engineering Mathematics,True,fallback for non-discrete-math topics; see TOPIC_OVERRIDES for the Discrete-Math split
da::9.17.13,Mathematics,Probability,Engineering Mathematics,True,fallback for non-discrete-math topics; see TOPIC_OVERRIDES for the Discrete-Math split
da::9.17.14,Mathematics,Probability,Engineering Mathematics,True,fallback for non-discrete-math topics; see TOPIC_OVERRIDES for the Discrete-Math split
da::9.17.15,Mathematics,Probability,Engineering Mathematics,True,fallback for non-discrete-math topics; see TOPIC_OVERRIDES for the Discrete-Math split
da::9.17.16,Mathematics,Probability,Engineering Mathematics,True,fallback for non-discrete-math topics; see TOPIC_OVERRIDES for the Discrete-Math split
da::9.17.17,Mathematics,Probability,Engineering Mathematics,True,fallback for non-discrete-math topics; see TOPIC_OVERRIDES for the Discrete-Math split
da::9.17.18,Mathematics,Probability,Engineering Mathematics,True,fallback for non-discrete-math topics; see TOPIC_OVERRIDES for the Discrete-Math split
da::9.17.19,Mathematics,Probability,Engineering Mathematics,True,fallback for non-discrete-math topics; see TOPIC_OVERRIDES for the Discrete-Math split
da::9.17.20,Mathematics,Probability,Engineering Mathematics,True,fallback for non-discrete-math topics; see TOPIC_OVERRIDES for the Discrete-Math split
da::9.17.21,Mathematics,Probability,Engineering Mathematics,True,fallback for non-discrete-math topics; see TOPIC_OVERRIDES for the Discrete-Math split
da::9.17.22,Mathematics,Probability,Engineering Mathematics,True,fallback for non-discrete-math topics; see TOPIC_OVERRIDES for the Discrete-Math split
da::9.17.23,Mathematics,Probability,Engineering Mathematics,True,fallback for non-discrete-math topics; see TOPIC_OVERRIDES for the Discrete-Math split
da::9.17.24,Mathematics,Probability,Engineering Mathematics,True,fallback for non-discrete-math topics; see TOPIC_OVERRIDES for the Discrete-Math split
da::9.17.25,Mathematics,Probability,Engineering Mathematics,True,fallback for non-discrete-math topics; see TOPIC_OVERRIDES for the Discrete-Math split
da::9.17.26,Mathematics,Probability,Engineering Mathematics,True,fallback for non-discrete-math topics; see TOPIC_OVERRIDES for the Discrete-Math split
da::9.17.27,Mathematics,Probability,Engineering Mathematics,True,fallback for non-discrete-math topics; see TOPIC_OVERRIDES for the Discrete-Math split
da::9.17.28,Mathematics,Probability,Engineering Mathematics,True,fallback for non-discrete-math topics; see TOPIC_OVERRIDES for the Discrete-Math split
da::9.17.29,Mathematics,Probability,Engineering Mathematics,True,fallback for non-discrete-math topics; see TOPIC_OVERRIDES for the Discrete-Math split
da::9.17.30,Mathematics,Probability,Engineering Mathematics,True,fallback for non-discrete-math topics; see TOPIC_OVERRIDES for the Discrete-Math split
da::9.17.31,Mathematics,Probability,Engineering Mathematics,True,fallback for non-discrete-math topics; see TOPIC_OVERRIDES for the Discrete-Math split
da::9.17.32,Mathematics,Probability,Engineering Mathematics,True,fallback for non-discrete-math topics; see TOPIC_OVERRIDES for the Discrete-Math split
da::9.17.33,Mathematics,Probability,Engineering Mathematics,True,fallback for non-discrete-math topics; see TOPIC_OVERRIDES for the Discrete-Math split
da::9.17.34,Mathematics,Probability,Engineering Mathematics,True,fallback for non-discrete-math topics; see TOPIC_OVERRIDES for the Discrete-Math split
da::9.17.35,Mathematics,Probability,Engineering Mathematics,True,fallback for non-discrete-math topics; see TOPIC_OVERRIDES for the Discrete-Math split
da::9.17.36,Mathematics,Probability,Engineering Mathematics,True,fallback for non-discrete-math topics; see TOPIC_OVERRIDES for the Discrete-Math split
da::9.17.38,Mathematics,Probability,Engineering Mathematics,True,fallback for non-discrete-math topics; see TOPIC_OVERRIDES for the Discrete-Math split
da::9.17.39,Mathematics,Probability,Engineering Mathematics,True,fallback for non-discrete-math topics; see TOPIC_OVERRIDES for the Discrete-Math split
da::9.17.40,Mathematics,Probability,Engineering Mathematics,True,fallback for non-discrete-math topics; see TOPIC_OVERRIDES for the Discrete-Math split
da::9.18.1,Mathematics,Probability,Engineering Mathematics,True,fallback for non-discrete-math topics; see TOPIC_OVERRIDES for the Discrete-Math split
da::9.20.1,Mathematics,Probability,Engineering Mathematics,True,fallback for non-discrete-math topics; see TOPIC_OVERRIDES for the Discrete-Math split
da::9.21.1,Mathematics,Probability,Engineering Mathematics,True,fallback for non-discrete-math topics; see TOPIC_OVERRIDES for the Discrete-Math split
da::9.21.2,Mathematics,Probability,Engineering Mathematics,True,fallback for non-discrete-math topics; see TOPIC_OVERRIDES for the Discrete-Math split
da::9.21.3,Mathematics,Probability,Engineering Mathematics,True,fallback for non-discrete-math topics; see TOPIC_OVERRIDES for the Discrete-Math split
da::9.21.4,Mathematics,Probability,Engineering Mathematics,True,fallback for non-discrete-math topics; see TOPIC_OVERRIDES for the Discrete-Math split
da::9.21.7,Mathematics,Probability,Engineering Mathematics,True,fallback for non-discrete-math topics; see TOPIC_OVERRIDES for the Discrete-Math split
da::9.21.8,Mathematics,Probability,Engineering Mathematics,True,fallback for non-discrete-math topics; see TOPIC_OVERRIDES for the Discrete-Math split
da::9.22.1,Mathematics,Probability,Engineering Mathematics,True,fallback for non-discrete-math topics; see TOPIC_OVERRIDES for the Discrete-Math split
da::9.23.1,Mathematics,Probability,Engineering Mathematics,True,fallback for non-discrete-math topics; see TOPIC_OVERRIDES for the Discrete-Math split
da::9.24.1,Mathematics,Probability,Engineering Mathematics,True,fallback for non-discrete-math topics; see TOPIC_OVERRIDES for the Discrete-Math split
da::9.25.1,Mathematics,Probability,Engineering Mathematics,True,fallback for non-discrete-math topics; see TOPIC_OVERRIDES for the Discrete-Math split
da::9.25.2,Mathematics,Probability,Engineering Mathematics,True,fallback for non-discrete-math topics; see TOPIC_OVERRIDES for the Discrete-Math split
da::9.25.3,Mathematics,Statistics,Engineering Mathematics,True,fallback for non-discrete-math topics; see TOPIC_OVERRIDES for the Discrete-Math split
da::9.25.4,Mathematics,Statistics,Engineering Mathematics,True,fallback for non-discrete-math topics; see TOPIC_OVERRIDES for the Discrete-Math split
da::9.25.5,Mathematics,Probability,Engineering Mathematics,True,fallback for non-discrete-math topics; see TOPIC_OVERRIDES for the Discrete-Math split
da::9.25.6,Mathematics,Probability,Engineering Mathematics,True,fallback for non-discrete-math topics; see TOPIC_OVERRIDES for the Discrete-Math split
da::9.26.1,Mathematics,Probability,Engineering Mathematics,True,fallback for non-discrete-math topics; see TOPIC_OVERRIDES for the Discrete-Math split
da::9.26.2,Mathematics,Probability,Engineering Mathematics,True,fallback for non-discrete-math topics; see TOPIC_OVERRIDES for the Discrete-Math split
da::9.26.3,Mathematics,Probability,Engineering Mathematics,True,fallback for non-discrete-math topics; see TOPIC_OVERRIDES for the Discrete-Math split
da::9.26.4,Mathematics,Probability,Engineering Mathematics,True,fallback for non-discrete-math topics; see TOPIC_OVERRIDES for the Discrete-Math split
da::9.26.5,Mathematics,Probability,Engineering Mathematics,True,fallback for non-discrete-math topics; see TOPIC_OVERRIDES for the Discrete-Math split
da::9.26.6,Mathematics,Engineering Mathematics,Engineering Mathematics,True,fallback for non-discrete-math topics; see TOPIC_OVERRIDES for the Discrete-Math split
da::9.26.7,Mathematics,Probability,Engineering Mathematics,True,fallback for non-discrete-math topics; see TOPIC_OVERRIDES for the Discrete-Math split
da::9.26.8,Mathematics,Probability,Engineering Mathematics,True,fallback for non-discrete-math topics; see TOPIC_OVERRIDES for the Discrete-Math split
da::9.26.9,Mathematics,Probability,Engineering Mathematics,True,fallback for non-discrete-math topics; see TOPIC_OVERRIDES for the Discrete-Math split
da::9.26.10,Mathematics,Probability,Engineering Mathematics,True,fallback for non-discrete-math topics; see TOPIC_OVERRIDES for the Discrete-Math split
da::9.27.1,Mathematics,Probability,Engineering Mathematics,True,fallback for non-discrete-math topics; see TOPIC_OVERRIDES for the Discrete-Math split
da::9.28.1,Mathematics,Probability,Engineering Mathematics,True,fallback for non-discrete-math topics; see TOPIC_OVERRIDES for the Discrete-Math split
da::10.1.1,Artificial Intelligence,Machine Learning,Artificial Intelligence,False,canonical form (GATE DA)
da::10.2.1,Artificial Intelligence,Machine Learning,Artificial Intelligence,False,canonical form (GATE DA)
da::10.3.1,Artificial Intelligence,Machine Learning,Artificial Intelligence,False,canonical form (GATE DA)
da::10.4.1,Artificial Intelligence,Machine Learning,Artificial Intelligence,False,canonical form (GATE DA)
da::10.5.1,Artificial Intelligence,Machine Learning,Artificial Intelligence,False,canonical form (GATE DA)
da::10.6.1,Artificial Intelligence,Machine Learning,Artificial Intelligence,False,canonical form (GATE DA)
da::10.6.2,Artificial Intelligence,Machine Learning,Artificial Intelligence,False,canonical form (GATE DA)
da::10.8.1,Artificial Intelligence,Machine Learning,Artificial Intelligence,False,canonical form (GATE DA)
da::10.9.1,Artificial Intelligence,Machine Learning,Artificial Intelligence,False,canonical form (GATE DA)
da::10.10.1,Artificial Intelligence,Machine Learning,Artificial Intelligence,False,canonical form (GATE DA)
da::10.12.1,Artificial Intelligence,Machine Learning,Artificial Intelligence,False,canonical form (GATE DA)
da::10.13.1,Artificial Intelligence,Machine Learning,Artificial Intelligence,False,canonical form (GATE DA)
da::10.14.1,Artificial Intelligence,Machine Learning,Artificial Intelligence,False,canonical form (GATE DA)
da::10.16.1,Artificial Intelligence,Machine Learning,Artificial Intelligence,False,canonical form (GATE DA)
da::10.16.2,Artificial Intelligence,Machine Learning,Artificial Intelligence,False,canonical form (GATE DA)
da::10.17.2,Artificial Intelligence,Machine Learning,Artificial Intelligence,False,canonical form (GATE DA)
da::10.17.4,Artificial Intelligence,Machine Learning,Artificial Intelligence,False,canonical form (GATE DA)
da::10.17.5,Artificial Intelligence,Machine Learning,Artificial Intelligence,False,canonical form (GATE DA)
da::10.18.1,Artificial Intelligence,Machine Learning,Artificial Intelligence,False,canonical form (GATE DA)
da::10.19.1,Artificial Intelligence,Machine Learning,Artificial Intelligence,False,canonical form (GATE DA)
da::10.20.1,Artificial Intelligence,Machine Learning,Artificial Intelligence,False,canonical form (GATE DA)
da::10.21.1,Artificial Intelligence,Machine Learning,Artificial Intelligence,False,canonical form (GATE DA)
da::10.23.1,Artificial Intelligence,Machine Learning,Artificial Intelligence,False,canonical form (GATE DA)
da::10.24.1,Artificial Intelligence,Machine Learning,Artificial Intelligence,False,canonical form (GATE DA)
da::10.25.1,Artificial Intelligence,Machine Learning,Artificial Intelligence,False,canonical form (GATE DA)
da::11.1.1,Operations Research,Optimization,Operations Research,False,canonical form (GATE DA)
da::11.1.2,Operations Research,Optimization,Operations Research,False,canonical form (GATE DA)
da::11.2.1,Operations Research,Optimization,Operations Research,False,canonical form (GATE DA)
da::11.3.1,Operations Research,Optimization,Operations Research,False,canonical form (GATE DA)
da::11.3.2,Operations Research,Optimization,Operations Research,False,canonical form (GATE DA)
da::11.3.3,Operations Research,Optimization,Operations Research,False,canonical form (GATE DA)
da::11.3.4,Operations Research,Optimization,Operations Research,False,canonical form (GATE DA)
da::11.3.5,Operations Research,Optimization,Operations Research,False,canonical form (GATE DA)
da::11.3.6,Operations Research,Optimization,Operations Research,False,canonical form (GATE DA)
da::11.3.7,Operations Research,Optimization,Operations Research,False,canonical form (GATE DA)
da::11.4.1,Operations Research,Optimization,Operations Research,False,canonical form (GATE DA)
da::11.5.1,Operations Research,Optimization,Operations Research,False,canonical form (GATE DA)
da::11.5.2,Operations Research,Optimization,Operations Research,False,canonical form (GATE DA)
da::11.5.3,Operations Research,Optimization,Operations Research,False,canonical form (GATE DA)
da::11.6.2,Operations Research,Optimization,Operations Research,False,canonical form (GATE DA)
da::11.6.4,Operations Research,Optimization,Operations Research,False,canonical form (GATE DA)
da::12.1.1,Programming,Programming in C,Programming and Data Structures,False,100/104 topics are 'Programming in C'
da::12.1.2,Programming,Programming in C,Programming and Data Structures,False,100/104 topics are 'Programming in C'
da::12.1.3,Programming,Programming in C,Programming and Data Structures,False,100/104 topics are 'Programming in C'
da::12.1.4,Programming,Programming in C,Programming and Data Structures,False,100/104 topics are 'Programming in C'
da::12.1.5,Programming,Programming in C,Programming and Data Structures,False,100/104 topics are 'Programming in C'
da::12.2.1,Programming,Programming in C,Programming and Data Structures,False,100/104 topics are 'Programming in C'
da::12.3.1,Programming,Programming in C,Programming and Data Structures,False,100/104 topics are 'Programming in C'
da::12.4.1,Programming,Programming in C,Programming and Data Structures,False,100/104 topics are 'Programming in C'
da::12.5.1,Programming,Programming in C,Programming and Data Structures,False,100/104 topics are 'Programming in C'
da::12.6.1,Programming,Programming in C,Programming and Data Structures,False,100/104 topics are 'Programming in C'
da::12.7.1,Programming,Programming in C,Programming and Data Structures,False,100/104 topics are 'Programming in C'
da::12.8.1,Programming,Theory of Computation,Programming and Data Structures,False,100/104 topics are 'Programming in C'
da::12.9.1,Programming,Programming in C,Programming and Data Structures,False,100/104 topics are 'Programming in C'
da::12.10.1,Programming,Programming in C,Programming and Data Structures,False,100/104 topics are 'Programming in C'
da::12.11.1,Programming,Programming in C,Programming and Data Structures,False,100/104 topics are 'Programming in C'
da::12.12.1,Programming,Programming in C,Programming and Data Structures,False,100/104 topics are 'Programming in C'
da::12.13.1,Programming,Programming in C,Programming and Data Structures,False,100/104 topics are 'Programming in C'
da::12.13.2,Programming,Programming in C,Programming and Data Structures,False,100/104 topics are 'Programming in C'
da::12.14.1,Programming,Programming in C,Programming and Data Structures,False,100/104 topics are 'Programming in C'
da::12.14.2,Programming,Programming in C,Programming and Data Structures,False,100/104 topics are 'Programming in C'
da::12.14.3,Programming,Programming in C,Programming and Data Structures,False,100/104 topics are 'Programming in C'
da::12.15.1,Programming,Programming in C,Programming and Data Structures,False,100/104 topics are 'Programming in C'
da::12.15.2,Programming,Programming in C,Programming and Data Structures,False,100/104 topics are 'Programming in C'
da::12.15.3,Programming,Programming in C,Programming and Data Structures,False,100/104 topics are 'Programming in C'
da::12.15.4,Programming,Programming in C,Programming and Data Structures,False,100/104 topics are 'Programming in C'
da::12.15.5,Programming,Programming in C,Programming and Data Structures,False,100/104 topics are 'Programming in C'
da::12.15.6,Programming,Programming in C,Programming and Data Structures,False,100/104 topics are 'Programming in C'
da::12.15.7,Programming,Programming in C,Programming and Data Structures,False,100/104 topics are 'Programming in C'
da::12.16.1,Programming,Programming in C,Programming and Data Structures,False,100/104 topics are 'Programming in C'
da::12.17.1,Programming,Programming in C,Programming and Data Structures,False,100/104 topics are 'Programming in C'
da::12.18.1,Programming,Programming in C,Programming and Data Structures,False,100/104 topics are 'Programming in C'
da::12.19.1,Programming,Programming in C,Programming and Data Structures,False,100/104 topics are 'Programming in C'
da::12.19.2,Programming,Programming in C,Programming and Data Structures,False,100/104 topics are 'Programming in C'
da::12.19.3,Programming,Programming in C,Programming and Data Structures,False,100/104 topics are 'Programming in C'
da::12.19.4,Programming,Programming in C,Programming and Data Structures,False,100/104 topics are 'Programming in C'
da::12.19.5,Programming,Programming in C,Programming and Data Structures,False,100/104 topics are 'Programming in C'
da::12.19.6,Programming,Programming in C,Programming and Data Structures,False,100/104 topics are 'Programming in C'
da::12.19.7,Programming,Programming in C,Programming and Data Structures,False,100/104 topics are 'Programming in C'
da::12.20.1,Programming,Programming in C,Programming and Data Structures,False,100/104 topics are 'Programming in C'
da::12.20.2,Programming,Programming in C,Programming and Data Structures,False,100/104 topics are 'Programming in C'
da::12.20.3,Programming,Programming in C,Programming and Data Structures,False,100/104 topics are 'Programming in C'
da::12.20.4,Programming,Programming in C,Programming and Data Structures,False,100/104 topics are 'Programming in C'
da::12.20.5,Programming,Programming in C,Programming and Data Structures,False,100/104 topics are 'Programming in C'
da::12.20.6,Programming,Logic / Prolog,Programming and Data Structures,False,100/104 topics are 'Programming in C'
da::12.20.7,Programming,Programming in C,Programming and Data Structures,False,100/104 topics are 'Programming in C'
da::12.20.8,Programming,Programming in C,Programming and Data Structures,False,100/104 topics are 'Programming in C'
da::12.20.9,Programming,Programming in C,Programming and Data Structures,False,100/104 topics are 'Programming in C'
da::12.20.10,Programming,Programming in C,Programming and Data Structures,False,100/104 topics are 'Programming in C'
da::12.20.11,Programming,Programming in C,Programming and Data Structures,False,100/104 topics are 'Programming in C'
da::12.20.12,Programming,Programming in C,Programming and Data Structures,False,100/104 topics are 'Programming in C'
da::12.20.13,Programming,Programming in C,Programming and Data Structures,False,100/104 topics are 'Programming in C'
da::12.20.14,Programming,Programming in C,Programming and Data Structures,False,100/104 topics are 'Programming in C'
da::12.20.15,Programming,Programming in C,Programming and Data Structures,False,100/104 topics are 'Programming in C'
da::12.20.16,Programming,Programming in C,Programming and Data Structures,False,100/104 topics are 'Programming in C'
da::12.20.17,Programming,Programming in C,Programming and Data Structures,False,100/104 topics are 'Programming in C'
da::12.21.1,Programming,Programming in C,Programming and Data Structures,False,100/104 topics are 'Programming in C'
da::12.22.1,Programming,Programming in C,Programming and Data Structures,False,100/104 topics are 'Programming in C'
da::12.23.1,Programming,Programming in C,Programming and Data Structures,False,100/104 topics are 'Programming in C'
da::13.1.3,Data Structures,Data Structures,Programming and Data Structures,False,same GATE syllabus section
da::13.1.4,Data Structures,Data Structures,Programming and Data Structures,False,same GATE syllabus section
da::13.1.5,Data Structures,Data Structures,Programming and Data Structures,False,same GATE syllabus section
da::13.1.6,Data Structures,Data Structures,Programming and Data Structures,False,same GATE syllabus section
da::13.1.7,Data Structures,Data Structures,Programming and Data Structures,False,same GATE syllabus section
da::13.1.9,Data Structures,Data Structures,Programming and Data Structures,False,same GATE syllabus section
da::13.2.1,Data Structures,Data Structures,Programming and Data Structures,False,same GATE syllabus section
da::13.2.2,Data Structures,Data Structures,Programming and Data Structures,False,same GATE syllabus section
da::13.2.5,Programming and Data Structure,Data Structures,Programming and Data Structures,False,case/pluralization dupe
da::13.2.6,Programming and Data Structure,Data Structures,Programming and Data Structures,False,case/pluralization dupe
da::13.2.8,Programming and Data Structure,Data Structures,Programming and Data Structures,False,case/pluralization dupe
da::13.2.9,Programming and Data Structure,Data Structures,Programming and Data Structures,False,case/pluralization dupe
da::13.2.10,Programming and Data Structure,Data Structures,Programming and Data Structures,False,case/pluralization dupe
da::13.2.11,Programming and Data Structure,Data Structures,Programming and Data Structures,False,case/pluralization dupe
da::13.2.13,Programming and Data Structure,Data Structures,Programming and Data Structures,False,case/pluralization dupe
da::13.2.14,Computer Organization and Architecture,Data Structures,Computer Organization and Architecture,False,canonical form
da::13.2.15,Operating System,Data Structures,Operating Systems,False,case/pluralization dupe
da::13.3.1,Programming and Data Structure,Data Structures,Programming and Data Structures,False,case/pluralization dupe
da::13.3.2,Programming and Data Structure,Data Structures,Programming and Data Structures,False,case/pluralization dupe
da::13.3.3,Programming and Data Structure,Data Structures,Programming and Data Structures,False,case/pluralization dupe
da::13.3.4,Programming and Data Structure,Data Structures,Programming and Data Structures,False,case/pluralization dupe
da::13.3.5,Programming and Data Structure,Data Structures,Programming and Data Structures,False,case/pluralization dupe
da::13.4.2,Programming and Data Structure,Data Structures,Programming and Data Structures,False,case/pluralization dupe
da::13.4.4,Programming and Data Structure,Data Structures,Programming and Data Structures,False,case/pluralization dupe
da::13.4.5,Programming and Data Structure,Data Structures,Programming and Data Structures,False,case/pluralization dupe
da::13.4.7,Programming and Data Structure,Data Structures,Programming and Data Structures,False,case/pluralization dupe
da::13.4.8,Programming and Data Structure,Data Structures,Programming and Data Structures,False,case/pluralization dupe
da::13.4.9,Programming and Data Structure,Data Structures,Programming and Data Structures,False,case/pluralization dupe
da::13.4.10,Programming and Data Structure,Data Structures,Programming and Data Structures,False,case/pluralization dupe
da::13.4.11,Programming and Data Structure,Data Structures,Programming and Data Structures,False,case/pluralization dupe
da::13.4.12,Programming and Data Structure,Data Structures,Programming and Data Structures,False,case/pluralization dupe
da::13.4.13,Programming and Data Structure,Data Structures,Programming and Data Structures,False,case/pluralization dupe
da::13.4.15,Programming and Data Structure,Data Structures,Programming and Data Structures,False,case/pluralization dupe
da::13.4.17,Programming and Data Structure,Data Structures,Programming and Data Structures,False,case/pluralization dupe
da::13.4.18,Programming and Data Structure,Data Structures,Programming and Data Structures,False,case/pluralization dupe
da::13.4.19,Programming and Data Structure,Data Structures,Programming and Data Structures,False,case/pluralization dupe
da::13.4.20,Programming and Data Structure,Data Structures,Programming and Data Structures,False,case/pluralization dupe
da::13.4.21,Programming and Data Structure,Data Structures,Programming and Data Structures,False,case/pluralization dupe
da::13.4.22,Programming and Data Structure,Data Structures,Programming and Data Structures,False,case/pluralization dupe
da::13.4.23,Programming and Data Structure,Data Structures,Programming and Data Structures,False,case/pluralization dupe
da::13.4.24,Programming and Data Structure,Data Structures,Programming and Data Structures,False,case/pluralization dupe
da::13.4.25,Programming and Data Structure,Data Structures,Programming and Data Structures,False,case/pluralization dupe
da::13.4.26,Programming and Data Structure,Data Structures,Programming and Data Structures,False,case/pluralization dupe
da::13.4.27,Programming and Data Structure,Data Structures,Programming and Data Structures,False,case/pluralization dupe
da::13.4.28,Programming and Data Structure,Data Structures,Programming and Data Structures,False,case/pluralization dupe
da::13.4.29,Programming and Data Structure,Data Structures,Programming and Data Structures,False,case/pluralization dupe
da::13.4.30,Programming and Data Structure,Data Structures,Programming and Data Structures,False,case/pluralization dupe
da::13.4.31,Programming and Data Structure,Data Structures,Programming and Data Structures,False,case/pluralization dupe
da::13.4.33,Programming and Data Structure,Data Structures,Programming and Data Structures,False,case/pluralization dupe
da::13.4.34,Programming and Data Structure,Data Structures,Programming and Data Structures,False,case/pluralization dupe
da::13.4.35,Programming and Data Structure,Data Structures,Programming and Data Structures,False,case/pluralization dupe
da::13.4.36,Programming and Data Structure,Data Structures,Programming and Data Structures,False,case/pluralization dupe
da::13.4.37,Programming and Data Structure,Data Structures,Programming and Data Structures,False,case/pluralization dupe
da::13.4.38,Programming and Data Structure,Data Structures,Programming and Data Structures,False,case/pluralization dupe
da::13.4.39,Programming and Data Structure,Data Structures,Programming and Data Structures,False,case/pluralization dupe
da::13.4.40,Programming and Data Structure,Data Structures,Programming and Data Structures,False,case/pluralization dupe
da::13.5.1,Programming and Data Structure,Data Structures,Programming and Data Structures,False,case/pluralization dupe
da::13.5.3,Programming and Data Structure,Data Structures,Programming and Data Structures,False,case/pluralization dupe
da::13.5.5,Programming and Data Structure,Data Structures,Programming and Data Structures,False,case/pluralization dupe
da::13.5.6,Programming and Data Structure,Data Structures,Programming and Data Structures,False,case/pluralization dupe
da::13.5.7,Programming and Data Structure,Data Structures,Programming and Data Structures,False,case/pluralization dupe
da::13.5.8,Programming and Data Structure,Data Structures,Programming and Data Structures,False,case/pluralization dupe
da::13.5.9,Programming and Data Structure,Data Structures,Programming and Data Structures,False,case/pluralization dupe
da::13.5.10,Programming and Data Structure,Data Structures,Programming and Data Structures,False,case/pluralization dupe
da::13.5.11,Programming and Data Structure,Data Structures,Programming and Data Structures,False,case/pluralization dupe
da::13.5.12,Programming and Data Structure,Data Structures,Programming and Data Structures,False,case/pluralization dupe
da::13.5.13,Programming and Data Structure,Data Structures,Programming and Data Structures,False,case/pluralization dupe
da::13.5.14,Programming and Data Structure,Data Structures,Programming and Data Structures,False,case/pluralization dupe
da::13.5.15,Programming and Data Structure,Data Structures,Programming and Data Structures,False,case/pluralization dupe
da::13.5.16,Programming and Data Structure,Data Structures,Programming and Data Structures,False,case/pluralization dupe
da::13.5.17,Programming and Data Structure,Data Structures,Programming and Data Structures,False,case/pluralization dupe
da::13.5.18,Programming and Data Structure,Data Structures,Programming and Data Structures,False,case/pluralization dupe
da::13.5.19,Programming and Data Structure,Data Structures,Programming and Data Structures,False,case/pluralization dupe
da::13.5.20,Programming and Data Structure,Data Structures,Programming and Data Structures,False,case/pluralization dupe
da::13.5.21,Programming and Data Structure,Data Structures,Programming and Data Structures,False,case/pluralization dupe
da::13.5.22,Programming and Data Structure,Data Structures,Programming and Data Structures,False,case/pluralization dupe
da::13.5.23,Programming and Data Structure,Data Structures,Programming and Data Structures,False,case/pluralization dupe
da::13.5.24,Programming and Data Structure,Data Structures,Programming and Data Structures,False,case/pluralization dupe
da::13.5.25,Programming and Data Structure,Data Structures,Programming and Data Structures,False,case/pluralization dupe
da::13.5.26,Programming and Data Structure,Data Structures,Programming and Data Structures,False,case/pluralization dupe
da::13.5.27,Programming and Data Structure,Data Structures,Programming and Data Structures,False,case/pluralization dupe
da::13.5.28,Programming and Data Structure,Data Structures,Programming and Data Structures,False,case/pluralization dupe
da::13.5.29,Programming and Data Structure,Data Structures,Programming and Data Structures,False,case/pluralization dupe
da::13.5.30,Programming and Data Structure,Data Structures,Programming and Data Structures,False,case/pluralization dupe
da::13.5.31,Programming and Data Structure,Data Structures,Programming and Data Structures,False,case/pluralization dupe
da::13.5.32,Programming and Data Structure,Data Structures,Programming and Data Structures,False,case/pluralization dupe
da::13.5.33,Programming and Data Structure,Data Structures,Programming and Data Structures,False,case/pluralization dupe
da::13.5.34,Programming and Data Structure,Data Structures,Programming and Data Structures,False,case/pluralization dupe
da::13.5.35,Programming and Data Structure,Data Structures,Programming and Data Structures,False,case/pluralization dupe
da::13.5.36,Programming and Data Structure,Data Structures,Programming and Data Structures,False,case/pluralization dupe
da::13.5.37,Programming and Data Structure,Data Structures,Programming and Data Structures,False,case/pluralization dupe
da::13.5.38,Programming and Data Structure,Data Structures,Programming and Data Structures,False,case/pluralization dupe
da::13.5.39,Programming and Data Structure,Data Structures,Programming and Data Structures,False,case/pluralization dupe
da::13.5.41,Programming and Data Structure,Data Structures,Programming and Data Structures,False,case/pluralization dupe
da::13.5.42,Programming and Data Structure,Data Structures,Programming and Data Structures,False,case/pluralization dupe
da::13.5.43,Data Structures,Data Structures,Programming and Data Structures,False,same GATE syllabus section
da::13.6.1,Data Structures,Data Structures,Programming and Data Structures,False,same GATE syllabus section
da::13.6.2,Data Structures,Data Structures,Programming and Data Structures,False,same GATE syllabus section
da::13.6.6,Data Structures,Data Structures,Programming and Data Structures,False,same GATE syllabus section
da::13.6.7,Data Structures,Data Structures,Programming and Data Structures,False,same GATE syllabus section
da::13.6.15,Data Structures,Data Structures,Programming and Data Structures,False,same GATE syllabus section
da::13.6.20,Data Structures,Data Structures,Programming and Data Structures,False,same GATE syllabus section
da::13.6.21,Data Structures,Data Structures,Programming and Data Structures,False,same GATE syllabus section
da::13.6.22,Data Structures,Data Structures,Programming and Data Structures,False,same GATE syllabus section
da::13.6.24,Data Structures,Data Structures,Programming and Data Structures,False,same GATE syllabus section
da::13.6.25,Data Structures,Data Structures,Programming and Data Structures,False,same GATE syllabus section
da::13.6.26,Data Structures,Data Structures,Programming and Data Structures,False,same GATE syllabus section
da::13.6.27,Data Structures,Data Structures,Programming and Data Structures,False,same GATE syllabus section
da::13.6.28,Data Structures,Data Structures,Programming and Data Structures,False,same GATE syllabus section
da::13.6.29,Data Structures,Data Structures,Programming and Data Structures,False,same GATE syllabus section
da::13.6.30,Data Structures,Data Structures,Programming and Data Structures,False,same GATE syllabus section
da::13.6.31,Data Structures,Data Structures,Programming and Data Structures,False,same GATE syllabus section
da::13.6.32,Data Structures,Data Structures,Programming and Data Structures,False,same GATE syllabus section
da::13.6.33,Data Structures,Data Structures,Programming and Data Structures,False,same GATE syllabus section
da::13.6.34,Data Structures,Data Structures,Programming and Data Structures,False,same GATE syllabus section
da::13.6.35,Data Structures,Data Structures,Programming and Data Structures,False,same GATE syllabus section
da::13.6.36,Data Structures,Data Structures,Programming and Data Structures,False,same GATE syllabus section
da::13.6.37,Data Structures,Data Structures,Programming and Data Structures,False,same GATE syllabus section
da::13.6.38,Data Structures,Data Structures,Programming and Data Structures,False,same GATE syllabus section
da::13.6.39,Data Structures,Data Structures,Programming and Data Structures,False,same GATE syllabus section
da::13.6.40,Data Structures,Data Structures,Programming and Data Structures,False,same GATE syllabus section
da::13.6.41,Data Structures,Data Structures,Programming and Data Structures,False,same GATE syllabus section
da::13.6.43,Data Structures,Data Structures,Programming and Data Structures,False,same GATE syllabus section
da::13.6.44,Data Structures,Data Structures,Programming and Data Structures,False,same GATE syllabus section
da::13.6.45,Data Structures,Data Structures,Programming and Data Structures,False,same GATE syllabus section
da::13.6.47,Data Structures,Data Structures,Programming and Data Structures,False,same GATE syllabus section
da::13.6.48,Data Structures,Data Structures,Programming and Data Structures,False,same GATE syllabus section
da::13.6.49,Programming and Data Structure,Data Structures,Programming and Data Structures,False,case/pluralization dupe
da::13.6.50,Programming and Data Structure,Data Structures,Programming and Data Structures,False,case/pluralization dupe
da::13.6.51,Programming and Data Structure,Data Structures,Programming and Data Structures,False,case/pluralization dupe
da::13.6.52,Programming and Data Structure,Data Structures,Programming and Data Structures,False,case/pluralization dupe
da::13.6.53,Programming and Data Structure,Data Structures,Programming and Data Structures,False,case/pluralization dupe
da::13.6.54,Programming and Data Structure,Data Structures,Programming and Data Structures,False,case/pluralization dupe
da::13.6.55,Programming and Data Structure,Data Structures,Programming and Data Structures,False,case/pluralization dupe
da::13.6.56,Programming and Data Structure,Data Structures,Programming and Data Structures,False,case/pluralization dupe
da::13.6.58,Programming and Data Structure,Data Structures,Programming and Data Structures,False,case/pluralization dupe
da::13.6.59,Programming and Data Structure,Data Structures,Programming and Data Structures,False,case/pluralization dupe
da::13.6.60,Programming and Data Structure,Data Structures,Programming and Data Structures,False,case/pluralization dupe
da::13.6.61,Programming and Data Structure,Data Structures,Programming and Data Structures,False,case/pluralization dupe
da::13.6.62,Programming and Data Structure,Data Structures,Programming and Data Structures,False,case/pluralization dupe
da::13.6.63,Programming and Data Structure,Data Structures,Programming and Data Structures,False,case/pluralization dupe
da::13.6.64,Programming and Data Structure,Data Structures,Programming and Data Structures,False,case/pluralization dupe
da::13.6.65,Programming and Data Structure,Data Structures,Programming and Data Structures,False,case/pluralization dupe
da::13.7.1,Programming and Data Structure,Data Structures,Programming and Data Structures,False,case/pluralization dupe
da::13.8.1,Programming and Data Structure,Data Structures,Programming and Data Structures,False,case/pluralization dupe
da::13.9.1,Programming and Data Structure,Data Structures,Programming and Data Structures,False,case/pluralization dupe
da::13.9.2,Programming and Data Structure,Data Structures,Programming and Data Structures,False,case/pluralization dupe
da::13.9.3,Programming and Data Structure,Data Structures,Programming and Data Structures,False,case/pluralization dupe
da::13.9.5,Programming and Data Structure,Data Structures,Programming and Data Structures,False,case/pluralization dupe
da::13.9.6,Programming and Data Structure,Data Structures,Programming and Data Structures,False,case/pluralization dupe
da::13.9.7,Programming and Data Structure,Data Structures,Programming and Data Structures,False,case/pluralization dupe
da::13.9.9,Programming and Data Structure,Data Structures,Programming and Data Structures,False,case/pluralization dupe
da::13.9.10,Programming and Data Structure,Data Structures,Programming and Data Structures,False,case/pluralization dupe
da::13.9.11,Programming and Data Structure,Data Structures,Programming and Data Structures,False,case/pluralization dupe
da::13.9.12,Artificial Intelligence,Data Structures,Artificial Intelligence,False,canonical form (GATE DA)
da::13.10.1,Programming and Data Structure,Data Structures,Programming and Data Structures,False,case/pluralization dupe
da::13.10.2,Programming and Data Structure,Data Structures,Programming and Data Structures,False,case/pluralization dupe
da::13.10.3,Programming and Data Structure,Data Structures,Programming and Data Structures,False,case/pluralization dupe
da::13.10.4,Programming and Data Structure,Data Structures,Programming and Data Structures,False,case/pluralization dupe
da::13.10.5,Programming and Data Structure,Data Structures,Programming and Data Structures,False,case/pluralization dupe
da::13.11.1,Programming and Data Structure,Data Structures,Programming and Data Structures,False,case/pluralization dupe
da::13.12.1,Programming and Data Structure,Data Structures,Programming and Data Structures,False,case/pluralization dupe
da::13.13.1,Programming and Data Structure,Data Structures,Programming and Data Structures,False,case/pluralization dupe
da::13.13.4,Programming and Data Structure,Data Structures,Programming and Data Structures,False,case/pluralization dupe
da::13.13.5,Programming and Data Structure,Data Structures,Programming and Data Structures,False,case/pluralization dupe
da::13.13.6,Programming and Data Structure,Data Structures,Programming and Data Structures,False,case/pluralization dupe
da::13.13.9,Programming and Data Structure,Data Structures,Programming and Data Structures,False,case/pluralization dupe
da::13.13.10,Programming and Data Structure,Data Structures,Programming and Data Structures,False,case/pluralization dupe
da::13.13.11,Programming and Data Structure,Data Structures,Programming and Data Structures,False,case/pluralization dupe
da::13.13.12,Programming and Data Structure,Data Structures,Programming and Data Structures,False,case/pluralization dupe
da::13.13.13,Programming and Data Structure,Data Structures,Programming and Data Structures,False,case/pluralization dupe
da::13.13.14,Programming and Data Structure,Data Structures,Programming and Data Structures,False,case/pluralization dupe
da::13.13.15,Programming and Data Structure,Data Structures,Programming and Data Structures,False,case/pluralization dupe
da::13.13.16,Programming and Data Structure,Data Structures,Programming and Data Structures,False,case/pluralization dupe
da::13.13.17,Programming and Data Structure,Data Structures,Programming and Data Structures,False,case/pluralization dupe
da::13.13.18,Programming and Data Structure,Data Structures,Programming and Data Structures,False,case/pluralization dupe
da::13.13.19,Programming and Data Structure,Data Structures,Programming and Data Structures,False,case/pluralization dupe
da::13.13.20,Programming and Data Structure,Data Structures,Programming and Data Structures,False,case/pluralization dupe
da::13.13.21,Programming and Data Structure,Data Structures,Programming and Data Structures,False,case/pluralization dupe
da::13.13.22,Programming and Data Structure,Data Structures,Programming and Data Structures,False,case/pluralization dupe
da::13.13.23,Programming and Data Structure,Data Structures,Programming and Data Structures,False,case/pluralization dupe
da::13.13.24,Programming and Data Structure,Data Structures,Programming and Data Structures,False,case/pluralization dupe
da::13.13.25,Programming and Data Structure,Data Structures,Programming and Data Structures,False,case/pluralization dupe
da::13.13.26,Programming and Data Structure,Data Structures,Programming and Data Structures,False,case/pluralization dupe
da::13.13.27,Programming and Data Structure,Data Structures,Programming and Data Structures,False,case/pluralization dupe
da::13.13.28,Programming and Data Structure,Data Structures,Programming and Data Structures,False,case/pluralization dupe
da::13.13.29,Programming and Data Structure,Data Structures,Programming and Data Structures,False,case/pluralization dupe
da::13.13.30,Programming and Data Structure,Data Structures,Programming and Data Structures,False,case/pluralization dupe
da::13.13.31,Programming and Data Structure,Data Structures,Programming and Data Structures,False,case/pluralization dupe
da::13.13.32,Programming and Data Structure,Data Structures,Programming and Data Structures,False,case/pluralization dupe
da::13.13.33,Programming and Data Structure,Data Structures,Programming and Data Structures,False,case/pluralization dupe
da::13.13.34,Programming and Data Structure,Data Structures,Programming and Data Structures,False,case/pluralization dupe
da::13.14.1,Programming and Data Structure,Data Structures,Programming and Data Structures,False,case/pluralization dupe
da::13.14.2,Programming and Data Structure,Data Structures,Programming and Data Structures,False,case/pluralization dupe
da::13.14.3,Programming and Data Structure,Data Structures,Programming and Data Structures,False,case/pluralization dupe
da::13.14.4,Programming and Data Structure,Data Structures,Programming and Data Structures,False,case/pluralization dupe
da::13.14.5,Programming and Data Structure,Data Structures,Programming and Data Structures,False,case/pluralization dupe
da::13.14.6,Programming and Data Structure,Data Structures,Programming and Data Structures,False,case/pluralization dupe
da::13.14.7,Programming and Data Structure,Data Structures,Programming and Data Structures,False,case/pluralization dupe
da::13.15.1,Programming and Data Structure,Data Structures,Programming and Data Structures,False,case/pluralization dupe
da::13.16.1,Programming and Data Structure,Data Structures,Programming and Data Structures,False,case/pluralization dupe
da::13.17.1,Programming and Data Structure,Data Structures,Programming and Data Structures,False,case/pluralization dupe
da::13.17.5,Programming and Data Structure,Data Structures,Programming and Data Structures,False,case/pluralization dupe
da::13.17.6,Programming and Data Structure,Data Structures,Programming and Data Structures,False,case/pluralization dupe
da::13.17.7,Programming and Data Structure,Data Structures,Programming and Data Structures,False,case/pluralization dupe
da::13.17.11,Programming and Data Structure,Data Structures,Programming and Data Structures,False,case/pluralization dupe
da::13.17.12,Data Structures,Data Structures,Programming and Data Structures,False,same GATE syllabus section
da::13.17.14,Data Structures,Data Structures,Programming and Data Structures,False,same GATE syllabus section
da::13.17.15,Data Structures,Data Structures,Programming and Data Structures,False,same GATE syllabus section
da::13.17.16,Data Structures,Data Structures,Programming and Data Structures,False,same GATE syllabus section
da::13.17.17,Data Structures,Data Structures,Programming and Data Structures,False,same GATE syllabus section
da::13.17.18,Data Structures,Data Structures,Programming and Data Structures,False,same GATE syllabus section
da::13.17.19,Data Structures,Data Structures,Programming and Data Structures,False,same GATE syllabus section
da::13.17.21,Data Structures,Data Structures,Programming and Data Structures,False,same GATE syllabus section
da::13.17.23,Data Structures,Data Structures,Programming and Data Structures,False,same GATE syllabus section
da::13.17.24,Data Structures,Data Structures,Programming and Data Structures,False,same GATE syllabus section
da::13.17.25,Data Structures,Data Structures,Programming and Data Structures,False,same GATE syllabus section
da::13.17.26,Data Structures,Data Structures,Programming and Data Structures,False,same GATE syllabus section
da::13.17.28,Data Structures,Data Structures,Programming and Data Structures,False,same GATE syllabus section
da::13.17.29,Data Structures,Data Structures,Programming and Data Structures,False,same GATE syllabus section
da::13.17.30,Data Structures,Data Structures,Programming and Data Structures,False,same GATE syllabus section
da::13.17.31,Data Structures,Data Structures,Programming and Data Structures,False,same GATE syllabus section
da::13.18.1,Data Structures,Data Structures,Programming and Data Structures,False,same GATE syllabus section
da::13.19.1,Data Structures,Data Structures,Programming and Data Structures,False,same GATE syllabus section
da::13.19.2,Data Structures,Data Structures,Programming and Data Structures,False,same GATE syllabus section
da::13.20.1,Data Structures,Data Structures,Programming and Data Structures,False,same GATE syllabus section
da::13.21.1,Data Structures,Data Structures,Programming and Data Structures,False,same GATE syllabus section
da::13.21.2,Data Structures,Data Structures,Programming and Data Structures,False,same GATE syllabus section
da::13.21.3,Data Structures,Data Structures,Programming and Data Structures,False,same GATE syllabus section
da::13.21.4,Data Structures,Data Structures,Programming and Data Structures,False,same GATE syllabus section
da::13.22.3,Data Structures,Data Structures,Programming and Data Structures,False,same GATE syllabus section
da::13.22.4,Data Structures,Data Structures,Programming and Data Structures,False,same GATE syllabus section
da::13.22.5,Data Structures,Data Structures,Programming and Data Structures,False,same GATE syllabus section
da::13.22.6,Data Structures,Data Structures,Programming and Data Structures,False,same GATE syllabus section
da::13.22.7,Data Structures,Data Structures,Programming and Data Structures,False,same GATE syllabus section
da::13.22.8,Data Structures,Data Structures,Programming and Data Structures,False,same GATE syllabus section
da::13.22.9,Data Structures,Data Structures,Programming and Data Structures,False,same GATE syllabus section
da::13.22.10,Data Structures,Data Structures,Programming and Data Structures,False,same GATE syllabus section
da::13.22.13,Data Structures,Data Structures,Programming and Data Structures,False,same GATE syllabus section
da::13.22.14,Data Structures,Data Structures,Programming and Data Structures,False,same GATE syllabus section
da::13.22.15,Data Structures,Data Structures,Programming and Data Structures,False,same GATE syllabus section
da::13.22.16,Data Structures,Data Structures,Programming and Data Structures,False,same GATE syllabus section
da::13.22.17,Data Structures,Data Structures,Programming and Data Structures,False,same GATE syllabus section
da::13.22.18,Data Structures,Data Structures,Programming and Data Structures,False,same GATE syllabus section
da::13.22.19,Data Structures,Data Structures,Programming and Data Structures,False,same GATE syllabus section
da::13.22.20,Data Structures,Data Structures,Programming and Data Structures,False,same GATE syllabus section
da::13.22.21,Data Structures,Data Structures,Programming and Data Structures,False,same GATE syllabus section
da::13.22.22,Data Structures,Data Structures,Programming and Data Structures,False,same GATE syllabus section
da::13.22.23,Data Structures,Data Structures,Programming and Data Structures,False,same GATE syllabus section
da::13.23.1,Programming and Data Structure,Data Structures,Programming and Data Structures,False,case/pluralization dupe
da::13.24.1,Programming and Data Structure,Data Structures,Programming and Data Structures,False,case/pluralization dupe
da::13.24.2,Programming and Data Structure,Data Structures,Programming and Data Structures,False,case/pluralization dupe
da::13.25.1,Programming and Data Structure,Data Structures,Programming and Data Structures,False,case/pluralization dupe
da::13.25.2,Programming and Data Structure,Data Structures,Programming and Data Structures,False,case/pluralization dupe
da::13.25.3,Programming and Data Structure,Data Structures,Programming and Data Structures,False,case/pluralization dupe
da::13.26.1,Programming and Data Structure,Data Structures,Programming and Data Structures,False,case/pluralization dupe
da::13.27.1,Programming and Data Structure,Data Structures,Programming and Data Structures,False,case/pluralization dupe
da::13.28.1,Programming and Data Structure,Data Structures,Programming and Data Structures,False,case/pluralization dupe
da::13.28.2,Programming and Data Structure,Data Structures,Programming and Data Structures,False,case/pluralization dupe
da::13.28.3,Programming and Data Structure,Data Structures,Programming and Data Structures,False,case/pluralization dupe
da::13.28.5,Programming and Data Structure,Data Structures,Programming and Data Structures,False,case/pluralization dupe
da::13.28.6,Programming and Data Structure,Data Structures,Programming and Data Structures,False,case/pluralization dupe
da::13.28.7,Programming and Data Structure,Data Structures,Programming and Data Structures,False,case/pluralization dupe
da::13.28.8,Programming and Data Structure,Data Structures,Programming and Data Structures,False,case/pluralization dupe
da::13.28.9,Programming and Data Structure,Data Structures,Programming and Data Structures,False,case/pluralization dupe
da::13.28.10,Programming and Data Structure,Data Structures,Programming and Data Structures,False,case/pluralization dupe
da::13.28.11,Programming and Data Structure,Data Structures,Programming and Data Structures,False,case/pluralization dupe
da::13.28.12,Programming and Data Structure,Data Structures,Programming and Data Structures,False,case/pluralization dupe
da::13.28.14,Programming and Data Structure,Data Structures,Programming and Data Structures,False,case/pluralization dupe
da::13.28.15,Programming and Data Structure,Data Structures,Programming and Data Structures,False,case/pluralization dupe
da::13.28.16,Programming and Data Structure,Data Structures,Programming and Data Structures,False,case/pluralization dupe
da::13.28.17,Programming and Data Structure,Data Structures,Programming and Data Structures,False,case/pluralization dupe
da::13.28.18,Programming and Data Structure,Data Structures,Programming and Data Structures,False,case/pluralization dupe
da::13.28.19,Programming and Data Structure,Data Structures,Programming and Data Structures,False,case/pluralization dupe
da::13.28.20,Programming and Data Structure,Data Structures,Programming and Data Structures,False,case/pluralization dupe
da::13.28.21,Programming and Data Structure,Data Structures,Programming and Data Structures,False,case/pluralization dupe
da::13.28.22,Programming and Data Structure,Data Structures,Programming and Data Structures,False,case/pluralization dupe
da::13.28.23,Programming and Data Structure,Data Structures,Programming and Data Structures,False,case/pluralization dupe
da::13.28.24,Programming and Data Structure,Data Structures,Programming and Data Structures,False,case/pluralization dupe
da::13.28.25,Programming and Data Structure,Data Structures,Programming and Data Structures,False,case/pluralization dupe
da::13.28.26,Programming and Data Structure,Data Structures,Programming and Data Structures,False,case/pluralization dupe
da::13.28.27,Programming and Data Structure,Data Structures,Programming and Data Structures,False,case/pluralization dupe
da::13.28.28,Programming and Data Structure,Data Structures,Programming and Data Structures,False,case/pluralization dupe
da::13.28.30,Programming and Data Structure,Data Structures,Programming and Data Structures,False,case/pluralization dupe
da::13.28.31,Programming and Data Structure,Data Structures,Programming and Data Structures,False,case/pluralization dupe
da::13.28.32,Programming and Data Structure,Data Structures,Programming and Data Structures,False,case/pluralization dupe
da::13.28.33,Programming and Data Structure,Data Structures,Programming and Data Structures,False,case/pluralization dupe
da::13.28.34,Programming and Data Structure,Data Structures,Programming and Data Structures,False,case/pluralization dupe
da::13.29.1,Programming and Data Structure,Data Structures,Programming and Data Structures,False,case/pluralization dupe
da::13.30.2,Programming and Data Structure,Data Structures,Programming and Data Structures,False,case/pluralization dupe
da::13.30.4,Programming and Data Structure,Data Structures,Programming and Data Structures,False,case/pluralization dupe
da::13.30.5,Programming and Data Structure,Data Structures,Programming and Data Structures,False,case/pluralization dupe
da::13.30.6,Programming and Data Structure,Data Structures,Programming and Data Structures,False,case/pluralization dupe
da::13.30.7,Programming and Data Structure,Data Structures,Programming and Data Structures,False,case/pluralization dupe
da::13.30.8,Programming and Data Structure,Data Structures,Programming and Data Structures,False,case/pluralization dupe
da::13.30.9,Programming and Data Structure,Data Structures,Programming and Data Structures,False,case/pluralization dupe
da::13.30.11,Programming and Data Structure,Data Structures,Programming and Data Structures,False,case/pluralization dupe
da::13.30.12,Programming and Data Structure,Data Structures,Programming and Data Structures,False,case/pluralization dupe
da::13.30.13,Programming and Data Structure,Data Structures,Programming and Data Structures,False,case/pluralization dupe
da::13.30.14,Programming and Data Structure,Data Structures,Programming and Data Structures,False,case/pluralization dupe
da::13.30.15,Programming and Data Structure,Data Structures,Programming and Data Structures,False,case/pluralization dupe
da::13.30.16,Programming and Data Structure,Data Structures,Programming and Data Structures,False,case/pluralization dupe
da::13.30.17,Programming and Data Structure,Data Structures,Programming and Data Structures,False,case/pluralization dupe
da::13.30.18,Programming and Data Structure,Data Structures,Programming and Data Structures,False,case/pluralization dupe
da::13.30.20,Programming and Data Structure,Data Structures,Programming and Data Structures,False,case/pluralization dupe
da::13.30.21,Programming and Data Structure,Data Structures,Programming and Data Structures,False,case/pluralization dupe
da::13.30.22,Programming and Data Structure,Data Structures,Programming and Data Structures,False,case/pluralization dupe
da::13.30.23,Programming and Data Structure,Data Structures,Programming and Data Structures,False,case/pluralization dupe
da::13.30.24,Programming and Data Structure,Data Structures,Programming and Data Structures,False,case/pluralization dupe
da::13.30.25,Programming and Data Structure,Data Structures,Programming and Data Structures,False,case/pluralization dupe
da::13.30.27,Programming and Data Structure,Data Structures,Programming and Data Structures,False,case/pluralization dupe
da::13.30.28,Programming and Data Structure,Data Structures,Programming and Data Structures,False,case/pluralization dupe
da::13.30.29,Programming and Data Structure,Data Structures,Programming and Data Structures,False,case/pluralization dupe
da::13.30.30,Programming and Data Structure,Data Structures,Programming and Data Structures,False,case/pluralization dupe
da::13.31.2,Programming and Data Structure,Data Structures,Programming and Data Structures,False,case/pluralization dupe
da::13.31.3,Data Structures,Data Structures,Programming and Data Structures,False,same GATE syllabus section
da::13.31.4,Programming and Data Structure,Data Structures,Programming and Data Structures,False,case/pluralization dupe
da::13.31.5,Programming and Data Structure,Data Structures,Programming and Data Structures,False,case/pluralization dupe
da::14.1.1,Programming and Data Structure,Programming,Programming and Data Structures,False,case/pluralization dupe
da::15.0.1,Programming and Data Structure,Programming,Programming and Data Structures,False,case/pluralization dupe
da::15.0.2,Programming and Data Structure,Programming,Programming and Data Structures,False,case/pluralization dupe
da::15.0.3,Programming and Data Structure,Programming,Programming and Data Structures,False,case/pluralization dupe
da::15.1.1,Programming and Data Structure,Programming,Programming and Data Structures,False,case/pluralization dupe
da::15.2.1,Programming and Data Structure,Programming,Programming and Data Structures,False,case/pluralization dupe
da::15.2.2,Programming and Data Structure,Programming,Programming and Data Structures,False,case/pluralization dupe
em::1.0.1,General Aptitude,Analytical Aptitude,General Aptitude,False,canonical form
em::1.0.6,Mathematics,Calculus,Engineering Mathematics,True,fallback for non-discrete-math topics; see TOPIC_OVERRIDES for the Discrete-Math split
em::1.0.7,General Aptitude,Analytical Aptitude,General Aptitude,False,canonical form
em::1.0.11,General Aptitude,Analytical Aptitude,General Aptitude,False,canonical form
em::1.0.12,General Aptitude,Analytical Aptitude,General Aptitude,False,canonical form
em::1.0.14,General Aptitude,Analytical Aptitude,General Aptitude,False,canonical form
em::1.0.16,General Aptitude,Analytical Aptitude,General Aptitude,False,canonical form
em::1.0.18,General Aptitude,Analytical Aptitude,General Aptitude,False,canonical form
em::1.0.22,General Aptitude,Analytical Aptitude,General Aptitude,False,canonical form
em::1.1.1,General Aptitude,Analytical Aptitude,General Aptitude,False,canonical form
em::1.2.1,General Aptitude,Numerical Ability,General Aptitude,False,canonical form
em::1.4.1,General Aptitude,Biochemistry,General Aptitude,False,canonical form
em::1.5.1,General Aptitude,Analytical Aptitude,General Aptitude,False,canonical form
em::1.7.2,General Aptitude,Analytical Aptitude,General Aptitude,False,canonical form
em::1.10.2,General Aptitude,Analytical Aptitude,General Aptitude,False,canonical form
em::1.11.1,General Aptitude,Analytical Aptitude,General Aptitude,False,canonical form
em::1.12.2,General Aptitude,Analytical Aptitude,General Aptitude,False,canonical form
em::1.12.3,General Aptitude,Analytical Aptitude,General Aptitude,False,canonical form
em::1.12.6,General Aptitude,Analytical Aptitude,General Aptitude,False,canonical form
em::1.12.7,General Aptitude,Analytical Aptitude,General Aptitude,False,canonical form
em::1.12.8,General Aptitude,Analytical Aptitude,General Aptitude,False,canonical form
em::1.12.10,General Aptitude,Analytical Aptitude,General Aptitude,False,canonical form
em::1.12.12,General Aptitude,Analytical Aptitude,General Aptitude,False,canonical form
em::1.12.13,General Aptitude,Analytical Aptitude,General Aptitude,False,canonical form
em::1.12.14,General Aptitude,Analytical Aptitude,General Aptitude,False,canonical form
em::1.12.15,General Aptitude,Analytical Aptitude,General Aptitude,False,canonical form
em::1.12.17,General Aptitude,Analytical Aptitude,General Aptitude,False,canonical form
em::1.13.1,General Aptitude,Analytical Aptitude,General Aptitude,False,canonical form
em::1.13.2,General Aptitude,Analytical Aptitude,General Aptitude,False,canonical form
em::1.13.3,General Aptitude,Analytical Aptitude,General Aptitude,False,canonical form
em::1.14.6,General Aptitude,Analytical Aptitude,General Aptitude,False,canonical form
em::1.16.3,General Aptitude,Analytical Aptitude,General Aptitude,False,canonical form
em::1.17.1,General Aptitude,Analytical Aptitude,General Aptitude,False,canonical form
em::1.19.4,General Aptitude,Analytical Aptitude,General Aptitude,False,canonical form
em::1.19.7,General Aptitude,Analytical Aptitude,General Aptitude,False,canonical form
em::1.19.8,General Aptitude,Analytical Aptitude,General Aptitude,False,canonical form
em::1.19.9,General Aptitude,Analytical Aptitude,General Aptitude,False,canonical form
em::1.19.10,General Aptitude,Analytical Aptitude,General Aptitude,False,canonical form
em::1.19.16,General Aptitude,Analytical Aptitude,General Aptitude,False,canonical form
em::1.19.18,General Aptitude,Analytical Aptitude,General Aptitude,False,canonical form
em::1.19.21,General Aptitude,Analytical Aptitude,General Aptitude,False,canonical form
em::1.19.29,General Aptitude,Analytical Aptitude,General Aptitude,False,canonical form
em::1.19.30,General Aptitude,Analytical Aptitude,General Aptitude,False,canonical form
em::1.19.33,General Aptitude,Analytical Aptitude,General Aptitude,False,canonical form
em::1.19.36,General Aptitude,Analytical Aptitude,General Aptitude,False,canonical form
em::1.19.41,General Aptitude,Analytical Aptitude,General Aptitude,False,canonical form
em::1.19.43,General Aptitude,Analytical Aptitude,General Aptitude,False,canonical form
em::1.19.45,General Aptitude,Analytical Aptitude,General Aptitude,False,canonical form
em::1.19.46,General Aptitude,Analytical Aptitude,General Aptitude,False,canonical form
em::1.19.47,General Aptitude,Analytical Aptitude,General Aptitude,False,canonical form
em::1.19.48,General Aptitude,Analytical Aptitude,General Aptitude,False,canonical form
em::1.19.52,General Aptitude,Analytical Aptitude,General Aptitude,False,canonical form
em::1.19.54,General Aptitude,Analytical Aptitude,General Aptitude,False,canonical form
em::1.19.57,General Aptitude,Analytical Aptitude,General Aptitude,False,canonical form
em::1.19.58,General Aptitude,Analytical Aptitude,General Aptitude,False,canonical form
em::1.19.61,General Aptitude,Analytical Aptitude,General Aptitude,False,canonical form
em::1.19.63,General Aptitude,Analytical Aptitude,General Aptitude,False,canonical form
em::1.19.64,General Aptitude,Analytical Aptitude,General Aptitude,False,canonical form
em::1.19.65,General Aptitude,Analytical Aptitude,General Aptitude,False,canonical form
em::1.19.66,General Aptitude,Analytical Aptitude,General Aptitude,False,canonical form
em::1.22.1,General Aptitude,Analytical Aptitude,General Aptitude,False,canonical form
em::1.23.1,General Aptitude,Analytical Aptitude,General Aptitude,False,canonical form
em::1.23.2,General Aptitude,Analytical Aptitude,General Aptitude,False,canonical form
em::1.23.3,General Aptitude,Analytical Aptitude,General Aptitude,False,canonical form
em::1.23.6,General Aptitude,Analytical Aptitude,General Aptitude,False,canonical form
em::1.23.8,General Aptitude,Analytical Aptitude,General Aptitude,False,canonical form
em::1.25.2,General Aptitude,Analytical Aptitude,General Aptitude,False,canonical form
em::1.25.3,General Aptitude,Analytical Aptitude,General Aptitude,False,canonical form
em::1.25.4,General Aptitude,Analytical Aptitude,General Aptitude,False,canonical form
em::1.25.6,General Aptitude,Analytical Aptitude,General Aptitude,False,canonical form
em::1.25.9,General Aptitude,Analytical Aptitude,General Aptitude,False,canonical form
em::1.25.10,General Aptitude,Analytical Aptitude,General Aptitude,False,canonical form
em::1.25.11,General Aptitude,Analytical Aptitude,General Aptitude,False,canonical form
em::1.25.13,General Aptitude,Analytical Aptitude,General Aptitude,False,canonical form
em::1.25.14,General Aptitude,Analytical Aptitude,General Aptitude,False,canonical form
em::1.26.1,General Aptitude,Analytical Aptitude,General Aptitude,False,canonical form
em::1.26.4,General Aptitude,Analytical Aptitude,General Aptitude,False,canonical form
em::1.26.6,General Aptitude,Analytical Aptitude,General Aptitude,False,canonical form
em::1.26.7,General Aptitude,Analytical Aptitude,General Aptitude,False,canonical form
em::1.27.2,General Aptitude,Analytical Aptitude,General Aptitude,False,canonical form
em::1.27.3,General Aptitude,Analytical Aptitude,General Aptitude,False,canonical form
em::1.30.7,General Aptitude,Analytical Aptitude,General Aptitude,False,canonical form
em::1.30.8,General Aptitude,Analytical Aptitude,General Aptitude,False,canonical form
em::1.30.9,General Aptitude,Analytical Aptitude,General Aptitude,False,canonical form
em::1.30.10,General Aptitude,Analytical Aptitude,General Aptitude,False,canonical form
em::1.30.19,General Aptitude,Analytical Aptitude,General Aptitude,False,canonical form
em::1.30.20,General Aptitude,Analytical Aptitude,General Aptitude,False,canonical form
em::1.30.21,General Aptitude,Analytical Aptitude,General Aptitude,False,canonical form
em::1.30.27,General Aptitude,Analytical Aptitude,General Aptitude,False,canonical form
em::1.30.30,General Aptitude,Analytical Aptitude,General Aptitude,False,canonical form
em::1.31.1,General Aptitude,Analytical Aptitude,General Aptitude,False,canonical form
em::1.31.3,General Aptitude,Analytical Aptitude,General Aptitude,False,canonical form
em::1.31.7,General Aptitude,Analytical Aptitude,General Aptitude,False,canonical form
em::1.31.10,General Aptitude,Analytical Aptitude,General Aptitude,False,canonical form
em::1.31.11,General Aptitude,Analytical Aptitude,General Aptitude,False,canonical form
em::1.31.12,General Aptitude,Analytical Aptitude,General Aptitude,False,canonical form
em::1.31.13,General Aptitude,Analytical Aptitude,General Aptitude,False,canonical form
em::1.31.14,General Aptitude,Analytical Aptitude,General Aptitude,False,canonical form
em::1.31.17,General Aptitude,Analytical Aptitude,General Aptitude,False,canonical form
em::1.31.19,General Aptitude,Analytical Aptitude,General Aptitude,False,canonical form
em::1.31.21,General Aptitude,Analytical Aptitude,General Aptitude,False,canonical form
em::1.31.29,General Aptitude,Analytical Aptitude,General Aptitude,False,canonical form
em::1.31.33,General Aptitude,Analytical Aptitude,General Aptitude,False,canonical form
em::1.31.34,General Aptitude,Analytical Aptitude,General Aptitude,False,canonical form
em::1.31.35,General Aptitude,Analytical Aptitude,General Aptitude,False,canonical form
em::1.31.37,General Aptitude,Analytical Aptitude,General Aptitude,False,canonical form
em::1.31.38,General Aptitude,Analytical Aptitude,General Aptitude,False,canonical form
em::1.31.40,General Aptitude,Analytical Aptitude,General Aptitude,False,canonical form
em::1.31.41,General Aptitude,Analytical Aptitude,General Aptitude,False,canonical form
em::1.31.42,General Aptitude,Analytical Aptitude,General Aptitude,False,canonical form
em::1.31.43,General Aptitude,Analytical Aptitude,General Aptitude,False,canonical form
em::1.31.44,General Aptitude,Analytical Aptitude,General Aptitude,False,canonical form
em::1.31.45,General Aptitude,Analytical Aptitude,General Aptitude,False,canonical form
em::1.31.49,General Aptitude,Analytical Aptitude,General Aptitude,False,canonical form
em::1.31.51,General Aptitude,Analytical Aptitude,General Aptitude,False,canonical form
em::1.31.52,General Aptitude,Analytical Aptitude,General Aptitude,False,canonical form
em::1.31.54,General Aptitude,Analytical Aptitude,General Aptitude,False,canonical form
em::1.31.56,General Aptitude,Analytical Aptitude,General Aptitude,False,canonical form
em::1.31.58,General Aptitude,Analytical Aptitude,General Aptitude,False,canonical form
em::2.0.9,Mathematics,Calculus,Engineering Mathematics,True,fallback for non-discrete-math topics; see TOPIC_OVERRIDES for the Discrete-Math split
em::2.0.14,Mathematics,Calculus,Engineering Mathematics,True,fallback for non-discrete-math topics; see TOPIC_OVERRIDES for the Discrete-Math split
em::2.0.15,Mathematics,Calculus,Engineering Mathematics,True,fallback for non-discrete-math topics; see TOPIC_OVERRIDES for the Discrete-Math split
em::2.0.16,Mathematics,Calculus,Engineering Mathematics,True,fallback for non-discrete-math topics; see TOPIC_OVERRIDES for the Discrete-Math split
em::2.0.17,Mathematics,Calculus,Engineering Mathematics,True,fallback for non-discrete-math topics; see TOPIC_OVERRIDES for the Discrete-Math split
em::2.0.19,Mathematics,Calculus,Engineering Mathematics,True,fallback for non-discrete-math topics; see TOPIC_OVERRIDES for the Discrete-Math split
em::2.4.1,Mathematics,Calculus,Engineering Mathematics,True,fallback for non-discrete-math topics; see TOPIC_OVERRIDES for the Discrete-Math split
em::2.7.3,Mathematics,Calculus,Engineering Mathematics,True,fallback for non-discrete-math topics; see TOPIC_OVERRIDES for the Discrete-Math split
em::2.12.3,Mathematics,Calculus,Engineering Mathematics,True,fallback for non-discrete-math topics; see TOPIC_OVERRIDES for the Discrete-Math split
em::2.16.5,Mathematics,Calculus,Engineering Mathematics,True,fallback for non-discrete-math topics; see TOPIC_OVERRIDES for the Discrete-Math split
em::2.16.17,Mathematics,Calculus,Engineering Mathematics,True,fallback for non-discrete-math topics; see TOPIC_OVERRIDES for the Discrete-Math split
em::2.29.3,Mathematics,Calculus,Engineering Mathematics,True,fallback for non-discrete-math topics; see TOPIC_OVERRIDES for the Discrete-Math split
em::2.29.4,Mathematics,Calculus,Engineering Mathematics,True,fallback for non-discrete-math topics; see TOPIC_OVERRIDES for the Discrete-Math split
em::2.29.5,Mathematics,Calculus,Engineering Mathematics,True,fallback for non-discrete-math topics; see TOPIC_OVERRIDES for the Discrete-Math split
em::2.30.1,Mathematics,Calculus,Engineering Mathematics,True,fallback for non-discrete-math topics; see TOPIC_OVERRIDES for the Discrete-Math split
em::2.31.1,General Aptitude,Geometry,General Aptitude,False,canonical form
em::2.32.3,Mathematics,Vector Calculus,Engineering Mathematics,True,fallback for non-discrete-math topics; see TOPIC_OVERRIDES for the Discrete-Math split
em::2.34.1,Mathematics,Calculus,Engineering Mathematics,True,fallback for non-discrete-math topics; see TOPIC_OVERRIDES for the Discrete-Math split
em::2.35.1,Mathematics,Calculus,Engineering Mathematics,True,fallback for non-discrete-math topics; see TOPIC_OVERRIDES for the Discrete-Math split
em::2.36.1,Mathematics,Calculus,Engineering Mathematics,True,fallback for non-discrete-math topics; see TOPIC_OVERRIDES for the Discrete-Math split
em::2.37.1,Mathematics,Calculus,Engineering Mathematics,True,fallback for non-discrete-math topics; see TOPIC_OVERRIDES for the Discrete-Math split
em::2.37.2,Mathematics,Calculus,Engineering Mathematics,True,fallback for non-discrete-math topics; see TOPIC_OVERRIDES for the Discrete-Math split
em::2.37.3,Mathematics,Calculus,Engineering Mathematics,True,fallback for non-discrete-math topics; see TOPIC_OVERRIDES for the Discrete-Math split
em::2.37.4,Mathematics,Calculus,Engineering Mathematics,True,fallback for non-discrete-math topics; see TOPIC_OVERRIDES for the Discrete-Math split
em::2.37.5,Mathematics,Calculus,Engineering Mathematics,True,fallback for non-discrete-math topics; see TOPIC_OVERRIDES for the Discrete-Math split
em::2.37.6,Mathematics,Calculus,Engineering Mathematics,True,fallback for non-discrete-math topics; see TOPIC_OVERRIDES for the Discrete-Math split
em::2.37.7,Mathematics,Calculus,Engineering Mathematics,True,fallback for non-discrete-math topics; see TOPIC_OVERRIDES for the Discrete-Math split
em::2.37.8,Mathematics,Calculus,Engineering Mathematics,True,fallback for non-discrete-math topics; see TOPIC_OVERRIDES for the Discrete-Math split
em::2.37.9,Mathematics,Calculus,Engineering Mathematics,True,fallback for non-discrete-math topics; see TOPIC_OVERRIDES for the Discrete-Math split
em::2.37.10,Mathematics,Calculus,Engineering Mathematics,True,fallback for non-discrete-math topics; see TOPIC_OVERRIDES for the Discrete-Math split
em::2.37.11,Mathematics,Calculus,Engineering Mathematics,True,fallback for non-discrete-math topics; see TOPIC_OVERRIDES for the Discrete-Math split
em::2.38.1,Mathematics,Calculus,Engineering Mathematics,True,fallback for non-discrete-math topics; see TOPIC_OVERRIDES for the Discrete-Math split
em::2.38.2,Mathematics,Calculus,Engineering Mathematics,True,fallback for non-discrete-math topics; see TOPIC_OVERRIDES for the Discrete-Math split
em::2.38.3,Mathematics,Calculus,Engineering Mathematics,True,fallback for non-discrete-math topics; see TOPIC_OVERRIDES for the Discrete-Math split
em::2.38.4,Mathematics,Calculus,Engineering Mathematics,True,fallback for non-discrete-math topics; see TOPIC_OVERRIDES for the Discrete-Math split
em::2.38.5,Mathematics,Calculus,Engineering Mathematics,True,fallback for non-discrete-math topics; see TOPIC_OVERRIDES for the Discrete-Math split
em::2.38.6,Mathematics,Calculus,Engineering Mathematics,True,fallback for non-discrete-math topics; see TOPIC_OVERRIDES for the Discrete-Math split
em::2.38.7,Mathematics,Calculus,Engineering Mathematics,True,fallback for non-discrete-math topics; see TOPIC_OVERRIDES for the Discrete-Math split
em::2.38.8,Mathematics,Calculus,Engineering Mathematics,True,fallback for non-discrete-math topics; see TOPIC_OVERRIDES for the Discrete-Math split
em::2.38.9,Mathematics,Calculus,Engineering Mathematics,True,fallback for non-discrete-math topics; see TOPIC_OVERRIDES for the Discrete-Math split
em::2.38.10,Mathematics,Calculus,Engineering Mathematics,True,fallback for non-discrete-math topics; see TOPIC_OVERRIDES for the Discrete-Math split
em::2.38.11,Mathematics,Calculus,Engineering Mathematics,True,fallback for non-discrete-math topics; see TOPIC_OVERRIDES for the Discrete-Math split
em::2.38.12,Mathematics,Calculus,Engineering Mathematics,True,fallback for non-discrete-math topics; see TOPIC_OVERRIDES for the Discrete-Math split
em::2.38.13,Mathematics,Calculus,Engineering Mathematics,True,fallback for non-discrete-math topics; see TOPIC_OVERRIDES for the Discrete-Math split
em::2.38.14,Mathematics,Calculus,Engineering Mathematics,True,fallback for non-discrete-math topics; see TOPIC_OVERRIDES for the Discrete-Math split
em::2.38.15,Mathematics,Calculus,Engineering Mathematics,True,fallback for non-discrete-math topics; see TOPIC_OVERRIDES for the Discrete-Math split
em::2.38.16,Mathematics,Calculus,Engineering Mathematics,True,fallback for non-discrete-math topics; see TOPIC_OVERRIDES for the Discrete-Math split
em::2.38.17,Mathematics,Calculus,Engineering Mathematics,True,fallback for non-discrete-math topics; see TOPIC_OVERRIDES for the Discrete-Math split
em::2.38.18,Mathematics,Calculus,Engineering Mathematics,True,fallback for non-discrete-math topics; see TOPIC_OVERRIDES for the Discrete-Math split
em::2.38.19,Mathematics,Calculus,Engineering Mathematics,True,fallback for non-discrete-math topics; see TOPIC_OVERRIDES for the Discrete-Math split
em::2.38.20,Mathematics,Calculus,Engineering Mathematics,True,fallback for non-discrete-math topics; see TOPIC_OVERRIDES for the Discrete-Math split
em::2.38.21,Mathematics,Calculus,Engineering Mathematics,True,fallback for non-discrete-math topics; see TOPIC_OVERRIDES for the Discrete-Math split
em::2.38.22,Mathematics,Calculus,Engineering Mathematics,True,fallback for non-discrete-math topics; see TOPIC_OVERRIDES for the Discrete-Math split
em::2.38.23,Mathematics,Calculus,Engineering Mathematics,True,fallback for non-discrete-math topics; see TOPIC_OVERRIDES for the Discrete-Math split
em::2.38.24,Mathematics,Calculus,Engineering Mathematics,True,fallback for non-discrete-math topics; see TOPIC_OVERRIDES for the Discrete-Math split
em::2.38.25,Mathematics,Calculus,Engineering Mathematics,True,fallback for non-discrete-math topics; see TOPIC_OVERRIDES for the Discrete-Math split
em::2.38.28,Mathematics,Calculus,Engineering Mathematics,True,fallback for non-discrete-math topics; see TOPIC_OVERRIDES for the Discrete-Math split
em::2.38.29,Mathematics,Calculus,Engineering Mathematics,True,fallback for non-discrete-math topics; see TOPIC_OVERRIDES for the Discrete-Math split
em::2.39.1,Mathematics,Calculus,Engineering Mathematics,True,fallback for non-discrete-math topics; see TOPIC_OVERRIDES for the Discrete-Math split
em::2.39.2,Mathematics,Calculus,Engineering Mathematics,True,fallback for non-discrete-math topics; see TOPIC_OVERRIDES for the Discrete-Math split
em::2.39.3,Mathematics,Calculus,Engineering Mathematics,True,fallback for non-discrete-math topics; see TOPIC_OVERRIDES for the Discrete-Math split
em::2.39.5,Mathematics,Calculus,Engineering Mathematics,True,fallback for non-discrete-math topics; see TOPIC_OVERRIDES for the Discrete-Math split
em::2.40.1,Mathematics,Linear Algebra,Engineering Mathematics,True,fallback for non-discrete-math topics; see TOPIC_OVERRIDES for the Discrete-Math split
em::2.41.1,Mathematics,Calculus,Engineering Mathematics,True,fallback for non-discrete-math topics; see TOPIC_OVERRIDES for the Discrete-Math split
em::2.41.2,Mathematics,Calculus,Engineering Mathematics,True,fallback for non-discrete-math topics; see TOPIC_OVERRIDES for the Discrete-Math split
em::2.41.3,Mathematics,Calculus,Engineering Mathematics,True,fallback for non-discrete-math topics; see TOPIC_OVERRIDES for the Discrete-Math split
em::2.41.5,Mathematics,Calculus,Engineering Mathematics,True,fallback for non-discrete-math topics; see TOPIC_OVERRIDES for the Discrete-Math split
em::2.41.6,Mathematics,Calculus,Engineering Mathematics,True,fallback for non-discrete-math topics; see TOPIC_OVERRIDES for the Discrete-Math split
em::2.41.8,Mathematics,Calculus,Engineering Mathematics,True,fallback for non-discrete-math topics; see TOPIC_OVERRIDES for the Discrete-Math split
em::2.41.12,Mathematics,Calculus,Engineering Mathematics,True,fallback for non-discrete-math topics; see TOPIC_OVERRIDES for the Discrete-Math split
em::2.41.14,Mathematics,Calculus,Engineering Mathematics,True,fallback for non-discrete-math topics; see TOPIC_OVERRIDES for the Discrete-Math split
em::2.41.15,Mathematics,Calculus,Engineering Mathematics,True,fallback for non-discrete-math topics; see TOPIC_OVERRIDES for the Discrete-Math split
em::2.41.16,Mathematics,Calculus,Engineering Mathematics,True,fallback for non-discrete-math topics; see TOPIC_OVERRIDES for the Discrete-Math split
em::2.41.17,Mathematics,Calculus,Engineering Mathematics,True,fallback for non-discrete-math topics; see TOPIC_OVERRIDES for the Discrete-Math split
em::2.41.18,Mathematics,Calculus,Engineering Mathematics,True,fallback for non-discrete-math topics; see TOPIC_OVERRIDES for the Discrete-Math split
em::2.41.19,Mathematics,Calculus,Engineering Mathematics,True,fallback for non-discrete-math topics; see TOPIC_OVERRIDES for the Discrete-Math split
em::2.41.20,Mathematics,Calculus,Engineering Mathematics,True,fallback for non-discrete-math topics; see TOPIC_OVERRIDES for the Discrete-Math split
em::2.41.21,Mathematics,Calculus,Engineering Mathematics,True,fallback for non-discrete-math topics; see TOPIC_OVERRIDES for the Discrete-Math split
em::2.41.22,Mathematics,Calculus,Engineering Mathematics,True,fallback for non-discrete-math topics; see TOPIC_OVERRIDES for the Discrete-Math split
em::2.41.23,Mathematics,Calculus,Engineering Mathematics,True,fallback for non-discrete-math topics; see TOPIC_OVERRIDES for the Discrete-Math split
em::2.41.24,Mathematics,Calculus,Engineering Mathematics,True,fallback for non-discrete-math topics; see TOPIC_OVERRIDES for the Discrete-Math split
em::2.41.26,Mathematics,Calculus,Engineering Mathematics,True,fallback for non-discrete-math topics; see TOPIC_OVERRIDES for the Discrete-Math split
em::2.41.27,Mathematics,Calculus,Engineering Mathematics,True,fallback for non-discrete-math topics; see TOPIC_OVERRIDES for the Discrete-Math split
em::2.41.28,Mathematics,Calculus,Engineering Mathematics,True,fallback for non-discrete-math topics; see TOPIC_OVERRIDES for the Discrete-Math split
em::2.41.29,Mathematics,Calculus,Engineering Mathematics,True,fallback for non-discrete-math topics; see TOPIC_OVERRIDES for the Discrete-Math split
em::2.41.30,Mathematics,Calculus,Engineering Mathematics,True,fallback for non-discrete-math topics; see TOPIC_OVERRIDES for the Discrete-Math split
em::2.41.31,Mathematics,Calculus,Engineering Mathematics,True,fallback for non-discrete-math topics; see TOPIC_OVERRIDES for the Discrete-Math split
em::2.41.32,Mathematics,Calculus,Engineering Mathematics,True,fallback for non-discrete-math topics; see TOPIC_OVERRIDES for the Discrete-Math split
em::2.41.33,Mathematics,Calculus,Engineering Mathematics,True,fallback for non-discrete-math topics; see TOPIC_OVERRIDES for the Discrete-Math split
em::2.41.34,Mathematics,Calculus,Engineering Mathematics,True,fallback for non-discrete-math topics; see TOPIC_OVERRIDES for the Discrete-Math split
em::2.41.35,Mathematics,Calculus,Engineering Mathematics,True,fallback for non-discrete-math topics; see TOPIC_OVERRIDES for the Discrete-Math split
em::2.41.36,Mathematics,Calculus,Engineering Mathematics,True,fallback for non-discrete-math topics; see TOPIC_OVERRIDES for the Discrete-Math split
em::2.42.1,Mathematics,Calculus,Engineering Mathematics,True,fallback for non-discrete-math topics; see TOPIC_OVERRIDES for the Discrete-Math split
em::2.42.2,Mathematics,Calculus,Engineering Mathematics,True,fallback for non-discrete-math topics; see TOPIC_OVERRIDES for the Discrete-Math split
em::2.43.1,Mathematics,Calculus,Engineering Mathematics,True,fallback for non-discrete-math topics; see TOPIC_OVERRIDES for the Discrete-Math split
em::2.44.1,Mathematics,Calculus,Engineering Mathematics,True,fallback for non-discrete-math topics; see TOPIC_OVERRIDES for the Discrete-Math split
em::2.44.2,Mathematics,Calculus,Engineering Mathematics,True,fallback for non-discrete-math topics; see TOPIC_OVERRIDES for the Discrete-Math split
em::3.24.18,Mathematics,Linear Algebra,Engineering Mathematics,True,fallback for non-discrete-math topics; see TOPIC_OVERRIDES for the Discrete-Math split
em::3.24.19,Mathematics,Linear Algebra,Engineering Mathematics,True,fallback for non-discrete-math topics; see TOPIC_OVERRIDES for the Discrete-Math split
em::3.24.20,Mathematics,Linear Algebra,Engineering Mathematics,True,fallback for non-discrete-math topics; see TOPIC_OVERRIDES for the Discrete-Math split
em::3.24.21,Mathematics,Linear Algebra,Engineering Mathematics,True,fallback for non-discrete-math topics; see TOPIC_OVERRIDES for the Discrete-Math split
em::3.24.22,Mathematics,Linear Algebra,Engineering Mathematics,True,fallback for non-discrete-math topics; see TOPIC_OVERRIDES for the Discrete-Math split
em::3.24.23,Mathematics,Linear Algebra,Engineering Mathematics,True,fallback for non-discrete-math topics; see TOPIC_OVERRIDES for the Discrete-Math split
em::3.24.24,Mathematics,Linear Algebra,Engineering Mathematics,True,fallback for non-discrete-math topics; see TOPIC_OVERRIDES for the Discrete-Math split
em::3.24.25,Mathematics,Linear Algebra,Engineering Mathematics,True,fallback for non-discrete-math topics; see TOPIC_OVERRIDES for the Discrete-Math split
em::3.24.26,Mathematics,Linear Algebra,Engineering Mathematics,True,fallback for non-discrete-math topics; see TOPIC_OVERRIDES for the Discrete-Math split
em::3.24.27,Mathematics,Linear Algebra,Engineering Mathematics,True,fallback for non-discrete-math topics; see TOPIC_OVERRIDES for the Discrete-Math split
em::3.24.28,Mathematics,Linear Algebra,Engineering Mathematics,True,fallback for non-discrete-math topics; see TOPIC_OVERRIDES for the Discrete-Math split
em::3.24.29,Mathematics,Linear Algebra,Engineering Mathematics,True,fallback for non-discrete-math topics; see TOPIC_OVERRIDES for the Discrete-Math split
em::3.25.1,Mathematics,Linear Algebra,Engineering Mathematics,True,fallback for non-discrete-math topics; see TOPIC_OVERRIDES for the Discrete-Math split
em::3.26.1,Mathematics,Linear Algebra,Engineering Mathematics,True,fallback for non-discrete-math topics; see TOPIC_OVERRIDES for the Discrete-Math split
em::3.27.1,Mathematics,Linear Algebra,Engineering Mathematics,True,fallback for non-discrete-math topics; see TOPIC_OVERRIDES for the Discrete-Math split
em::3.28.1,Mathematics,Linear Algebra,Engineering Mathematics,True,fallback for non-discrete-math topics; see TOPIC_OVERRIDES for the Discrete-Math split
em::3.28.2,Mathematics,Linear Algebra,Engineering Mathematics,True,fallback for non-discrete-math topics; see TOPIC_OVERRIDES for the Discrete-Math split
em::3.28.3,Mathematics,Linear Algebra,Engineering Mathematics,True,fallback for non-discrete-math topics; see TOPIC_OVERRIDES for the Discrete-Math split
em::3.29.1,Mathematics,Linear Algebra,Engineering Mathematics,True,fallback for non-discrete-math topics; see TOPIC_OVERRIDES for the Discrete-Math split
em::3.29.2,Mathematics,Linear Algebra,Engineering Mathematics,True,fallback for non-discrete-math topics; see TOPIC_OVERRIDES for the Discrete-Math split
em::3.29.3,Mathematics,Linear Algebra,Engineering Mathematics,True,fallback for non-discrete-math topics; see TOPIC_OVERRIDES for the Discrete-Math split
em::3.29.4,Mathematics,Linear Algebra,Engineering Mathematics,True,fallback for non-discrete-math topics; see TOPIC_OVERRIDES for the Discrete-Math split
em::3.29.5,Mathematics,Linear Algebra,Engineering Mathematics,True,fallback for non-discrete-math topics; see TOPIC_OVERRIDES for the Discrete-Math split
em::3.29.6,Mathematics,Linear Algebra,Engineering Mathematics,True,fallback for non-discrete-math topics; see TOPIC_OVERRIDES for the Discrete-Math split
em::4.2.1,Mathematics,Probability,Engineering Mathematics,True,fallback for non-discrete-math topics; see TOPIC_OVERRIDES for the Discrete-Math split
em::4.3.1,Mathematics,Probability,Engineering Mathematics,True,fallback for non-discrete-math topics; see TOPIC_OVERRIDES for the Discrete-Math split
em::4.4.2,Mathematics,Probability,Engineering Mathematics,True,fallback for non-discrete-math topics; see TOPIC_OVERRIDES for the Discrete-Math split
em::4.4.3,Mathematics,Probability,Engineering Mathematics,True,fallback for non-discrete-math topics; see TOPIC_OVERRIDES for the Discrete-Math split
em::4.4.5,Mathematics,Probability,Engineering Mathematics,True,fallback for non-discrete-math topics; see TOPIC_OVERRIDES for the Discrete-Math split
em::4.5.1,Mathematics,Probability,Engineering Mathematics,True,fallback for non-discrete-math topics; see TOPIC_OVERRIDES for the Discrete-Math split
em::4.5.2,Mathematics,Probability,Engineering Mathematics,True,fallback for non-discrete-math topics; see TOPIC_OVERRIDES for the Discrete-Math split
em::4.5.3,Mathematics,Probability,Engineering Mathematics,True,fallback for non-discrete-math topics; see TOPIC_OVERRIDES for the Discrete-Math split
em::4.5.4,Mathematics,Probability,Engineering Mathematics,True,fallback for non-discrete-math topics; see TOPIC_OVERRIDES for the Discrete-Math split
em::4.5.6,Mathematics,Probability,Engineering Mathematics,True,fallback for non-discrete-math topics; see TOPIC_OVERRIDES for the Discrete-Math split
em::4.5.8,Mathematics,Probability,Engineering Mathematics,True,fallback for non-discrete-math topics; see TOPIC_OVERRIDES for the Discrete-Math split
em::4.5.10,Mathematics,Probability,Engineering Mathematics,True,fallback for non-discrete-math topics; see TOPIC_OVERRIDES for the Discrete-Math split
em::4.5.15,Mathematics,Probability,Engineering Mathematics,True,fallback for non-discrete-math topics; see TOPIC_OVERRIDES for the Discrete-Math split
em::4.6.1,Mathematics,Probability,Engineering Mathematics,True,fallback for non-discrete-math topics; see TOPIC_OVERRIDES for the Discrete-Math split
em::4.7.1,Mathematics,Probability,Engineering Mathematics,True,fallback for non-discrete-math topics; see TOPIC_OVERRIDES for the Discrete-Math split
em::4.7.3,Mathematics,Probability,Engineering Mathematics,True,fallback for non-discrete-math topics; see TOPIC_OVERRIDES for the Discrete-Math split
em::4.7.4,Mathematics,Probability,Engineering Mathematics,True,fallback for non-discrete-math topics; see TOPIC_OVERRIDES for the Discrete-Math split
em::4.7.6,Mathematics,Probability,Engineering Mathematics,True,fallback for non-discrete-math topics; see TOPIC_OVERRIDES for the Discrete-Math split
em::4.7.7,Mathematics,Probability,Engineering Mathematics,True,fallback for non-discrete-math topics; see TOPIC_OVERRIDES for the Discrete-Math split
em::4.7.8,Mathematics,Probability,Engineering Mathematics,True,fallback for non-discrete-math topics; see TOPIC_OVERRIDES for the Discrete-Math split
em::4.7.10,Mathematics,Probability,Engineering Mathematics,True,fallback for non-discrete-math topics; see TOPIC_OVERRIDES for the Discrete-Math split
em::4.7.11,Mathematics,Probability,Engineering Mathematics,True,fallback for non-discrete-math topics; see TOPIC_OVERRIDES for the Discrete-Math split
em::4.7.12,Mathematics,Probability,Engineering Mathematics,True,fallback for non-discrete-math topics; see TOPIC_OVERRIDES for the Discrete-Math split
em::4.7.14,Mathematics,Probability,Engineering Mathematics,True,fallback for non-discrete-math topics; see TOPIC_OVERRIDES for the Discrete-Math split
em::4.7.15,Mathematics,Probability,Engineering Mathematics,True,fallback for non-discrete-math topics; see TOPIC_OVERRIDES for the Discrete-Math split
em::4.8.1,Mathematics,Probability,Engineering Mathematics,True,fallback for non-discrete-math topics; see TOPIC_OVERRIDES for the Discrete-Math split
em::4.8.3,Mathematics,Probability,Engineering Mathematics,True,fallback for non-discrete-math topics; see TOPIC_OVERRIDES for the Discrete-Math split
em::4.8.4,Mathematics,Probability,Engineering Mathematics,True,fallback for non-discrete-math topics; see TOPIC_OVERRIDES for the Discrete-Math split
em::4.8.5,Mathematics,Probability,Engineering Mathematics,True,fallback for non-discrete-math topics; see TOPIC_OVERRIDES for the Discrete-Math split
em::4.9.1,Mathematics,Probability,Engineering Mathematics,True,fallback for non-discrete-math topics; see TOPIC_OVERRIDES for the Discrete-Math split
em::4.9.2,Mathematics,Probability,Engineering Mathematics,True,fallback for non-discrete-math topics; see TOPIC_OVERRIDES for the Discrete-Math split
em::4.9.3,Mathematics,Probability,Engineering Mathematics,True,fallback for non-discrete-math topics; see TOPIC_OVERRIDES for the Discrete-Math split
em::4.9.4,Mathematics,Probability,Engineering Mathematics,True,fallback for non-discrete-math topics; see TOPIC_OVERRIDES for the Discrete-Math split
em::4.9.5,Mathematics,Probability,Engineering Mathematics,True,fallback for non-discrete-math topics; see TOPIC_OVERRIDES for the Discrete-Math split
em::4.10.2,Mathematics,Probability,Engineering Mathematics,True,fallback for non-discrete-math topics; see TOPIC_OVERRIDES for the Discrete-Math split
em::4.11.1,Mathematics,Probability,Engineering Mathematics,True,fallback for non-discrete-math topics; see TOPIC_OVERRIDES for the Discrete-Math split
em::4.11.2,Mathematics,Probability,Engineering Mathematics,True,fallback for non-discrete-math topics; see TOPIC_OVERRIDES for the Discrete-Math split
em::4.11.3,Mathematics,Probability,Engineering Mathematics,True,fallback for non-discrete-math topics; see TOPIC_OVERRIDES for the Discrete-Math split
em::4.11.4,Mathematics,Probability,Engineering Mathematics,True,fallback for non-discrete-math topics; see TOPIC_OVERRIDES for the Discrete-Math split
em::4.12.1,Mathematics,Probability,Engineering Mathematics,True,fallback for non-discrete-math topics; see TOPIC_OVERRIDES for the Discrete-Math split
em::4.12.2,Mathematics,Probability,Engineering Mathematics,True,fallback for non-discrete-math topics; see TOPIC_OVERRIDES for the Discrete-Math split
em::4.12.3,Mathematics,Probability,Engineering Mathematics,True,fallback for non-discrete-math topics; see TOPIC_OVERRIDES for the Discrete-Math split
em::4.12.4,Mathematics,Probability,Engineering Mathematics,True,fallback for non-discrete-math topics; see TOPIC_OVERRIDES for the Discrete-Math split
em::4.12.6,Mathematics,Probability,Engineering Mathematics,True,fallback for non-discrete-math topics; see TOPIC_OVERRIDES for the Discrete-Math split
em::4.12.8,Mathematics,Probability,Engineering Mathematics,True,fallback for non-discrete-math topics; see TOPIC_OVERRIDES for the Discrete-Math split
em::4.12.9,Mathematics,Probability,Engineering Mathematics,True,fallback for non-discrete-math topics; see TOPIC_OVERRIDES for the Discrete-Math split
em::4.12.10,Mathematics,Probability,Engineering Mathematics,True,fallback for non-discrete-math topics; see TOPIC_OVERRIDES for the Discrete-Math split
em::4.12.12,Mathematics,Probability,Engineering Mathematics,True,fallback for non-discrete-math topics; see TOPIC_OVERRIDES for the Discrete-Math split
em::4.12.13,Mathematics,Probability,Engineering Mathematics,True,fallback for non-discrete-math topics; see TOPIC_OVERRIDES for the Discrete-Math split
em::4.12.14,Mathematics,Probability,Engineering Mathematics,True,fallback for non-discrete-math topics; see TOPIC_OVERRIDES for the Discrete-Math split
em::4.12.15,Mathematics,Probability,Engineering Mathematics,True,fallback for non-discrete-math topics; see TOPIC_OVERRIDES for the Discrete-Math split
em::4.12.16,Mathematics,Probability,Engineering Mathematics,True,fallback for non-discrete-math topics; see TOPIC_OVERRIDES for the Discrete-Math split
em::4.12.17,Mathematics,Probability,Engineering Mathematics,True,fallback for non-discrete-math topics; see TOPIC_OVERRIDES for the Discrete-Math split
em::4.12.18,Mathematics,Probability,Engineering Mathematics,True,fallback for non-discrete-math topics; see TOPIC_OVERRIDES for the Discrete-Math split
em::4.12.19,Mathematics,Probability,Engineering Mathematics,True,fallback for non-discrete-math topics; see TOPIC_OVERRIDES for the Discrete-Math split
em::4.12.20,Mathematics,Probability,Engineering Mathematics,True,fallback for non-discrete-math topics; see TOPIC_OVERRIDES for the Discrete-Math split
em::4.12.21,Mathematics,Probability,Engineering Mathematics,True,fallback for non-discrete-math topics; see TOPIC_OVERRIDES for the Discrete-Math split
em::4.12.22,Mathematics,Probability,Engineering Mathematics,True,fallback for non-discrete-math topics; see TOPIC_OVERRIDES for the Discrete-Math split
em::4.12.24,Mathematics,Probability,Engineering Mathematics,True,fallback for non-discrete-math topics; see TOPIC_OVERRIDES for the Discrete-Math split
em::4.12.26,Mathematics,Probability,Engineering Mathematics,True,fallback for non-discrete-math topics; see TOPIC_OVERRIDES for the Discrete-Math split
em::4.12.28,Mathematics,Probability,Engineering Mathematics,True,fallback for non-discrete-math topics; see TOPIC_OVERRIDES for the Discrete-Math split
em::4.12.29,Mathematics,Probability,Engineering Mathematics,True,fallback for non-discrete-math topics; see TOPIC_OVERRIDES for the Discrete-Math split
em::4.13.1,Mathematics,Probability,Engineering Mathematics,True,fallback for non-discrete-math topics; see TOPIC_OVERRIDES for the Discrete-Math split
em::4.14.1,Mathematics,Probability,Engineering Mathematics,True,fallback for non-discrete-math topics; see TOPIC_OVERRIDES for the Discrete-Math split
em::4.15.1,Mathematics,Probability,Engineering Mathematics,True,fallback for non-discrete-math topics; see TOPIC_OVERRIDES for the Discrete-Math split
em::4.16.1,Mathematics,Probability,Engineering Mathematics,True,fallback for non-discrete-math topics; see TOPIC_OVERRIDES for the Discrete-Math split
em::4.16.2,Mathematics,Probability,Engineering Mathematics,True,fallback for non-discrete-math topics; see TOPIC_OVERRIDES for the Discrete-Math split
em::4.16.4,Mathematics,Probability,Engineering Mathematics,True,fallback for non-discrete-math topics; see TOPIC_OVERRIDES for the Discrete-Math split
em::4.16.7,Mathematics,Probability,Engineering Mathematics,True,fallback for non-discrete-math topics; see TOPIC_OVERRIDES for the Discrete-Math split
em::4.16.8,Mathematics,Probability,Engineering Mathematics,True,fallback for non-discrete-math topics; see TOPIC_OVERRIDES for the Discrete-Math split
em::4.17.1,Mathematics,Probability,Engineering Mathematics,True,fallback for non-discrete-math topics; see TOPIC_OVERRIDES for the Discrete-Math split
em::4.18.1,Mathematics,Probability,Engineering Mathematics,True,fallback for non-discrete-math topics; see TOPIC_OVERRIDES for the Discrete-Math split
em::4.19.3,Mathematics,Probability,Engineering Mathematics,True,fallback for non-discrete-math topics; see TOPIC_OVERRIDES for the Discrete-Math split
em::4.19.4,Mathematics,Probability,Engineering Mathematics,True,fallback for non-discrete-math topics; see TOPIC_OVERRIDES for the Discrete-Math split
em::4.19.5,Mathematics,Probability,Engineering Mathematics,True,fallback for non-discrete-math topics; see TOPIC_OVERRIDES for the Discrete-Math split
em::4.19.6,Mathematics,Probability,Engineering Mathematics,True,fallback for non-discrete-math topics; see TOPIC_OVERRIDES for the Discrete-Math split
em::4.19.7,Mathematics,Probability,Engineering Mathematics,True,fallback for non-discrete-math topics; see TOPIC_OVERRIDES for the Discrete-Math split
em::4.19.8,Mathematics,Probability,Engineering Mathematics,True,fallback for non-discrete-math topics; see TOPIC_OVERRIDES for the Discrete-Math split
em::4.19.9,Mathematics,Probability,Engineering Mathematics,True,fallback for non-discrete-math topics; see TOPIC_OVERRIDES for the Discrete-Math split
em::4.19.10,Mathematics,Probability,Engineering Mathematics,True,fallback for non-discrete-math topics; see TOPIC_OVERRIDES for the Discrete-Math split
em::4.20.1,Mathematics,Probability,Engineering Mathematics,True,fallback for non-discrete-math topics; see TOPIC_OVERRIDES for the Discrete-Math split
em::5.0.2,General Aptitude,Quantitative Aptitude,General Aptitude,False,canonical form
em::5.0.3,General Aptitude,Quantitative Aptitude,General Aptitude,False,canonical form
em::5.0.4,General Aptitude,Analytical Aptitude,General Aptitude,False,canonical form
em::5.0.5,General Aptitude,Quantitative Aptitude,General Aptitude,False,canonical form
em::5.0.6,General Aptitude,Analytical Aptitude,General Aptitude,False,canonical form
em::5.0.7,General Aptitude,Analytical Aptitude,General Aptitude,False,canonical form
em::5.0.8,General Aptitude,Quantitative Aptitude,General Aptitude,False,canonical form
em::5.0.9,General Aptitude,Quantitative Aptitude,General Aptitude,False,canonical form
em::5.0.10,General Aptitude,Quantitative Aptitude,General Aptitude,False,canonical form
em::5.0.11,General Aptitude,Quantitative Aptitude,General Aptitude,False,canonical form
em::5.0.13,General Aptitude,Quantitative Aptitude,General Aptitude,False,canonical form
em::5.0.14,General Aptitude,Analytical Aptitude,General Aptitude,False,canonical form
em::5.0.15,General Aptitude,Analytical Aptitude,General Aptitude,False,canonical form
em::5.0.16,General Aptitude,Quantitative Aptitude,General Aptitude,False,canonical form
em::5.0.17,General Aptitude,Analytical Aptitude,General Aptitude,False,canonical form
em::5.0.18,General Aptitude,Quantitative Aptitude,General Aptitude,False,canonical form
em::5.0.19,General Aptitude,Analytical Aptitude,General Aptitude,False,canonical form
em::5.1.1,General Aptitude,Quantitative Aptitude,General Aptitude,False,canonical form
em::5.1.2,General Aptitude,Quantitative Aptitude,General Aptitude,False,canonical form
em::5.1.3,General Aptitude,Quantitative Aptitude,General Aptitude,False,canonical form
em::5.1.4,General Aptitude,Quantitative Aptitude,General Aptitude,False,canonical form
em::5.1.6,General Aptitude,Quantitative Aptitude,General Aptitude,False,canonical form
em::5.1.7,General Aptitude,Quantitative Aptitude,General Aptitude,False,canonical form
em::5.2.1,General Aptitude,Quantitative Aptitude,General Aptitude,False,canonical form
em::5.3.1,General Aptitude,Quantitative Aptitude,General Aptitude,False,canonical form
em::5.3.2,General Aptitude,Quantitative Aptitude,General Aptitude,False,canonical form
em::5.3.5,General Aptitude,Quantitative Aptitude,General Aptitude,False,canonical form
em::5.3.7,General Aptitude,Quantitative Aptitude,General Aptitude,False,canonical form
em::5.3.8,General Aptitude,Quantitative Aptitude,General Aptitude,False,canonical form
em::5.3.10,General Aptitude,Quantitative Aptitude,General Aptitude,False,canonical form
em::5.3.13,General Aptitude,Quantitative Aptitude,General Aptitude,False,canonical form
em::5.3.14,General Aptitude,Quantitative Aptitude,General Aptitude,False,canonical form
em::5.3.15,General Aptitude,Quantitative Aptitude,General Aptitude,False,canonical form
em::5.3.16,General Aptitude,Quantitative Aptitude,General Aptitude,False,canonical form
em::5.3.18,General Aptitude,Quantitative Aptitude,General Aptitude,False,canonical form
em::5.3.19,General Aptitude,Quantitative Aptitude,General Aptitude,False,canonical form
em::5.4.1,General Aptitude,Quantitative Aptitude,General Aptitude,False,canonical form
em::5.4.3,General Aptitude,Quantitative Aptitude,General Aptitude,False,canonical form
em::5.5.1,Mathematics,Probability,Engineering Mathematics,True,fallback for non-discrete-math topics; see TOPIC_OVERRIDES for the Discrete-Math split
em::5.6.4,General Aptitude,Quantitative Aptitude,General Aptitude,False,canonical form
em::5.6.5,General Aptitude,Quantitative Aptitude,General Aptitude,False,canonical form
em::5.6.6,General Aptitude,Quantitative Aptitude,General Aptitude,False,canonical form
em::5.6.7,General Aptitude,Quantitative Aptitude,General Aptitude,False,canonical form
em::5.7.1,General Aptitude,Quantitative Aptitude,General Aptitude,False,canonical form
em::5.7.2,General Aptitude,Quantitative Aptitude,General Aptitude,False,canonical form
em::5.7.3,General Aptitude,Quantitative Aptitude,General Aptitude,False,canonical form
em::5.7.5,General Aptitude,Quantitative Aptitude,General Aptitude,False,canonical form
em::5.7.6,General Aptitude,Quantitative Aptitude,General Aptitude,False,canonical form
em::5.7.10,General Aptitude,Quantitative Aptitude,General Aptitude,False,canonical form
em::5.7.12,General Aptitude,Quantitative Aptitude,General Aptitude,False,canonical form
em::5.7.13,General Aptitude,Quantitative Aptitude,General Aptitude,False,canonical form
em::5.7.14,General Aptitude,Quantitative Aptitude,General Aptitude,False,canonical form
em::5.8.1,General Aptitude,Quantitative Aptitude,General Aptitude,False,canonical form
em::5.8.2,General Aptitude,Quantitative Aptitude,General Aptitude,False,canonical form
em::5.8.4,General Aptitude,Quantitative Aptitude,General Aptitude,False,canonical form
em::5.9.1,General Aptitude,Quantitative Aptitude,General Aptitude,False,canonical form
em::5.10.2,General Aptitude,Quantitative Aptitude,General Aptitude,False,canonical form
em::5.10.3,General Aptitude,Quantitative Aptitude,General Aptitude,False,canonical form
em::5.12.1,General Aptitude,Quantitative Aptitude,General Aptitude,False,canonical form
em::5.13.1,General Aptitude,Quantitative Aptitude,General Aptitude,False,canonical form
em::5.13.2,General Aptitude,Quantitative Aptitude,General Aptitude,False,canonical form
em::5.14.1,General Aptitude,Quantitative Aptitude,General Aptitude,False,canonical form
em::5.14.3,General Aptitude,Quantitative Aptitude,General Aptitude,False,canonical form
em::5.14.6,General Aptitude,Quantitative Aptitude,General Aptitude,False,canonical form
em::5.14.7,General Aptitude,Quantitative Aptitude,General Aptitude,False,canonical form
em::5.15.1,General Aptitude,Quantitative Aptitude,General Aptitude,False,canonical form
em::5.16.1,General Aptitude,Quantitative Aptitude,General Aptitude,False,canonical form
em::5.16.4,General Aptitude,Quantitative Aptitude,General Aptitude,False,canonical form
em::5.16.5,General Aptitude,Quantitative Aptitude,General Aptitude,False,canonical form
em::5.16.8,General Aptitude,Quantitative Aptitude,General Aptitude,False,canonical form
em::5.16.10,General Aptitude,Quantitative Aptitude,General Aptitude,False,canonical form
em::5.16.12,General Aptitude,Quantitative Aptitude,General Aptitude,False,canonical form
em::5.16.14,General Aptitude,Quantitative Aptitude,General Aptitude,False,canonical form
em::5.17.1,General Aptitude,Quantitative Aptitude,General Aptitude,False,canonical form
em::5.18.1,General Aptitude,Quantitative Aptitude,General Aptitude,False,canonical form
em::5.18.3,General Aptitude,Quantitative Aptitude,General Aptitude,False,canonical form
em::5.19.2,General Aptitude,Quantitative Aptitude,General Aptitude,False,canonical form
em::5.19.3,General Aptitude,Quantitative Aptitude,General Aptitude,False,canonical form
em::5.20.1,General Aptitude,Quantitative Aptitude,General Aptitude,False,canonical form
em::5.20.4,General Aptitude,Quantitative Aptitude,General Aptitude,False,canonical form
em::5.20.5,General Aptitude,Quantitative Aptitude,General Aptitude,False,canonical form
em::5.20.7,General Aptitude,Quantitative Aptitude,General Aptitude,False,canonical form
em::5.20.8,General Aptitude,Quantitative Aptitude,General Aptitude,False,canonical form
em::5.24.1,General Aptitude,Quantitative Aptitude,General Aptitude,False,canonical form
em::5.24.2,General Aptitude,Quantitative Aptitude,General Aptitude,False,canonical form
em::5.24.3,General Aptitude,Quantitative Aptitude,General Aptitude,False,canonical form
em::5.24.4,General Aptitude,Quantitative Aptitude,General Aptitude,False,canonical form
em::5.24.6,General Aptitude,Quantitative Aptitude,General Aptitude,False,canonical form
em::5.24.8,General Aptitude,Quantitative Aptitude,General Aptitude,False,canonical form
em::5.24.10,General Aptitude,Quantitative Aptitude,General Aptitude,False,canonical form
em::5.24.11,General Aptitude,Quantitative Aptitude,General Aptitude,False,canonical form
em::5.24.12,General Aptitude,Quantitative Aptitude,General Aptitude,False,canonical form
em::5.25.1,General Aptitude,Quantitative Aptitude,General Aptitude,False,canonical form
em::5.25.2,General Aptitude,Quantitative Aptitude,General Aptitude,False,canonical form
em::5.25.5,General Aptitude,Quantitative Aptitude,General Aptitude,False,canonical form
em::5.25.7,General Aptitude,Quantitative Aptitude,General Aptitude,False,canonical form
em::5.25.8,General Aptitude,Quantitative Aptitude,General Aptitude,False,canonical form
em::5.25.10,General Aptitude,Quantitative Aptitude,General Aptitude,False,canonical form
em::5.25.11,General Aptitude,Quantitative Aptitude,General Aptitude,False,canonical form
em::5.25.12,General Aptitude,Quantitative Aptitude,General Aptitude,False,canonical form
em::5.25.13,General Aptitude,Quantitative Aptitude,General Aptitude,False,canonical form
em::5.25.14,General Aptitude,Quantitative Aptitude,General Aptitude,False,canonical form
em::5.26.1,General Aptitude,Quantitative Aptitude,General Aptitude,False,canonical form
em::5.27.1,General Aptitude,Quantitative Aptitude,General Aptitude,False,canonical form
em::5.27.2,General Aptitude,Quantitative Aptitude,General Aptitude,False,canonical form
em::5.28.1,General Aptitude,Quantitative Aptitude,General Aptitude,False,canonical form
em::5.30.2,General Aptitude,Quantitative Aptitude,General Aptitude,False,canonical form
em::5.30.3,General Aptitude,Quantitative Aptitude,General Aptitude,False,canonical form
em::5.32.1,General Aptitude,Quantitative Aptitude,General Aptitude,False,canonical form
em::5.33.1,General Aptitude,Quantitative Aptitude,General Aptitude,False,canonical form
em::5.34.1,General Aptitude,Quantitative Aptitude,General Aptitude,False,canonical form
em::5.34.2,General Aptitude,Quantitative Aptitude,General Aptitude,False,canonical form
em::5.35.1,General Aptitude,Quantitative Aptitude,General Aptitude,False,canonical form
em::5.35.2,General Aptitude,Quantitative Aptitude,General Aptitude,False,canonical form
em::5.35.4,General Aptitude,Quantitative Aptitude,General Aptitude,False,canonical form
em::5.36.1,General Aptitude,Quantitative Aptitude,General Aptitude,False,canonical form
em::5.36.2,General Aptitude,Quantitative Aptitude,General Aptitude,False,canonical form
em::5.36.4,General Aptitude,Quantitative Aptitude,General Aptitude,False,canonical form
em::5.36.5,General Aptitude,Quantitative Aptitude,General Aptitude,False,canonical form
em::5.36.8,General Aptitude,Quantitative Aptitude,General Aptitude,False,canonical form
em::5.36.10,General Aptitude,Quantitative Aptitude,General Aptitude,False,canonical form
em::5.36.12,General Aptitude,Quantitative Aptitude,General Aptitude,False,canonical form
em::5.36.14,General Aptitude,Quantitative Aptitude,General Aptitude,False,canonical form
em::5.36.18,General Aptitude,Quantitative Aptitude,General Aptitude,False,canonical form
em::5.36.22,General Aptitude,Quantitative Aptitude,General Aptitude,False,canonical form
em::5.36.24,General Aptitude,Quantitative Aptitude,General Aptitude,False,canonical form
em::5.36.25,General Aptitude,Quantitative Aptitude,General Aptitude,False,canonical form
em::5.36.26,General Aptitude,Quantitative Aptitude,General Aptitude,False,canonical form
em::5.36.27,General Aptitude,Quantitative Aptitude,General Aptitude,False,canonical form
em::5.37.1,General Aptitude,Quantitative Aptitude,General Aptitude,False,canonical form
em::5.38.1,General Aptitude,Quantitative Aptitude,General Aptitude,False,canonical form
em::5.38.7,General Aptitude,Quantitative Aptitude,General Aptitude,False,canonical form
em::5.38.10,General Aptitude,Quantitative Aptitude,General Aptitude,False,canonical form
em::5.38.11,General Aptitude,Quantitative Aptitude,General Aptitude,False,canonical form
em::5.38.13,General Aptitude,Quantitative Aptitude,General Aptitude,False,canonical form
em::5.39.1,General Aptitude,Quantitative Aptitude,General Aptitude,False,canonical form
em::5.40.3,General Aptitude,Quantitative Aptitude,General Aptitude,False,canonical form
em::5.40.10,General Aptitude,Quantitative Aptitude,General Aptitude,False,canonical form
em::5.40.11,General Aptitude,Quantitative Aptitude,General Aptitude,False,canonical form
em::5.40.19,General Aptitude,Quantitative Aptitude,General Aptitude,False,canonical form
em::5.40.22,General Aptitude,Quantitative Aptitude,General Aptitude,False,canonical form
em::5.40.24,General Aptitude,Quantitative Aptitude,General Aptitude,False,canonical form
em::5.40.25,General Aptitude,Quantitative Aptitude,General Aptitude,False,canonical form
em::5.40.26,General Aptitude,Quantitative Aptitude,General Aptitude,False,canonical form
em::5.40.28,General Aptitude,Quantitative Aptitude,General Aptitude,False,canonical form
em::5.43.2,General Aptitude,Quantitative Aptitude,General Aptitude,False,canonical form
em::5.43.3,General Aptitude,Quantitative Aptitude,General Aptitude,False,canonical form
em::5.44.1,General Aptitude,Quantitative Aptitude,General Aptitude,False,canonical form
em::5.45.1,General Aptitude,Quantitative Aptitude,General Aptitude,False,canonical form
em::5.45.3,General Aptitude,Quantitative Aptitude,General Aptitude,False,canonical form
em::5.45.4,General Aptitude,Quantitative Aptitude,General Aptitude,False,canonical form
em::5.45.5,General Aptitude,Quantitative Aptitude,General Aptitude,False,canonical form
em::5.45.11,General Aptitude,Quantitative Aptitude,General Aptitude,False,canonical form
em::5.46.1,General Aptitude,Quantitative Aptitude,General Aptitude,False,canonical form
em::5.47.1,General Aptitude,Numerical Ability,General Aptitude,False,canonical form
em::5.49.1,General Aptitude,Quantitative Aptitude,General Aptitude,False,canonical form
em::5.50.1,General Aptitude,Quantitative Aptitude,General Aptitude,False,canonical form
em::5.50.2,General Aptitude,Quantitative Aptitude,General Aptitude,False,canonical form
em::5.50.3,General Aptitude,Quantitative Aptitude,General Aptitude,False,canonical form
em::5.50.4,General Aptitude,Quantitative Aptitude,General Aptitude,False,canonical form
em::5.50.6,General Aptitude,Numerical Ability,General Aptitude,False,canonical form
em::5.50.7,General Aptitude,Numerical Ability,General Aptitude,False,canonical form
em::5.50.8,General Aptitude,Quantitative Aptitude,General Aptitude,False,canonical form
em::5.50.10,General Aptitude,Quantitative Aptitude,General Aptitude,False,canonical form
em::5.50.12,General Aptitude,Numerical Ability,General Aptitude,False,canonical form
em::5.50.13,General Aptitude,Numerical Ability,General Aptitude,False,canonical form
em::5.50.14,General Aptitude,Quantitative Aptitude,General Aptitude,False,canonical form
em::5.50.17,General Aptitude,Numerical Ability,General Aptitude,False,canonical form
em::5.50.18,General Aptitude,Numerical Ability,General Aptitude,False,canonical form
em::5.51.1,General Aptitude,Logical Reasoning,General Aptitude,False,canonical form
em::5.53.1,General Aptitude,Quantitative Aptitude,General Aptitude,False,canonical form
em::5.53.2,General Aptitude,Quantitative Aptitude,General Aptitude,False,canonical form
em::5.54.1,General Aptitude,Numerical Ability,General Aptitude,False,canonical form
em::5.55.1,General Aptitude,Numerical Ability,General Aptitude,False,canonical form
em::5.56.1,General Aptitude,Numerical Ability,General Aptitude,False,canonical form
em::5.56.2,General Aptitude,Numerical Ability,General Aptitude,False,canonical form
em::5.56.3,General Aptitude,Quantitative Aptitude,General Aptitude,False,canonical form
em::5.56.4,General Aptitude,Quantitative Aptitude,General Aptitude,False,canonical form
em::5.57.2,General Aptitude,Numerical Ability,General Aptitude,False,canonical form
em::5.58.1,General Aptitude,Quantitative Aptitude,General Aptitude,False,canonical form
em::5.59.1,General Aptitude,Quantitative Aptitude,General Aptitude,False,canonical form
em::5.59.2,General Aptitude,Quantitative Aptitude,General Aptitude,False,canonical form
em::5.59.3,General Aptitude,Quantitative Aptitude,General Aptitude,False,canonical form
em::5.60.1,General Aptitude,Quantitative Aptitude,General Aptitude,False,canonical form
em::5.60.3,General Aptitude,Quantitative Aptitude,General Aptitude,False,canonical form
em::5.60.4,General Aptitude,Numerical Ability,General Aptitude,False,canonical form
em::5.60.5,General Aptitude,Numerical Ability,General Aptitude,False,canonical form
em::5.60.7,General Aptitude,Quantitative Aptitude,General Aptitude,False,canonical form
em::5.60.8,General Aptitude,Quantitative Aptitude,General Aptitude,False,canonical form
em::5.60.9,General Aptitude,Numerical Ability,General Aptitude,False,canonical form
em::5.60.10,General Aptitude,Numerical Ability,General Aptitude,False,canonical form
em::5.60.11,General Aptitude,Numerical Ability,General Aptitude,False,canonical form
em::5.60.12,General Aptitude,Numerical Ability,General Aptitude,False,canonical form
em::5.60.13,General Aptitude,Numerical Ability,General Aptitude,False,canonical form
em::5.60.14,General Aptitude,Numerical Ability,General Aptitude,False,canonical form
em::5.60.16,General Aptitude,Numerical Ability,General Aptitude,False,canonical form
em::5.60.17,General Aptitude,Numerical Ability,General Aptitude,False,canonical form
em::5.60.18,General Aptitude,Numerical Ability,General Aptitude,False,canonical form
em::5.61.1,General Aptitude,Quantitative Aptitude,General Aptitude,False,canonical form
em::5.61.3,General Aptitude,Numerical Ability,General Aptitude,False,canonical form
em::5.61.5,General Aptitude,Quantitative Aptitude,General Aptitude,False,canonical form
em::5.62.1,General Aptitude,Quantitative Aptitude,General Aptitude,False,canonical form
em::5.62.2,General Aptitude,Quantitative Aptitude,General Aptitude,False,canonical form
em::5.62.5,General Aptitude,Numerical Ability,General Aptitude,False,canonical form
em::5.62.6,General Aptitude,Quantitative Aptitude,General Aptitude,False,canonical form
em::5.62.7,General Aptitude,Numerical Ability,General Aptitude,False,canonical form
em::5.62.9,General Aptitude,Numerical Ability,General Aptitude,False,canonical form
em::5.62.12,General Aptitude,Numerical Ability,General Aptitude,False,canonical form
em::5.62.14,General Aptitude,Numerical Ability,General Aptitude,False,canonical form
em::5.63.1,General Aptitude,Quantitative Aptitude,General Aptitude,False,canonical form
em::5.64.1,General Aptitude,Quantitative Aptitude,General Aptitude,False,canonical form
em::5.64.2,General Aptitude,Quantitative Aptitude,General Aptitude,False,canonical form
em::5.64.3,General Aptitude,Quantitative Aptitude,General Aptitude,False,canonical form
em::5.64.5,General Aptitude,Quantitative Aptitude,General Aptitude,False,canonical form
em::5.64.8,General Aptitude,Numerical Ability,General Aptitude,False,canonical form
em::5.64.9,General Aptitude,Numerical Ability,General Aptitude,False,canonical form
em::5.64.11,General Aptitude,Numerical Ability,General Aptitude,False,canonical form
em::5.64.12,General Aptitude,Numerical Ability,General Aptitude,False,canonical form
em::5.64.14,General Aptitude,Numerical Ability,General Aptitude,False,canonical form
em::5.64.15,General Aptitude,Numerical Ability,General Aptitude,False,canonical form
em::5.64.16,General Aptitude,Numerical Ability,General Aptitude,False,canonical form
em::5.64.17,General Aptitude,Numerical Ability,General Aptitude,False,canonical form
em::5.65.1,General Aptitude,Numerical Ability,General Aptitude,False,canonical form
em::5.65.3,General Aptitude,Numerical Ability,General Aptitude,False,canonical form
em::5.65.4,General Aptitude,Numerical Ability,General Aptitude,False,canonical form
em::5.65.6,General Aptitude,Numerical Ability,General Aptitude,False,canonical form
em::5.66.1,General Aptitude,Quantitative Aptitude,General Aptitude,False,canonical form
em::5.66.2,General Aptitude,Quantitative Aptitude,General Aptitude,False,canonical form
em::5.66.3,General Aptitude,Numerical Ability,General Aptitude,False,canonical form
em::5.66.4,General Aptitude,Numerical Ability,General Aptitude,False,canonical form
em::5.66.7,General Aptitude,Quantitative Aptitude,General Aptitude,False,canonical form
em::5.67.1,General Aptitude,Numerical Ability,General Aptitude,False,canonical form
em::5.68.12,General Aptitude,Numerical Ability,General Aptitude,False,canonical form
em::5.68.17,General Aptitude,Quantitative Aptitude,General Aptitude,False,canonical form
em::5.69.1,General Aptitude,Quantitative Aptitude,General Aptitude,False,canonical form
em::5.69.2,General Aptitude,Quantitative Aptitude,General Aptitude,False,canonical form
em::5.69.3,General Aptitude,Quantitative Aptitude,General Aptitude,False,canonical form
em::5.70.1,General Aptitude,Numerical Ability,General Aptitude,False,canonical form
em::5.71.1,General Aptitude,Quantitative Aptitude,General Aptitude,False,canonical form
em::5.71.3,General Aptitude,Quantitative Aptitude,General Aptitude,False,canonical form
em::5.71.4,General Aptitude,Quantitative Aptitude,General Aptitude,False,canonical form
em::5.72.1,General Aptitude,Quantitative Aptitude,General Aptitude,False,canonical form
em::5.73.1,General Aptitude,Quantitative Aptitude,General Aptitude,False,canonical form
em::5.74.1,General Aptitude,Numerical Ability,General Aptitude,False,canonical form
em::5.74.5,General Aptitude,Numerical Ability,General Aptitude,False,canonical form
em::5.74.6,General Aptitude,Numerical Ability,General Aptitude,False,canonical form
em::5.74.8,General Aptitude,Numerical Ability,General Aptitude,False,canonical form
em::5.74.9,General Aptitude,Numerical Ability,General Aptitude,False,canonical form
em::5.74.11,General Aptitude,Numerical Ability,General Aptitude,False,canonical form
em::5.74.13,General Aptitude,Numerical Ability,General Aptitude,False,canonical form
em::5.74.14,General Aptitude,Numerical Ability,General Aptitude,False,canonical form
em::5.74.15,General Aptitude,Numerical Ability,General Aptitude,False,canonical form
em::5.74.16,General Aptitude,Numerical Ability,General Aptitude,False,canonical form
em::5.74.18,General Aptitude,Numerical Ability,General Aptitude,False,canonical form
em::5.74.19,General Aptitude,Numerical Ability,General Aptitude,False,canonical form
em::5.74.20,General Aptitude,Numerical Ability,General Aptitude,False,canonical form
em::5.74.21,General Aptitude,Numerical Ability,General Aptitude,False,canonical form
em::5.74.22,General Aptitude,Numerical Ability,General Aptitude,False,canonical form
em::5.74.25,General Aptitude,Numerical Ability,General Aptitude,False,canonical form
em::5.74.26,General Aptitude,Numerical Ability,General Aptitude,False,canonical form
em::5.74.27,General Aptitude,Quantitative Aptitude,General Aptitude,False,canonical form
em::5.74.28,General Aptitude,Numerical Ability,General Aptitude,False,canonical form
em::5.74.31,General Aptitude,Numerical Ability,General Aptitude,False,canonical form
em::5.74.33,General Aptitude,Quantitative Aptitude,General Aptitude,False,canonical form
em::5.74.36,General Aptitude,Numerical Ability,General Aptitude,False,canonical form
em::5.74.37,General Aptitude,Numerical Ability,General Aptitude,False,canonical form
em::5.74.38,General Aptitude,Numerical Ability,General Aptitude,False,canonical form
em::5.74.39,General Aptitude,Numerical Ability,General Aptitude,False,canonical form
em::5.74.40,General Aptitude,Quantitative Aptitude,General Aptitude,False,canonical form
em::5.74.42,General Aptitude,Quantitative Aptitude,General Aptitude,False,canonical form
em::5.74.43,General Aptitude,Numerical Ability,General Aptitude,False,canonical form
em::5.75.1,General Aptitude,Numerical Ability,General Aptitude,False,canonical form
em::5.77.1,General Aptitude,Analytical Aptitude,General Aptitude,False,canonical form
em::5.77.2,General Aptitude,Numerical Ability,General Aptitude,False,canonical form
em::5.78.2,General Aptitude,Quantitative Aptitude,General Aptitude,False,canonical form
em::5.78.5,General Aptitude,Quantitative Aptitude,General Aptitude,False,canonical form
em::5.78.6,General Aptitude,Numerical Ability,General Aptitude,False,canonical form
em::5.78.7,General Aptitude,Numerical Ability,General Aptitude,False,canonical form
em::5.78.8,General Aptitude,Numerical Ability,General Aptitude,False,canonical form
em::5.78.10,General Aptitude,Numerical Ability,General Aptitude,False,canonical form
em::5.78.11,General Aptitude,Quantitative Aptitude,General Aptitude,False,canonical form
em::5.79.1,General Aptitude,Quantitative Aptitude,General Aptitude,False,canonical form
em::5.79.2,General Aptitude,Quantitative Aptitude,General Aptitude,False,canonical form
em::5.79.3,General Aptitude,Quantitative Aptitude,General Aptitude,False,canonical form
em::5.79.4,General Aptitude,Quantitative Aptitude,General Aptitude,False,canonical form
em::5.79.5,General Aptitude,Numerical Ability,General Aptitude,False,canonical form
em::5.79.7,General Aptitude,Numerical Ability,General Aptitude,False,canonical form
em::5.79.8,General Aptitude,Numerical Ability,General Aptitude,False,canonical form
em::5.80.1,General Aptitude,Quantitative Aptitude,General Aptitude,False,canonical form
em::5.80.3,General Aptitude,Numerical Ability,General Aptitude,False,canonical form
em::5.80.5,General Aptitude,Numerical Ability,General Aptitude,False,canonical form
em::5.80.6,General Aptitude,Numerical Ability,General Aptitude,False,canonical form
em::5.80.7,General Aptitude,Quantitative Aptitude,General Aptitude,False,canonical form
em::5.80.8,General Aptitude,Quantitative Aptitude,General Aptitude,False,canonical form
em::5.80.10,General Aptitude,Quantitative Aptitude,General Aptitude,False,canonical form
em::5.80.11,General Aptitude,Quantitative Aptitude,General Aptitude,False,canonical form
em::5.80.12,General Aptitude,Numerical Ability,General Aptitude,False,canonical form
em::5.80.13,General Aptitude,Numerical Ability,General Aptitude,False,canonical form
em::5.80.14,General Aptitude,Quantitative Aptitude,General Aptitude,False,canonical form
em::5.80.16,General Aptitude,Quantitative Aptitude,General Aptitude,False,canonical form
em::5.80.18,General Aptitude,Quantitative Aptitude,General Aptitude,False,canonical form
em::5.80.20,General Aptitude,Quantitative Aptitude,General Aptitude,False,canonical form
em::5.80.24,General Aptitude,Quantitative Aptitude,General Aptitude,False,canonical form
em::5.80.25,General Aptitude,Quantitative Aptitude,General Aptitude,False,canonical form
em::5.80.28,General Aptitude,Quantitative Aptitude,General Aptitude,False,canonical form
em::5.80.29,General Aptitude,Quantitative Aptitude,General Aptitude,False,canonical form
em::5.81.2,General Aptitude,Numerical Ability,General Aptitude,False,canonical form
em::5.81.3,General Aptitude,Numerical Ability,General Aptitude,False,canonical form
em::5.83.1,General Aptitude,Numerical Ability,General Aptitude,False,canonical form
em::5.84.1,General Aptitude,Quantitative Aptitude,General Aptitude,False,canonical form
em::5.84.2,General Aptitude,Quantitative Aptitude,General Aptitude,False,canonical form
em::5.84.3,General Aptitude,Quantitative Aptitude,General Aptitude,False,canonical form
em::5.84.4,General Aptitude,Quantitative Aptitude,General Aptitude,False,canonical form
em::5.86.1,General Aptitude,Quantitative Aptitude,General Aptitude,False,canonical form
em::5.86.2,General Aptitude,Quantitative Aptitude,General Aptitude,False,canonical form
em::5.86.3,General Aptitude,Quantitative Aptitude,General Aptitude,False,canonical form
em::5.86.4,General Aptitude,Quantitative Aptitude,General Aptitude,False,canonical form
em::5.86.5,General Aptitude,Quantitative Aptitude,General Aptitude,False,canonical form
em::5.86.6,General Aptitude,Quantitative Aptitude,General Aptitude,False,canonical form
em::5.86.7,General Aptitude,Numerical Ability,General Aptitude,False,canonical form
em::5.86.8,General Aptitude,Analytical Aptitude,General Aptitude,False,canonical form
em::5.86.9,General Aptitude,Quantitative Aptitude,General Aptitude,False,canonical form
em::5.86.11,General Aptitude,Quantitative Aptitude,General Aptitude,False,canonical form
em::5.87.1,General Aptitude,Quantitative Aptitude,General Aptitude,False,canonical form
em::5.89.1,General Aptitude,Numerical Ability,General Aptitude,False,canonical form
em::5.90.1,General Aptitude,Quantitative Aptitude,General Aptitude,False,canonical form
em::5.90.2,General Aptitude,Quantitative Aptitude,General Aptitude,False,canonical form
em::5.90.3,General Aptitude,Numerical Ability,General Aptitude,False,canonical form
em::5.90.4,General Aptitude,Numerical Ability,General Aptitude,False,canonical form
em::5.90.6,General Aptitude,Quantitative Aptitude,General Aptitude,False,canonical form
em::5.90.8,General Aptitude,Numerical Ability,General Aptitude,False,canonical form
em::5.90.10,General Aptitude,Quantitative Aptitude,General Aptitude,False,canonical form
em::5.90.12,General Aptitude,Numerical Ability,General Aptitude,False,canonical form
em::5.90.13,General Aptitude,Numerical Ability,General Aptitude,False,canonical form
em::5.90.14,General Aptitude,Numerical Ability,General Aptitude,False,canonical form
em::5.90.15,General Aptitude,Numerical Ability,General Aptitude,False,canonical form
em::5.90.17,General Aptitude,Numerical Ability,General Aptitude,False,canonical form
em::5.90.18,General Aptitude,Quantitative Aptitude,General Aptitude,False,canonical form
em::5.90.19,General Aptitude,Numerical Ability,General Aptitude,False,canonical form
em::5.90.20,General Aptitude,Numerical Ability,General Aptitude,False,canonical form
em::5.90.21,General Aptitude,Numerical Ability,General Aptitude,False,canonical form
em::5.90.23,General Aptitude,Numerical Ability,General Aptitude,False,canonical form
em::5.90.24,General Aptitude,Quantitative Aptitude,General Aptitude,False,canonical form
em::5.91.1,General Aptitude,Numerical Ability,General Aptitude,False,canonical form
em::5.93.1,General Aptitude,Quantitative Aptitude,General Aptitude,False,canonical form
em::5.93.2,General Aptitude,Quantitative Aptitude,General Aptitude,False,canonical form
em::5.93.6,General Aptitude,Numerical Ability,General Aptitude,False,canonical form
em::5.93.7,General Aptitude,Quantitative Aptitude,General Aptitude,False,canonical form
em::5.93.9,General Aptitude,Numerical Ability,General Aptitude,False,canonical form
em::5.93.10,General Aptitude,Numerical Ability,General Aptitude,False,canonical form
em::5.95.1,General Aptitude,Numerical Ability,General Aptitude,False,canonical form
em::5.97.1,General Aptitude,Quantitative Aptitude,General Aptitude,False,canonical form
em::5.97.2,General Aptitude,Quantitative Aptitude,General Aptitude,False,canonical form
em::5.97.3,General Aptitude,Quantitative Aptitude,General Aptitude,False,canonical form
em::5.97.4,General Aptitude,Quantitative Aptitude,General Aptitude,False,canonical form
em::5.97.5,General Aptitude,Numerical Ability,General Aptitude,False,canonical form
em::5.97.6,General Aptitude,Numerical Ability,General Aptitude,False,canonical form
em::5.97.8,General Aptitude,Numerical Ability,General Aptitude,False,canonical form
em::5.97.10,General Aptitude,Numerical Ability,General Aptitude,False,canonical form
em::5.97.11,General Aptitude,Numerical Ability,General Aptitude,False,canonical form
em::5.97.12,General Aptitude,Numerical Ability,General Aptitude,False,canonical form
em::5.98.1,General Aptitude,Numerical Ability,General Aptitude,False,canonical form
em::5.99.3,General Aptitude,Quantitative Aptitude,General Aptitude,False,canonical form
em::5.99.5,General Aptitude,Numerical Ability,General Aptitude,False,canonical form
em::5.99.6,General Aptitude,Numerical Ability,General Aptitude,False,canonical form
em::5.99.7,General Aptitude,Numerical Ability,General Aptitude,False,canonical form
em::5.99.12,General Aptitude,Numerical Ability,General Aptitude,False,canonical form
em::5.99.16,General Aptitude,Quantitative Aptitude,General Aptitude,False,canonical form
em::5.100.1,General Aptitude,Numerical Ability,General Aptitude,False,canonical form
em::5.101.1,General Aptitude,Numerical Ability,General Aptitude,False,canonical form
em::5.102.1,General Aptitude,Quantitative Aptitude,General Aptitude,False,canonical form
em::5.102.2,General Aptitude,Quantitative Aptitude,General Aptitude,False,canonical form
em::5.102.4,General Aptitude,Quantitative Aptitude,General Aptitude,False,canonical form
em::5.102.5,General Aptitude,Quantitative Aptitude,General Aptitude,False,canonical form
em::5.102.6,General Aptitude,Quantitative Aptitude,General Aptitude,False,canonical form
em::5.102.7,General Aptitude,Quantitative Aptitude,General Aptitude,False,canonical form
em::5.102.8,General Aptitude,Quantitative Aptitude,General Aptitude,False,canonical form
em::5.102.9,General Aptitude,Quantitative Aptitude,General Aptitude,False,canonical form
em::5.103.3,General Aptitude,Numerical Ability,General Aptitude,False,canonical form
em::5.103.4,General Aptitude,Numerical Ability,General Aptitude,False,canonical form
em::5.103.11,General Aptitude,Analytical Aptitude,General Aptitude,False,canonical form
em::5.104.1,General Aptitude,Quantitative Aptitude,General Aptitude,False,canonical form
em::5.104.3,General Aptitude,Quantitative Aptitude,General Aptitude,False,canonical form
em::5.105.1,General Aptitude,Quantitative Aptitude,General Aptitude,False,canonical form
em::5.105.4,General Aptitude,Quantitative Aptitude,General Aptitude,False,canonical form
em::5.105.6,General Aptitude,Numerical Ability,General Aptitude,False,canonical form
em::5.105.7,General Aptitude,Numerical Ability,General Aptitude,False,canonical form
em::5.105.9,General Aptitude,Numerical Ability,General Aptitude,False,canonical form
em::5.105.10,General Aptitude,Quantitative Aptitude,General Aptitude,False,canonical form
em::5.105.11,General Aptitude,Numerical Ability,General Aptitude,False,canonical form
em::5.105.12,General Aptitude,Numerical Ability,General Aptitude,False,canonical form
em::5.105.13,General Aptitude,Numerical Ability,General Aptitude,False,canonical form
em::5.105.14,General Aptitude,Numerical Ability,General Aptitude,False,canonical form
em::5.105.15,General Aptitude,Numerical Ability,General Aptitude,False,canonical form
em::5.105.17,General Aptitude,Numerical Ability,General Aptitude,False,canonical form
em::5.105.19,General Aptitude,Numerical Ability,General Aptitude,False,canonical form
em::5.105.20,General Aptitude,Numerical Ability,General Aptitude,False,canonical form
em::5.105.21,General Aptitude,Numerical Ability,General Aptitude,False,canonical form
em::5.105.22,General Aptitude,Numerical Ability,General Aptitude,False,canonical form
em::5.105.23,General Aptitude,Numerical Ability,General Aptitude,False,canonical form
em::6.0.4,General Aptitude,Spatial Aptitude,General Aptitude,False,canonical form
em::6.4.2,General Aptitude,Spatial Aptitude,General Aptitude,False,canonical form
em::6.7.5,General Aptitude,Spatial Aptitude,General Aptitude,False,canonical form
em::6.9.2,General Aptitude,Spatial Aptitude,General Aptitude,False,canonical form
em::6.9.10,General Aptitude,Spatial Aptitude,General Aptitude,False,canonical form
em::6.9.11,General Aptitude,Spatial Aptitude,General Aptitude,False,canonical form
em::6.9.12,General Aptitude,Spatial Aptitude,General Aptitude,False,canonical form
em::6.9.14,General Aptitude,Spatial Aptitude,General Aptitude,False,canonical form
em::6.9.19,General Aptitude,Spatial Aptitude,General Aptitude,False,canonical form
em::6.10.1,General Aptitude,Spatial Aptitude,General Aptitude,False,canonical form
em::6.10.2,General Aptitude,Spatial Aptitude,General Aptitude,False,canonical form
em::6.10.3,General Aptitude,Spatial Aptitude,General Aptitude,False,canonical form
em::6.10.4,General Aptitude,Spatial Aptitude,General Aptitude,False,canonical form
em::6.10.7,General Aptitude,Spatial Aptitude,General Aptitude,False,canonical form
em::6.10.8,General Aptitude,Spatial Aptitude,General Aptitude,False,canonical form
em::6.10.9,General Aptitude,Spatial Aptitude,General Aptitude,False,canonical form
em::6.10.12,General Aptitude,Spatial Aptitude,General Aptitude,False,canonical form
em::7.0.1,General Aptitude,Verbal Aptitude,General Aptitude,False,canonical form
em::7.0.2,General Aptitude,Verbal Aptitude,General Aptitude,False,canonical form
em::7.0.5,General Aptitude,Verbal Aptitude,General Aptitude,False,canonical form
em::7.0.6,General Aptitude,Verbal Aptitude,General Aptitude,False,canonical form
em::7.0.8,General Aptitude,Verbal Aptitude,General Aptitude,False,canonical form
em::7.1.1,General Aptitude,Verbal Aptitude,General Aptitude,False,canonical form
em::7.2.1,General Aptitude,Verbal Aptitude,General Aptitude,False,canonical form
em::7.2.2,General Aptitude,Verbal Aptitude,General Aptitude,False,canonical form
em::7.2.3,General Aptitude,Verbal Aptitude,General Aptitude,False,canonical form
em::7.2.5,General Aptitude,Verbal Aptitude,General Aptitude,False,canonical form
em::7.3.1,General Aptitude,Verbal Aptitude,General Aptitude,False,canonical form
em::7.3.4,General Aptitude,Verbal Aptitude,General Aptitude,False,canonical form
em::7.3.5,General Aptitude,Verbal Aptitude,General Aptitude,False,canonical form
em::7.3.6,General Aptitude,Verbal Aptitude,General Aptitude,False,canonical form
em::7.3.7,General Aptitude,Verbal Aptitude,General Aptitude,False,canonical form
em::7.3.8,General Aptitude,Verbal Aptitude,General Aptitude,False,canonical form
em::7.3.10,General Aptitude,Verbal Aptitude,General Aptitude,False,canonical form
em::7.3.12,General Aptitude,Verbal Aptitude,General Aptitude,False,canonical form
em::7.3.13,General Aptitude,Verbal Aptitude,General Aptitude,False,canonical form
em::7.3.14,General Aptitude,Verbal Aptitude,General Aptitude,False,canonical form
em::7.3.15,General Aptitude,Verbal Aptitude,General Aptitude,False,canonical form
em::7.3.17,General Aptitude,Verbal Aptitude,General Aptitude,False,canonical form
em::7.3.18,General Aptitude,Verbal Aptitude,General Aptitude,False,canonical form
em::7.3.19,General Aptitude,Verbal Aptitude,General Aptitude,False,canonical form
em::7.3.20,General Aptitude,Verbal Aptitude,General Aptitude,False,canonical form
em::7.3.22,General Aptitude,Verbal Aptitude,General Aptitude,False,canonical form
em::7.3.23,General Aptitude,Verbal Aptitude,General Aptitude,False,canonical form
em::7.3.24,General Aptitude,Verbal Aptitude,General Aptitude,False,canonical form
em::7.3.25,General Aptitude,Verbal Aptitude,General Aptitude,False,canonical form
em::7.3.26,General Aptitude,Verbal Aptitude,General Aptitude,False,canonical form
em::7.3.27,General Aptitude,Verbal Aptitude,General Aptitude,False,canonical form
em::7.3.28,General Aptitude,Verbal Aptitude,General Aptitude,False,canonical form
em::7.3.29,General Aptitude,Verbal Aptitude,General Aptitude,False,canonical form
em::7.3.30,General Aptitude,Verbal Aptitude,General Aptitude,False,canonical form
em::7.3.31,General Aptitude,Verbal Aptitude,General Aptitude,False,canonical form
em::7.3.32,General Aptitude,Verbal Aptitude,General Aptitude,False,canonical form
em::7.3.33,General Aptitude,Verbal Aptitude,General Aptitude,False,canonical form
em::7.3.35,General Aptitude,Verbal Aptitude,General Aptitude,False,canonical form
em::7.3.36,General Aptitude,Verbal Aptitude,General Aptitude,False,canonical form
em::7.3.37,General Aptitude,Verbal Aptitude,General Aptitude,False,canonical form
em::7.3.38,General Aptitude,Verbal Aptitude,General Aptitude,False,canonical form
em::7.3.39,General Aptitude,Verbal Aptitude,General Aptitude,False,canonical form
em::7.3.40,General Aptitude,Verbal Aptitude,General Aptitude,False,canonical form
em::7.3.41,General Aptitude,Verbal Aptitude,General Aptitude,False,canonical form
em::7.3.43,General Aptitude,Verbal Aptitude,General Aptitude,False,canonical form
em::7.3.44,General Aptitude,Verbal Aptitude,General Aptitude,False,canonical form
em::7.3.51,General Aptitude,Verbal Ability,General Aptitude,False,canonical form
em::7.3.52,General Aptitude,Verbal Ability,General Aptitude,False,canonical form
em::7.3.53,General Aptitude,Verbal Ability,General Aptitude,False,canonical form
em::7.3.54,General Aptitude,Verbal Ability,General Aptitude,False,canonical form
em::7.3.55,General Aptitude,Verbal Ability,General Aptitude,False,canonical form
em::7.3.57,General Aptitude,Verbal Ability,General Aptitude,False,canonical form
em::7.3.58,General Aptitude,Verbal Ability,General Aptitude,False,canonical form
em::7.3.63,General Aptitude,Verbal Aptitude,General Aptitude,False,canonical form
em::7.3.65,General Aptitude,Verbal Aptitude,General Aptitude,False,canonical form
em::7.3.68,General Aptitude,Verbal Aptitude,General Aptitude,False,canonical form
em::7.3.69,General Aptitude,Verbal Aptitude,General Aptitude,False,canonical form
em::7.3.70,General Aptitude,Verbal Aptitude,General Aptitude,False,canonical form
em::7.3.72,General Aptitude,Verbal Aptitude,General Aptitude,False,canonical form
em::7.3.73,General Aptitude,Verbal Aptitude,General Aptitude,False,canonical form
em::7.3.74,General Aptitude,Verbal Aptitude,General Aptitude,False,canonical form
em::7.3.75,General Aptitude,Verbal Aptitude,General Aptitude,False,canonical form
em::7.3.76,General Aptitude,Verbal Aptitude,General Aptitude,False,canonical form
em::7.3.77,General Aptitude,Verbal Aptitude,General Aptitude,False,canonical form
em::7.3.78,General Aptitude,Verbal Aptitude,General Aptitude,False,canonical form
em::7.3.79,General Aptitude,Verbal Aptitude,General Aptitude,False,canonical form
em::7.3.84,General Aptitude,Verbal Aptitude,General Aptitude,False,canonical form
em::7.4.3,General Aptitude,Verbal Aptitude,General Aptitude,False,canonical form
em::7.6.2,General Aptitude,Analytical Aptitude,General Aptitude,False,canonical form
em::7.7.1,General Aptitude,Verbal Aptitude,General Aptitude,False,canonical form
em::7.7.2,General Aptitude,Verbal Aptitude,General Aptitude,False,canonical form
em::7.7.3,General Aptitude,Verbal Aptitude,General Aptitude,False,canonical form
em::7.7.4,General Aptitude,Verbal Aptitude,General Aptitude,False,canonical form
em::7.7.5,General Aptitude,Verbal Aptitude,General Aptitude,False,canonical form
em::7.7.6,General Aptitude,Verbal Aptitude,General Aptitude,False,canonical form
em::7.7.8,General Aptitude,Verbal Aptitude,General Aptitude,False,canonical form
em::7.7.9,General Aptitude,Verbal Aptitude,General Aptitude,False,canonical form
em::7.7.10,General Aptitude,Verbal Aptitude,General Aptitude,False,canonical form
em::7.7.11,General Aptitude,Verbal Aptitude,General Aptitude,False,canonical form
em::7.7.12,General Aptitude,Verbal Aptitude,General Aptitude,False,canonical form
em::7.7.13,General Aptitude,Verbal Aptitude,General Aptitude,False,canonical form
em::7.7.14,General Aptitude,Verbal Aptitude,General Aptitude,False,canonical form
em::7.7.16,General Aptitude,Verbal Aptitude,General Aptitude,False,canonical form
em::7.7.17,General Aptitude,Verbal Aptitude,General Aptitude,False,canonical form
em::7.7.18,General Aptitude,Verbal Aptitude,General Aptitude,False,canonical form
em::7.7.21,General Aptitude,Verbal Aptitude,General Aptitude,False,canonical form
em::7.7.22,General Aptitude,Verbal Aptitude,General Aptitude,False,canonical form
em::7.7.23,General Aptitude,Verbal Aptitude,General Aptitude,False,canonical form
em::7.7.24,General Aptitude,Verbal Aptitude,General Aptitude,False,canonical form
em::7.7.25,General Aptitude,Verbal Aptitude,General Aptitude,False,canonical form
em::7.7.26,General Aptitude,Verbal Aptitude,General Aptitude,False,canonical form
em::7.7.27,General Aptitude,Verbal Aptitude,General Aptitude,False,canonical form
em::7.7.28,General Aptitude,Verbal Aptitude,General Aptitude,False,canonical form
em::7.7.29,General Aptitude,Verbal Aptitude,General Aptitude,False,canonical form
em::7.7.30,General Aptitude,Verbal Aptitude,General Aptitude,False,canonical form
em::7.7.31,General Aptitude,Verbal Aptitude,General Aptitude,False,canonical form
em::7.7.32,General Aptitude,Verbal Aptitude,General Aptitude,False,canonical form
em::7.7.33,General Aptitude,Verbal Aptitude,General Aptitude,False,canonical form
em::7.7.35,General Aptitude,Verbal Aptitude,General Aptitude,False,canonical form
em::7.7.36,General Aptitude,Verbal Aptitude,General Aptitude,False,canonical form
em::7.7.37,General Aptitude,Verbal Aptitude,General Aptitude,False,canonical form
em::7.7.41,General Aptitude,Verbal Aptitude,General Aptitude,False,canonical form
em::7.7.43,General Aptitude,Verbal Aptitude,General Aptitude,False,canonical form
em::7.7.45,General Aptitude,Verbal Aptitude,General Aptitude,False,canonical form
em::7.7.48,General Aptitude,Verbal Aptitude,General Aptitude,False,canonical form
em::7.7.50,General Aptitude,Verbal Aptitude,General Aptitude,False,canonical form
em::7.7.51,General Aptitude,Verbal Aptitude,General Aptitude,False,canonical form
em::7.7.52,General Aptitude,Verbal Aptitude,General Aptitude,False,canonical form
em::7.7.53,General Aptitude,Verbal Aptitude,General Aptitude,False,canonical form
em::7.7.55,General Aptitude,Verbal Aptitude,General Aptitude,False,canonical form
em::7.7.56,General Aptitude,Verbal Aptitude,General Aptitude,False,canonical form
em::7.7.57,General Aptitude,Verbal Aptitude,General Aptitude,False,canonical form
em::7.7.58,General Aptitude,Verbal Aptitude,General Aptitude,False,canonical form
em::7.7.59,General Aptitude,Verbal Aptitude,General Aptitude,False,canonical form
em::7.7.60,General Aptitude,Verbal Aptitude,General Aptitude,False,canonical form
em::7.7.61,General Aptitude,Verbal Aptitude,General Aptitude,False,canonical form
em::7.7.62,General Aptitude,Verbal Aptitude,General Aptitude,False,canonical form
em::7.7.63,General Aptitude,Verbal Aptitude,General Aptitude,False,canonical form
em::7.7.64,General Aptitude,Verbal Aptitude,General Aptitude,False,canonical form
em::7.7.66,General Aptitude,Verbal Aptitude,General Aptitude,False,canonical form
em::7.7.68,General Aptitude,Verbal Aptitude,General Aptitude,False,canonical form
em::7.7.70,General Aptitude,Verbal Aptitude,General Aptitude,False,canonical form
em::7.7.72,General Aptitude,Verbal Aptitude,General Aptitude,False,canonical form
em::7.7.75,General Aptitude,Verbal Aptitude,General Aptitude,False,canonical form
em::7.7.79,General Aptitude,Verbal Aptitude,General Aptitude,False,canonical form
em::7.7.84,General Aptitude,Verbal Aptitude,General Aptitude,False,canonical form
em::7.7.85,General Aptitude,Verbal Aptitude,General Aptitude,False,canonical form
em::7.7.86,General Aptitude,Verbal Aptitude,General Aptitude,False,canonical form
em::7.7.87,General Aptitude,Verbal Aptitude,General Aptitude,False,canonical form
em::7.7.89,General Aptitude,Verbal Aptitude,General Aptitude,False,canonical form
em::7.7.90,General Aptitude,Verbal Aptitude,General Aptitude,False,canonical form
em::7.7.91,General Aptitude,Verbal Aptitude,General Aptitude,False,canonical form
em::7.7.92,General Aptitude,Verbal Aptitude,General Aptitude,False,canonical form
em::7.7.93,General Aptitude,Verbal Aptitude,General Aptitude,False,canonical form
em::7.7.94,General Aptitude,Verbal Aptitude,General Aptitude,False,canonical form
em::7.7.95,General Aptitude,Verbal Aptitude,General Aptitude,False,canonical form
em::7.7.97,General Aptitude,Verbal Aptitude,General Aptitude,False,canonical form
em::7.7.99,General Aptitude,Verbal Aptitude,General Aptitude,False,canonical form
em::7.7.100,General Aptitude,Verbal Aptitude,General Aptitude,False,canonical form
em::7.7.102,General Aptitude,Verbal Aptitude,General Aptitude,False,canonical form
em::7.7.103,General Aptitude,Verbal Aptitude,General Aptitude,False,canonical form
em::7.7.104,General Aptitude,Verbal Aptitude,General Aptitude,False,canonical form
em::7.7.105,General Aptitude,Verbal Aptitude,General Aptitude,False,canonical form
em::7.7.106,General Aptitude,Verbal Aptitude,General Aptitude,False,canonical form
em::7.7.107,General Aptitude,Verbal Aptitude,General Aptitude,False,canonical form
em::7.7.108,General Aptitude,Verbal Aptitude,General Aptitude,False,canonical form
em::7.7.109,General Aptitude,Verbal Aptitude,General Aptitude,False,canonical form
em::7.7.110,General Aptitude,Verbal Aptitude,General Aptitude,False,canonical form
em::7.7.111,General Aptitude,Verbal Aptitude,General Aptitude,False,canonical form
em::7.7.112,General Aptitude,Verbal Aptitude,General Aptitude,False,canonical form
em::7.7.113,General Aptitude,Verbal Aptitude,General Aptitude,False,canonical form
em::7.7.114,General Aptitude,Verbal Aptitude,General Aptitude,False,canonical form
em::7.7.115,General Aptitude,Verbal Aptitude,General Aptitude,False,canonical form
em::7.7.116,General Aptitude,Verbal Aptitude,General Aptitude,False,canonical form
em::7.7.118,General Aptitude,Verbal Aptitude,General Aptitude,False,canonical form
em::7.7.119,General Aptitude,Verbal Aptitude,General Aptitude,False,canonical form
em::7.7.121,General Aptitude,Verbal Aptitude,General Aptitude,False,canonical form
em::7.7.123,General Aptitude,Verbal Aptitude,General Aptitude,False,canonical form
em::7.7.124,General Aptitude,Verbal Aptitude,General Aptitude,False,canonical form
em::7.7.126,General Aptitude,Verbal Aptitude,General Aptitude,False,canonical form
em::7.7.127,General Aptitude,Verbal Aptitude,General Aptitude,False,canonical form
em::7.7.128,General Aptitude,Verbal Aptitude,General Aptitude,False,canonical form
em::7.7.129,General Aptitude,Verbal Aptitude,General Aptitude,False,canonical form
em::7.7.130,General Aptitude,Verbal Aptitude,General Aptitude,False,canonical form
em::7.7.131,General Aptitude,Verbal Aptitude,General Aptitude,False,canonical form
em::7.7.132,General Aptitude,Verbal Aptitude,General Aptitude,False,canonical form
em::7.7.134,General Aptitude,Verbal Aptitude,General Aptitude,False,canonical form
em::7.7.136,General Aptitude,Verbal Aptitude,General Aptitude,False,canonical form
em::7.7.138,General Aptitude,Verbal Aptitude,General Aptitude,False,canonical form
em::7.7.139,General Aptitude,Verbal Aptitude,General Aptitude,False,canonical form
em::7.7.140,General Aptitude,Verbal Aptitude,General Aptitude,False,canonical form
em::7.7.141,General Aptitude,Verbal Aptitude,General Aptitude,False,canonical form
em::7.7.143,General Aptitude,Verbal Aptitude,General Aptitude,False,canonical form
em::7.7.144,General Aptitude,Verbal Aptitude,General Aptitude,False,canonical form
em::7.7.145,General Aptitude,Verbal Aptitude,General Aptitude,False,canonical form
em::7.7.146,General Aptitude,Verbal Aptitude,General Aptitude,False,canonical form
em::7.7.147,General Aptitude,Verbal Aptitude,General Aptitude,False,canonical form
em::7.7.148,General Aptitude,Verbal Aptitude,General Aptitude,False,canonical form
em::7.7.150,General Aptitude,Verbal Aptitude,General Aptitude,False,canonical form
em::7.7.152,General Aptitude,Verbal Aptitude,General Aptitude,False,canonical form
em::7.7.153,General Aptitude,Verbal Aptitude,General Aptitude,False,canonical form
em::7.7.155,General Aptitude,Verbal Aptitude,General Aptitude,False,canonical form
em::7.7.156,General Aptitude,Verbal Aptitude,General Aptitude,False,canonical form
em::7.7.157,General Aptitude,Verbal Aptitude,General Aptitude,False,canonical form
em::7.7.158,General Aptitude,Verbal Aptitude,General Aptitude,False,canonical form
em::7.7.159,General Aptitude,Verbal Aptitude,General Aptitude,False,canonical form
em::7.7.160,General Aptitude,Verbal Aptitude,General Aptitude,False,canonical form
em::7.7.161,General Aptitude,Verbal Aptitude,General Aptitude,False,canonical form
em::7.7.162,General Aptitude,Verbal Aptitude,General Aptitude,False,canonical form
em::7.7.163,General Aptitude,Verbal Aptitude,General Aptitude,False,canonical form
em::7.7.165,General Aptitude,Verbal Aptitude,General Aptitude,False,canonical form
em::7.7.167,General Aptitude,Verbal Aptitude,General Aptitude,False,canonical form
em::7.7.169,General Aptitude,Verbal Aptitude,General Aptitude,False,canonical form
em::7.7.171,General Aptitude,Verbal Aptitude,General Aptitude,False,canonical form
em::7.9.1,General Aptitude,Verbal Aptitude,General Aptitude,False,canonical form
em::7.10.1,General Aptitude,Verbal Aptitude,General Aptitude,False,canonical form
em::7.10.2,General Aptitude,Verbal Aptitude,General Aptitude,False,canonical form
em::7.10.3,General Aptitude,Verbal Aptitude,General Aptitude,False,canonical form
em::7.10.4,General Aptitude,Verbal Aptitude,General Aptitude,False,canonical form
em::7.10.8,General Aptitude,Verbal Aptitude,General Aptitude,False,canonical form
em::7.10.9,General Aptitude,Verbal Aptitude,General Aptitude,False,canonical form
em::7.10.10,General Aptitude,Verbal Aptitude,General Aptitude,False,canonical form
em::7.10.11,General Aptitude,Verbal Aptitude,General Aptitude,False,canonical form
em::7.10.12,General Aptitude,Verbal Aptitude,General Aptitude,False,canonical form
em::7.10.13,General Aptitude,Verbal Aptitude,General Aptitude,False,canonical form
em::7.10.14,General Aptitude,Verbal Aptitude,General Aptitude,False,canonical form
em::7.10.15,General Aptitude,Verbal Aptitude,General Aptitude,False,canonical form
em::7.10.16,General Aptitude,Verbal Aptitude,General Aptitude,False,canonical form
em::7.10.17,General Aptitude,Verbal Aptitude,General Aptitude,False,canonical form
em::7.10.18,General Aptitude,Verbal Aptitude,General Aptitude,False,canonical form
em::7.10.19,General Aptitude,Verbal Aptitude,General Aptitude,False,canonical form
em::7.10.20,General Aptitude,Verbal Aptitude,General Aptitude,False,canonical form
em::7.10.22,General Aptitude,Verbal Aptitude,General Aptitude,False,canonical form
em::7.10.24,General Aptitude,Verbal Aptitude,General Aptitude,False,canonical form
em::7.10.26,General Aptitude,Verbal Aptitude,General Aptitude,False,canonical form
em::7.10.28,General Aptitude,Verbal Aptitude,General Aptitude,False,canonical form
em::7.10.31,General Aptitude,Verbal Aptitude,General Aptitude,False,canonical form
em::7.10.32,General Aptitude,Verbal Aptitude,General Aptitude,False,canonical form
em::7.10.33,General Aptitude,Verbal Aptitude,General Aptitude,False,canonical form
em::7.10.35,General Aptitude,Verbal Aptitude,General Aptitude,False,canonical form
em::7.10.38,General Aptitude,Verbal Aptitude,General Aptitude,False,canonical form
em::7.10.40,General Aptitude,Verbal Aptitude,General Aptitude,False,canonical form
em::7.11.1,General Aptitude,Verbal Aptitude,General Aptitude,False,canonical form
em::7.12.1,General Aptitude,Verbal Aptitude,General Aptitude,False,canonical form
em::7.12.2,General Aptitude,Verbal Aptitude,General Aptitude,False,canonical form
em::7.12.3,General Aptitude,Verbal Aptitude,General Aptitude,False,canonical form
em::7.12.4,General Aptitude,Verbal Aptitude,General Aptitude,False,canonical form
em::7.12.5,General Aptitude,Verbal Aptitude,General Aptitude,False,canonical form
em::7.12.6,General Aptitude,Verbal Aptitude,General Aptitude,False,canonical form
em::7.12.8,General Aptitude,Verbal Aptitude,General Aptitude,False,canonical form
em::7.13.1,General Aptitude,Verbal Aptitude,General Aptitude,False,canonical form
em::7.13.2,General Aptitude,Verbal Aptitude,General Aptitude,False,canonical form
em::7.13.3,General Aptitude,Verbal Aptitude,General Aptitude,False,canonical form
em::7.13.5,General Aptitude,Verbal Aptitude,General Aptitude,False,canonical form
em::7.13.6,General Aptitude,Verbal Ability,General Aptitude,False,canonical form
em::7.13.7,General Aptitude,Verbal Aptitude,General Aptitude,False,canonical form
em::7.14.1,General Aptitude,Verbal Aptitude,General Aptitude,False,canonical form
em::7.14.2,General Aptitude,Verbal Aptitude,General Aptitude,False,canonical form
em::7.15.1,General Aptitude,Verbal Aptitude,General Aptitude,False,canonical form
em::7.15.2,General Aptitude,Verbal Aptitude,General Aptitude,False,canonical form
em::7.15.3,General Aptitude,Verbal Aptitude,General Aptitude,False,canonical form
em::7.15.4,General Aptitude,Verbal Aptitude,General Aptitude,False,canonical form
em::7.17.1,General Aptitude,Verbal Aptitude,General Aptitude,False,canonical form
em::7.17.2,General Aptitude,Logical Reasoning,General Aptitude,False,canonical form
em::7.18.1,General Aptitude,Verbal Aptitude,General Aptitude,False,canonical form
em::7.18.2,General Aptitude,Verbal Ability,General Aptitude,False,canonical form
em::7.18.3,General Aptitude,Verbal Ability,General Aptitude,False,canonical form
em::7.18.4,General Aptitude,Verbal Aptitude,General Aptitude,False,canonical form
em::7.18.5,General Aptitude,Verbal Ability,General Aptitude,False,canonical form
em::7.18.7,General Aptitude,Verbal Ability,General Aptitude,False,canonical form
em::7.18.10,General Aptitude,Verbal Aptitude,General Aptitude,False,canonical form
em::7.19.1,General Aptitude,Verbal Aptitude,General Aptitude,False,canonical form
em::7.19.2,General Aptitude,Verbal Aptitude,General Aptitude,False,canonical form
em::7.19.3,General Aptitude,Verbal Aptitude,General Aptitude,False,canonical form
em::7.19.4,General Aptitude,Verbal Aptitude,General Aptitude,False,canonical form
em::7.19.5,General Aptitude,Verbal Aptitude,General Aptitude,False,canonical form
em::7.20.1,General Aptitude,Verbal Aptitude,General Aptitude,False,canonical form
em::7.20.2,General Aptitude,Verbal Aptitude,General Aptitude,False,canonical form
em::7.21.1,General Aptitude,Verbal Aptitude,General Aptitude,False,canonical form
em::7.21.2,General Aptitude,Verbal Aptitude,General Aptitude,False,canonical form
em::7.21.3,General Aptitude,Verbal Aptitude,General Aptitude,False,canonical form
em::7.21.4,General Aptitude,Verbal Aptitude,General Aptitude,False,canonical form
em::7.21.5,General Aptitude,Verbal Aptitude,General Aptitude,False,canonical form
em::7.21.7,General Aptitude,Verbal Aptitude,General Aptitude,False,canonical form
em::7.21.8,General Aptitude,Verbal Aptitude,General Aptitude,False,canonical form
em::7.21.9,General Aptitude,Verbal Aptitude,General Aptitude,False,canonical form
em::7.22.1,General Aptitude,Verbal Aptitude,General Aptitude,False,canonical form
em::7.23.1,General Aptitude,Verbal Aptitude,General Aptitude,False,canonical form
em::7.23.4,General Aptitude,Verbal Aptitude,General Aptitude,False,canonical form
em::7.23.5,General Aptitude,Verbal Aptitude,General Aptitude,False,canonical form
em::7.23.7,General Aptitude,Verbal Aptitude,General Aptitude,False,canonical form
em::7.23.8,General Aptitude,Verbal Aptitude,General Aptitude,False,canonical form
em::7.23.10,General Aptitude,Verbal Aptitude,General Aptitude,False,canonical form
em::7.23.11,General Aptitude,Verbal Aptitude,General Aptitude,False,canonical form
em::7.23.13,General Aptitude,Verbal Aptitude,General Aptitude,False,canonical form
em::7.23.14,General Aptitude,Verbal Aptitude,General Aptitude,False,canonical form
em::7.23.17,General Aptitude,Verbal Aptitude,General Aptitude,False,canonical form
em::7.23.18,General Aptitude,Verbal Aptitude,General Aptitude,False,canonical form
em::7.23.19,General Aptitude,Verbal Aptitude,General Aptitude,False,canonical form
em::7.23.20,General Aptitude,Verbal Aptitude,General Aptitude,False,canonical form
em::7.23.22,General Aptitude,Verbal Aptitude,General Aptitude,False,canonical form
em::7.23.24,General Aptitude,Verbal Aptitude,General Aptitude,False,canonical form
em::7.23.25,General Aptitude,Verbal Aptitude,General Aptitude,False,canonical form
em::7.23.26,General Aptitude,Verbal Aptitude,General Aptitude,False,canonical form
em::7.23.27,General Aptitude,Verbal Aptitude,General Aptitude,False,canonical form
em::7.23.28,General Aptitude,Verbal Aptitude,General Aptitude,False,canonical form
em::7.23.29,General Aptitude,Verbal Aptitude,General Aptitude,False,canonical form
em::7.23.30,General Aptitude,Verbal Aptitude,General Aptitude,False,canonical form
em::7.23.31,General Aptitude,Verbal Aptitude,General Aptitude,False,canonical form
em::7.23.32,General Aptitude,Verbal Aptitude,General Aptitude,False,canonical form
em::7.23.33,General Aptitude,Verbal Aptitude,General Aptitude,False,canonical form
em::7.23.34,General Aptitude,Verbal Aptitude,General Aptitude,False,canonical form
em::7.23.35,General Aptitude,Verbal Aptitude,General Aptitude,False,canonical form
em::7.23.36,General Aptitude,Verbal Aptitude,General Aptitude,False,canonical form
em::7.23.37,General Aptitude,Verbal Aptitude,General Aptitude,False,canonical form
em::7.23.39,General Aptitude,Verbal Aptitude,General Aptitude,False,canonical form
em::7.23.41,General Aptitude,Verbal Aptitude,General Aptitude,False,canonical form
em::7.23.43,General Aptitude,Verbal Aptitude,General Aptitude,False,canonical form
em::7.23.45,General Aptitude,Verbal Aptitude,General Aptitude,False,canonical form
em::7.23.46,General Aptitude,Verbal Aptitude,General Aptitude,False,canonical form
em::7.23.47,General Aptitude,Verbal Aptitude,General Aptitude,False,canonical form
em::7.23.48,General Aptitude,Verbal Aptitude,General Aptitude,False,canonical form
em::7.23.49,General Aptitude,Verbal Aptitude,General Aptitude,False,canonical form
em::7.23.50,General Aptitude,Verbal Aptitude,General Aptitude,False,canonical form
em::7.23.51,General Aptitude,Verbal Aptitude,General Aptitude,False,canonical form
em::7.23.52,General Aptitude,Verbal Aptitude,General Aptitude,False,canonical form
em::7.23.53,General Aptitude,Verbal Aptitude,General Aptitude,False,canonical form
em::7.23.55,General Aptitude,Verbal Aptitude,General Aptitude,False,canonical form
em::7.23.56,General Aptitude,Verbal Aptitude,General Aptitude,False,canonical form
em::7.23.57,General Aptitude,Verbal Aptitude,General Aptitude,False,canonical form
em::7.23.58,General Aptitude,Verbal Aptitude,General Aptitude,False,canonical form
em::7.23.59,General Aptitude,Verbal Aptitude,General Aptitude,False,canonical form
em::7.23.60,General Aptitude,Verbal Aptitude,General Aptitude,False,canonical form
em::7.23.61,General Aptitude,Verbal Aptitude,General Aptitude,False,canonical form
em::7.23.63,General Aptitude,Verbal Aptitude,General Aptitude,False,canonical form
em::7.23.68,General Aptitude,Verbal Aptitude,General Aptitude,False,canonical form
em::7.23.70,General Aptitude,Verbal Aptitude,General Aptitude,False,canonical form
em::7.23.71,General Aptitude,Verbal Aptitude,General Aptitude,False,canonical form
em::7.23.72,General Aptitude,Verbal Aptitude,General Aptitude,False,canonical form
em::7.23.73,General Aptitude,Verbal Aptitude,General Aptitude,False,canonical form
em::7.23.75,General Aptitude,Verbal Aptitude,General Aptitude,False,canonical form
em::7.23.76,General Aptitude,Verbal Aptitude,General Aptitude,False,canonical form
em::7.23.77,General Aptitude,Verbal Aptitude,General Aptitude,False,canonical form
em::7.23.78,General Aptitude,Verbal Aptitude,General Aptitude,False,canonical form
em::7.23.79,General Aptitude,Verbal Aptitude,General Aptitude,False,canonical form
em::7.23.80,General Aptitude,Verbal Aptitude,General Aptitude,False,canonical form
em::7.23.82,General Aptitude,Verbal Aptitude,General Aptitude,False,canonical form
em::7.23.84,General Aptitude,Verbal Aptitude,General Aptitude,False,canonical form
em::7.23.85,General Aptitude,Verbal Aptitude,General Aptitude,False,canonical form
em::7.23.86,General Aptitude,Verbal Aptitude,General Aptitude,False,canonical form
em::7.23.87,General Aptitude,Verbal Aptitude,General Aptitude,False,canonical form
em::7.23.88,General Aptitude,Verbal Aptitude,General Aptitude,False,canonical form
em::7.23.89,General Aptitude,Verbal Aptitude,General Aptitude,False,canonical form
em::7.23.92,General Aptitude,Verbal Aptitude,General Aptitude,False,canonical form
em::7.23.93,General Aptitude,Verbal Aptitude,General Aptitude,False,canonical form
em::7.23.94,General Aptitude,Verbal Aptitude,General Aptitude,False,canonical form
em::7.23.95,General Aptitude,Verbal Aptitude,General Aptitude,False,canonical form
em::7.23.96,General Aptitude,Verbal Aptitude,General Aptitude,False,canonical form
em::7.23.97,General Aptitude,Verbal Aptitude,General Aptitude,False,canonical form
em::7.23.98,General Aptitude,Verbal Aptitude,General Aptitude,False,canonical form
em::7.23.99,General Aptitude,Verbal Aptitude,General Aptitude,False,canonical form
em::7.23.100,General Aptitude,Verbal Aptitude,General Aptitude,False,canonical form
em::7.23.101,General Aptitude,Verbal Aptitude,General Aptitude,False,canonical form
em::7.23.103,General Aptitude,Verbal Aptitude,General Aptitude,False,canonical form
em::7.23.105,General Aptitude,Verbal Aptitude,General Aptitude,False,canonical form
em::7.23.107,General Aptitude,Verbal Aptitude,General Aptitude,False,canonical form
em::7.23.109,General Aptitude,Verbal Aptitude,General Aptitude,False,canonical form
em::7.23.111,General Aptitude,Verbal Aptitude,General Aptitude,False,canonical form
em::7.23.113,General Aptitude,Verbal Aptitude,General Aptitude,False,canonical form
em::7.24.1,General Aptitude,Verbal Aptitude,General Aptitude,False,canonical form
em::7.24.2,General Aptitude,Verbal Ability,General Aptitude,False,canonical form
em::7.24.3,General Aptitude,Verbal Ability,General Aptitude,False,canonical form
em::7.24.4,General Aptitude,Verbal Ability,General Aptitude,False,canonical form
em::7.24.5,General Aptitude,Verbal Ability,General Aptitude,False,canonical form
em::7.24.6,General Aptitude,Verbal Ability,General Aptitude,False,canonical form
em::7.24.7,General Aptitude,Verbal Ability,General Aptitude,False,canonical form
em::7.24.8,General Aptitude,Verbal Ability,General Aptitude,False,canonical form
em::7.25.1,General Aptitude,Word Meaning,General Aptitude,False,canonical form
em::7.25.4,General Aptitude,Verbal Aptitude,General Aptitude,False,canonical form
em::7.25.6,General Aptitude,Verbal Aptitude,General Aptitude,False,canonical form
em::7.25.8,General Aptitude,Verbal Ability,General Aptitude,False,canonical form
em::7.25.10,General Aptitude,Verbal Aptitude,General Aptitude,False,canonical form
em::7.25.11,General Aptitude,Verbal Aptitude,General Aptitude,False,canonical form
em::7.25.12,General Aptitude,Verbal Aptitude,General Aptitude,False,canonical form
em::7.25.13,General Aptitude,Verbal Aptitude,General Aptitude,False,canonical form
em::7.25.14,General Aptitude,Verbal Aptitude,General Aptitude,False,canonical form
em::7.25.15,General Aptitude,Verbal Aptitude,General Aptitude,False,canonical form
em::7.25.16,General Aptitude,Verbal Ability,General Aptitude,False,canonical form
em::7.25.17,General Aptitude,Verbal Ability,General Aptitude,False,canonical form
em::7.25.18,General Aptitude,Verbal Ability,General Aptitude,False,canonical form
em::7.25.19,General Aptitude,Verbal Ability,General Aptitude,False,canonical form
em::7.25.20,General Aptitude,Verbal Aptitude,General Aptitude,False,canonical form
em::7.25.23,General Aptitude,Verbal Aptitude,General Aptitude,False,canonical form
em::7.25.24,General Aptitude,Verbal Ability,General Aptitude,False,canonical form
em::7.25.25,General Aptitude,Verbal Aptitude,General Aptitude,False,canonical form
em::7.26.1,General Aptitude,Verbal Ability,General Aptitude,False,canonical form
em::7.26.3,General Aptitude,Verbal Aptitude,General Aptitude,False,canonical form
em::7.26.5,General Aptitude,Verbal Aptitude,General Aptitude,False,canonical form
em::7.26.6,General Aptitude,Verbal Aptitude,General Aptitude,False,canonical form
em::7.26.9,General Aptitude,Verbal Aptitude,General Aptitude,False,canonical form
em::7.26.10,General Aptitude,Verbal Aptitude,General Aptitude,False,canonical form
em::7.26.11,General Aptitude,Verbal Aptitude,General Aptitude,False,canonical form
em::7.26.12,General Aptitude,Verbal Aptitude,General Aptitude,False,canonical form
em::7.26.13,General Aptitude,Verbal Aptitude,General Aptitude,False,canonical form
em::7.26.14,General Aptitude,Verbal Ability,General Aptitude,False,canonical form
em::7.26.15,General Aptitude,Verbal Ability,General Aptitude,False,canonical form
em::7.26.17,General Aptitude,Verbal Aptitude,General Aptitude,False,canonical form
em::7.26.18,General Aptitude,Verbal Aptitude,General Aptitude,False,canonical form
em::7.26.19,General Aptitude,Verbal Aptitude,General Aptitude,False,canonical form
em::7.26.21,General Aptitude,Verbal Aptitude,General Aptitude,False,canonical form
em::7.26.23,General Aptitude,Verbal Aptitude,General Aptitude,False,canonical form
em::7.26.25,General Aptitude,Verbal Aptitude,General Aptitude,False,canonical form
em::7.26.27,General Aptitude,Verbal Aptitude,General Aptitude,False,canonical form
em::7.26.28,General Aptitude,Verbal Aptitude,General Aptitude,False,canonical form
em::7.26.30,General Aptitude,Verbal Aptitude,General Aptitude,False,canonical form
em::7.26.32,General Aptitude,Verbal Aptitude,General Aptitude,False,canonical form
em::7.26.34,General Aptitude,Verbal Ability,General Aptitude,False,canonical form
em::7.26.35,General Aptitude,Verbal Ability,General Aptitude,False,canonical form
em::7.26.36,General Aptitude,Verbal Ability,General Aptitude,False,canonical form
em::7.26.38,General Aptitude,Verbal Ability,General Aptitude,False,canonical form
em::7.26.40,General Aptitude,Verbal Aptitude,General Aptitude,False,canonical form
em::7.26.42,General Aptitude,Verbal Aptitude,General Aptitude,False,canonical form
em::7.26.44,General Aptitude,Verbal Ability,General Aptitude,False,canonical form
em::7.26.45,General Aptitude,Verbal Ability,General Aptitude,False,canonical form
em::7.26.46,General Aptitude,Verbal Aptitude,General Aptitude,False,canonical form
em::7.26.47,General Aptitude,Verbal Aptitude,General Aptitude,False,canonical form
em::7.26.48,General Aptitude,Verbal Aptitude,General Aptitude,False,canonical form
em::7.26.50,General Aptitude,Verbal Aptitude,General Aptitude,False,canonical form
em::7.26.52,General Aptitude,Verbal Aptitude,General Aptitude,False,canonical form
em::7.26.54,General Aptitude,Verbal Aptitude,General Aptitude,False,canonical form
enriched::2,Computer Networks,Network Security,Computer Networks,False,canonical form
enriched::3,Computer Networks,Physical Layer,Computer Networks,False,canonical form
enriched::4,Computer Networks,Network Topology,Computer Networks,False,canonical form
enriched::8,Computer Networks,Data Link Layer,Computer Networks,False,canonical form
enriched::11,Computer Networks,Data Link Layer,Computer Networks,False,canonical form
enriched::13,Computer Networks,Physical Layer,Computer Networks,False,canonical form
enriched::15,Computer Networks,Data Link Layer,Computer Networks,False,canonical form
enriched::16,Computer Networks,Physical Layer,Computer Networks,False,canonical form
enriched::17,Computer Networks,Physical Layer,Computer Networks,False,canonical form
enriched::18,Computer Networks,Physical Layer,Computer Networks,False,canonical form
enriched::20,Computer Networks,Physical Layer,Computer Networks,False,canonical form
enriched::21,Computer Networks,Physical Layer,Computer Networks,False,canonical form
enriched::22,Computer Networks,Data Link Layer,Computer Networks,False,canonical form
enriched::24,Computer Networks,Physical Layer,Computer Networks,False,canonical form
enriched::25,Computer Networks,Physical Layer,Computer Networks,False,canonical form
enriched::28,Computer Networks,Data Link Layer,Computer Networks,False,canonical form
enriched::29,Computer Networks,Data Link Layer,Computer Networks,False,canonical form
enriched::30,Computer Networks,Physical Layer,Computer Networks,False,canonical form
enriched::31,Computer Networks,Physical Layer,Computer Networks,False,canonical form
enriched::32,Computer Networks,Physical Layer,Computer Networks,False,canonical form
enriched::34,Computer Networks,Physical Layer,Computer Networks,False,canonical form
enriched::35,Computer Networks,Physical Layer,Computer Networks,False,canonical form
enriched::36,Computer Networks,Network Layer,Computer Networks,False,canonical form
enriched::37,Computer Networks,Data Link Layer,Computer Networks,False,canonical form
enriched::38,Computer Networks,Data Link Layer,Computer Networks,False,canonical form
enriched::39,Computer Networks,Physical Layer,Computer Networks,False,canonical form
enriched::40,Computer Networks,Data Link Layer,Computer Networks,False,canonical form
enriched::41,Computer Networks,Data Link Layer,Computer Networks,False,canonical form
enriched::42,Computer Networks,Network Layer,Computer Networks,False,canonical form
enriched::43,Computer Networks,Network Devices,Computer Networks,False,canonical form
enriched::45,Computer Networks,Data Link Layer,Computer Networks,False,canonical form
enriched::47,Computer Networks,Data Link Layer,Computer Networks,False,canonical form
enriched::48,Computer Networks,Data Link Layer,Computer Networks,False,canonical form
enriched::49,Computer Networks,Data Link Layer,Computer Networks,False,canonical form
enriched::50,Computer Networks,Data Link Layer,Computer Networks,False,canonical form
enriched::51,Computer Networks,Data Link Layer,Computer Networks,False,canonical form
enriched::52,Computer Networks,Data Link Layer,Computer Networks,False,canonical form
enriched::53,Computer Networks,Network Layer,Computer Networks,False,canonical form
enriched::54,Computer Networks,Transport Layer,Computer Networks,False,canonical form
enriched::56,Computer Networks,Network Topology,Computer Networks,False,canonical form
enriched::58,Computer Networks,Data Link Layer,Computer Networks,False,canonical form
enriched::59,Computer Networks,Data Link Layer,Computer Networks,False,canonical form
enriched::60,Computer Networks,Data Link Layer,Computer Networks,False,canonical form
enriched::61,Computer Networks,Data Link Layer,Computer Networks,False,canonical form
enriched::62,Computer Networks,Data Link Layer,Computer Networks,False,canonical form
enriched::63,Computer Networks,Data Link Layer,Computer Networks,False,canonical form
enriched::64,Computer Networks,Data Link Layer,Computer Networks,False,canonical form
enriched::65,Computer Networks,Data Link Layer,Computer Networks,False,canonical form
enriched::66,Computer Networks,Data Link Layer,Computer Networks,False,canonical form
enriched::67,Computer Networks,Physical Layer,Computer Networks,False,canonical form
enriched::68,Computer Networks,Data Link Layer,Computer Networks,False,canonical form
enriched::69,Computer Networks,Data Link Layer,Computer Networks,False,canonical form
enriched::70,Computer Networks,Data Link Layer,Computer Networks,False,canonical form
enriched::71,Computer Networks,Data Link Layer,Computer Networks,False,canonical form
enriched::75,Computer Networks,Physical Layer,Computer Networks,False,canonical form
enriched::76,Computer Networks,Data Link Layer,Computer Networks,False,canonical form
enriched::77,Computer Networks,Physical Layer,Computer Networks,False,canonical form
enriched::78,Computer Networks,Data Link Layer,Computer Networks,False,canonical form
enriched::79,Computer Networks,Data Link Layer,Computer Networks,False,canonical form
enriched::80,Computer Networks,Data Link Layer,Computer Networks,False,canonical form
enriched::81,Computer Networks,Data Link Layer,Computer Networks,False,canonical form
enriched::82,Computer Networks,Data Link Layer,Computer Networks,False,canonical form
enriched::83,Computer Networks,Physical Layer,Computer Networks,False,canonical form
enriched::84,Computer Networks,Data Link Layer,Computer Networks,False,canonical form
enriched::87,Computer Networks,Transport Layer,Computer Networks,False,canonical form
enriched::88,Computer Networks,Data Link Layer,Computer Networks,False,canonical form
enriched::89,Computer Networks,Data Link Layer,Computer Networks,False,canonical form
enriched::90,Computer Networks,Data Link Layer,Computer Networks,False,canonical form
enriched::93,Computer Networks,Data Link Layer,Computer Networks,False,canonical form
enriched::94,Computer Networks,Data Link Layer,Computer Networks,False,canonical form
enriched::95,Computer Networks,Data Link Layer,Computer Networks,False,canonical form
enriched::96,Computer Networks,Physical Layer,Computer Networks,False,canonical form
enriched::98,Computer Networks,Network Topology,Computer Networks,False,canonical form
enriched::99,Computer Networks,Network Topology,Computer Networks,False,canonical form
enriched::100,Computer Networks,Physical Layer,Computer Networks,False,canonical form
enriched::101,Computer Networks,Network Layer,Computer Networks,False,canonical form
enriched::102,Computer Networks,Data Link Layer,Computer Networks,False,canonical form
enriched::103,Computer Networks,Data Link Layer,Computer Networks,False,canonical form
enriched::104,Computer Networks,Network Topology,Computer Networks,False,canonical form
enriched::105,Computer Networks,Network Layer,Computer Networks,False,canonical form
enriched::106,Computer Networks,Physical Layer,Computer Networks,False,canonical form
enriched::107,Computer Networks,Physical Layer,Computer Networks,False,canonical form
enriched::108,Computer Networks,Data Link Layer,Computer Networks,False,canonical form
enriched::109,Computer Networks,Data Link Layer,Computer Networks,False,canonical form
enriched::110,Computer Networks,Network Layer,Computer Networks,False,canonical form
enriched::111,Computer Networks,Network Layer,Computer Networks,False,canonical form
enriched::112,Computer Networks,Data Link Layer,Computer Networks,False,canonical form
enriched::113,Computer Networks,Data Link Layer,Computer Networks,False,canonical form
enriched::114,Computer Networks,Data Link Layer,Computer Networks,False,canonical form
enriched::115,Computer Networks,Physical Layer,Computer Networks,False,canonical form
enriched::116,Computer Networks,Data Link Layer,Computer Networks,False,canonical form
enriched::117,Computer Networks,Data Link Layer,Computer Networks,False,canonical form
enriched::119,Computer Networks,Data Link Layer,Computer Networks,False,canonical form
enriched::120,Computer Networks,Network Layer,Computer Networks,False,canonical form
enriched::121,Computer Networks,Data Link Layer,Computer Networks,False,canonical form
enriched::122,Computer Networks,Data Link Layer,Computer Networks,False,canonical form
enriched::123,Computer Networks,Data Link Layer,Computer Networks,False,canonical form
enriched::124,Computer Networks,Data Link Layer,Computer Networks,False,canonical form
enriched::125,Computer Networks,Physical Layer,Computer Networks,False,canonical form
enriched::126,Computer Networks,Data Link Layer,Computer Networks,False,canonical form
enriched::127,Computer Networks,Data Link Layer,Computer Networks,False,canonical form
enriched::128,Computer Networks,Physical Layer,Computer Networks,False,canonical form
enriched::129,Computer Networks,Data Link Layer,Computer Networks,False,canonical form
enriched::130,Computer Networks,Data Link Layer,Computer Networks,False,canonical form
enriched::131,Computer Networks,Data Link Layer,Computer Networks,False,canonical form
enriched::132,Computer Networks,Network Topology,Computer Networks,False,canonical form
enriched::133,Computer Networks,Network Layer,Computer Networks,False,canonical form
enriched::134,Computer Networks,Network Layer,Computer Networks,False,canonical form
enriched::135,Computer Networks,Transport Layer,Computer Networks,False,canonical form
enriched::136,Computer Networks,Network Layer,Computer Networks,False,canonical form
enriched::137,Computer Networks,Network Layer,Computer Networks,False,canonical form
enriched::138,Computer Networks,Network Layer,Computer Networks,False,canonical form
enriched::139,Computer Networks,Network Layer,Computer Networks,False,canonical form
enriched::140,Computer Networks,Network Layer,Computer Networks,False,canonical form
enriched::141,Computer Networks,Network Layer,Computer Networks,False,canonical form
enriched::142,Computer Networks,Network Layer,Computer Networks,False,canonical form
enriched::143,Computer Networks,Data Link Layer,Computer Networks,False,canonical form
enriched::144,Computer Networks,Network Layer,Computer Networks,False,canonical form
enriched::145,Computer Networks,Network Layer,Computer Networks,False,canonical form
enriched::146,Computer Networks,Network Layer,Computer Networks,False,canonical form
enriched::147,Computer Networks,Network Layer,Computer Networks,False,canonical form
enriched::148,Computer Networks,Network Layer,Computer Networks,False,canonical form
enriched::149,Computer Networks,Network Layer,Computer Networks,False,canonical form
enriched::151,Computer Networks,Network Layer,Computer Networks,False,canonical form
enriched::152,Computer Networks,Network Layer,Computer Networks,False,canonical form
enriched::153,Computer Networks,Network Layer,Computer Networks,False,canonical form
enriched::157,Computer Networks,Network Layer,Computer Networks,False,canonical form
enriched::159,Computer Networks,Network Layer,Computer Networks,False,canonical form
enriched::160,Computer Networks,Network Layer,Computer Networks,False,canonical form
enriched::162,Computer Networks,Network Layer,Computer Networks,False,canonical form
enriched::163,Computer Networks,Network Layer,Computer Networks,False,canonical form
enriched::164,Computer Networks,Network Layer,Computer Networks,False,canonical form
enriched::165,Computer Networks,Network Layer,Computer Networks,False,canonical form
enriched::166,Computer Networks,Network Layer,Computer Networks,False,canonical form
enriched::167,Computer Networks,Network Layer,Computer Networks,False,canonical form
enriched::170,Computer Networks,Network Layer,Computer Networks,False,canonical form
enriched::171,Computer Networks,Network Layer,Computer Networks,False,canonical form
enriched::172,Computer Networks,Network Layer,Computer Networks,False,canonical form
enriched::173,Computer Networks,Network Layer,Computer Networks,False,canonical form
enriched::174,Computer Networks,Network Layer,Computer Networks,False,canonical form
enriched::175,Computer Networks,Network Layer,Computer Networks,False,canonical form
enriched::176,Computer Networks,Network Layer,Computer Networks,False,canonical form
enriched::177,Computer Networks,Network Layer,Computer Networks,False,canonical form
enriched::179,Computer Networks,Network Layer,Computer Networks,False,canonical form
enriched::181,Computer Networks,Network Layer,Computer Networks,False,canonical form
enriched::184,Computer Networks,Network Layer,Computer Networks,False,canonical form
enriched::185,Computer Networks,Network Layer,Computer Networks,False,canonical form
enriched::186,Computer Networks,Network Layer,Computer Networks,False,canonical form
enriched::189,Computer Networks,Network Layer,Computer Networks,False,canonical form
enriched::190,Computer Networks,Network Layer,Computer Networks,False,canonical form
enriched::192,Computer Networks,Network Layer,Computer Networks,False,canonical form
enriched::193,Computer Networks,Network Layer,Computer Networks,False,canonical form
enriched::194,Computer Networks,Network Layer,Computer Networks,False,canonical form
enriched::196,Computer Networks,Network Layer,Computer Networks,False,canonical form
enriched::197,Computer Networks,Network Layer,Computer Networks,False,canonical form
enriched::200,Computer Networks,Network Layer,Computer Networks,False,canonical form
enriched::201,Computer Networks,Network Layer,Computer Networks,False,canonical form
enriched::203,Computer Networks,Network Layer,Computer Networks,False,canonical form
enriched::204,Computer Networks,Network Layer,Computer Networks,False,canonical form
enriched::205,Computer Networks,Network Layer,Computer Networks,False,canonical form
enriched::206,Computer Networks,Network Layer,Computer Networks,False,canonical form
enriched::207,Computer Networks,Physical Layer,Computer Networks,False,canonical form
enriched::208,Computer Networks,Network Layer,Computer Networks,False,canonical form
enriched::210,Computer Networks,Network Layer,Computer Networks,False,canonical form
enriched::215,Computer Networks,Network Layer,Computer Networks,False,canonical form
enriched::217,Computer Networks,Network Layer,Computer Networks,False,canonical form
enriched::218,Computer Networks,Network Layer,Computer Networks,False,canonical form
enriched::219,Computer Networks,Transport Layer,Computer Networks,False,canonical form
enriched::220,Computer Networks,Network Layer,Computer Networks,False,canonical form
enriched::221,Computer Networks,Transport Layer,Computer Networks,False,canonical form
enriched::222,Computer Networks,Transport Layer,Computer Networks,False,canonical form
enriched::223,Computer Networks,Transport Layer,Computer Networks,False,canonical form
enriched::224,Computer Networks,Transport Layer,Computer Networks,False,canonical form
enriched::225,Computer Networks,Transport Layer,Computer Networks,False,canonical form
enriched::228,Computer Networks,Transport Layer,Computer Networks,False,canonical form
enriched::229,Computer Networks,OSI Model,Computer Networks,False,canonical form
enriched::230,Computer Networks,Physical Layer,Computer Networks,False,canonical form
enriched::231,Computer Networks,Transport Layer,Computer Networks,False,canonical form
enriched::232,Computer Networks,Transport Layer,Computer Networks,False,canonical form
enriched::234,Computer Networks,Physical Layer,Computer Networks,False,canonical form
enriched::235,Computer Networks,Transport Layer,Computer Networks,False,canonical form
enriched::236,Computer Networks,Transport Layer,Computer Networks,False,canonical form
enriched::237,Computer Networks,Transport Layer,Computer Networks,False,canonical form
enriched::238,Computer Networks,Network Layer,Computer Networks,False,canonical form
enriched::239,Computer Networks,Transport Layer,Computer Networks,False,canonical form
enriched::240,Computer Networks,Transport Layer,Computer Networks,False,canonical form
enriched::243,Computer Networks,OSI Model,Computer Networks,False,canonical form
enriched::244,Computer Networks,Transport Layer,Computer Networks,False,canonical form
enriched::246,Computer Networks,OSI Model,Computer Networks,False,canonical form
enriched::254,Computer Networks,Application Layer,Computer Networks,False,canonical form
enriched::255,Computer Networks,Network Layer,Computer Networks,False,canonical form
enriched::256,Computer Networks,Transport Layer,Computer Networks,False,canonical form
enriched::257,Computer Networks,Transport Layer,Computer Networks,False,canonical form
enriched::258,Computer Networks,Transport Layer,Computer Networks,False,canonical form
enriched::259,Computer Networks,Transport Layer,Computer Networks,False,canonical form
enriched::261,Computer Networks,Transport Layer,Computer Networks,False,canonical form
enriched::262,Computer Networks,Transport Layer,Computer Networks,False,canonical form
enriched::263,Computer Networks,Physical Layer,Computer Networks,False,canonical form
enriched::264,Computer Networks,Network Layer,Computer Networks,False,canonical form
enriched::265,Computer Networks,Transport Layer,Computer Networks,False,canonical form
enriched::266,Computer Networks,Transport Layer,Computer Networks,False,canonical form
enriched::267,Computer Networks,Network Layer,Computer Networks,False,canonical form
enriched::268,Computer Networks,Transport Layer,Computer Networks,False,canonical form
enriched::269,Computer Networks,Physical Layer,Computer Networks,False,canonical form
enriched::270,Computer Networks,Transport Layer,Computer Networks,False,canonical form
enriched::272,Computer Networks,Network Devices,Computer Networks,False,canonical form
enriched::273,Computer Networks,Data Link Layer,Computer Networks,False,canonical form
enriched::274,Computer Networks,Network Layer,Computer Networks,False,canonical form
enriched::275,Computer Networks,Network Layer,Computer Networks,False,canonical form
enriched::276,Computer Networks,Network Layer,Computer Networks,False,canonical form
enriched::277,Computer Networks,Network Layer,Computer Networks,False,canonical form
enriched::278,Computer Networks,Physical Layer,Computer Networks,False,canonical form
enriched::279,Computer Networks,Application Layer,Computer Networks,False,canonical form
enriched::280,Computer Networks,Application Layer,Computer Networks,False,canonical form
enriched::281,Computer Networks,Physical Layer,Computer Networks,False,canonical form
enriched::282,Computer Networks,Network Layer,Computer Networks,False,canonical form
enriched::283,Computer Networks,Data Link Layer,Computer Networks,False,canonical form
enriched::284,Computer Networks,Data Link Layer,Computer Networks,False,canonical form
enriched::285,Computer Networks,Data Link Layer,Computer Networks,False,canonical form
enriched::286,Computer Networks,Data Link Layer,Computer Networks,False,canonical form
enriched::287,Computer Networks,Data Link Layer,Computer Networks,False,canonical form
enriched::289,Computer Networks,Network Layer,Computer Networks,False,canonical form
enriched::290,Computer Networks,Data Link Layer,Computer Networks,False,canonical form
enriched::291,Computer Networks,Transport Layer,Computer Networks,False,canonical form
enriched::292,Computer Networks,Transport Layer,Computer Networks,False,canonical form
enriched::294,Computer Networks,Transport Layer,Computer Networks,False,canonical form
enriched::295,Computer Networks,Transport Layer,Computer Networks,False,canonical form
enriched::296,Computer Networks,Data Link Layer,Computer Networks,False,canonical form
enriched::297,Computer Networks,Transport Layer,Computer Networks,False,canonical form
enriched::298,Computer Networks,Network Layer,Computer Networks,False,canonical form
enriched::299,Computer Networks,Data Link Layer,Computer Networks,False,canonical form
enriched::300,Computer Networks,Application Layer,Computer Networks,False,canonical form
enriched::301,Operating System,Process Management,Operating Systems,False,case/pluralization dupe
enriched::306,Operating System,Memory Management,Operating Systems,False,case/pluralization dupe
enriched::307,Operating System,Process Management,Operating Systems,False,case/pluralization dupe
enriched::308,Operating System,Process Management,Operating Systems,False,case/pluralization dupe
enriched::309,Operating System,OS Concepts,Operating Systems,False,case/pluralization dupe
enriched::313,Operating System,Process Management,Operating Systems,False,case/pluralization dupe
enriched::322,Operating System,OS Concepts,Operating Systems,False,case/pluralization dupe
enriched::324,Operating System,I/O Management,Operating Systems,False,case/pluralization dupe
enriched::325,Operating System,CPU Scheduling,Operating Systems,False,case/pluralization dupe
enriched::326,Operating System,CPU Scheduling,Operating Systems,False,case/pluralization dupe
enriched::327,Operating System,Process Management,Operating Systems,False,case/pluralization dupe
enriched::328,Operating System,CPU Scheduling,Operating Systems,False,case/pluralization dupe
enriched::329,Operating System,Process Management,Operating Systems,False,case/pluralization dupe
enriched::331,Operating System,CPU Scheduling,Operating Systems,False,case/pluralization dupe
enriched::332,Operating System,CPU Scheduling,Operating Systems,False,case/pluralization dupe
enriched::333,Operating System,CPU Scheduling,Operating Systems,False,case/pluralization dupe
enriched::335,Operating System,CPU Scheduling,Operating Systems,False,case/pluralization dupe
enriched::337,Operating System,CPU Scheduling,Operating Systems,False,case/pluralization dupe
enriched::338,Operating System,Process Management,Operating Systems,False,case/pluralization dupe
enriched::339,Operating System,OS Concepts,Operating Systems,False,case/pluralization dupe
enriched::340,Operating System,OS Concepts,Operating Systems,False,case/pluralization dupe
enriched::342,Operating System,Process Management,Operating Systems,False,case/pluralization dupe
enriched::343,Operating System,CPU Scheduling,Operating Systems,False,case/pluralization dupe
enriched::344,Operating System,Process Management,Operating Systems,False,case/pluralization dupe
enriched::346,Operating System,CPU Scheduling,Operating Systems,False,case/pluralization dupe
enriched::347,Operating System,Process Management,Operating Systems,False,case/pluralization dupe
enriched::349,Operating System,Process Management,Operating Systems,False,case/pluralization dupe
enriched::350,Operating System,CPU Scheduling,Operating Systems,False,case/pluralization dupe
enriched::351,Operating System,CPU Scheduling,Operating Systems,False,case/pluralization dupe
enriched::352,Operating System,CPU Scheduling,Operating Systems,False,case/pluralization dupe
enriched::354,Operating System,Process Management,Operating Systems,False,case/pluralization dupe
enriched::355,Operating System,CPU Scheduling,Operating Systems,False,case/pluralization dupe
enriched::356,Operating System,Process Management,Operating Systems,False,case/pluralization dupe
enriched::357,Operating System,Process Management,Operating Systems,False,case/pluralization dupe
enriched::361,Operating System,CPU Scheduling,Operating Systems,False,case/pluralization dupe
enriched::362,Operating System,Process Management,Operating Systems,False,case/pluralization dupe
enriched::363,Operating System,CPU Scheduling,Operating Systems,False,case/pluralization dupe
enriched::364,Operating System,Process Management,Operating Systems,False,case/pluralization dupe
enriched::365,Operating System,CPU Scheduling,Operating Systems,False,case/pluralization dupe
enriched::366,Operating System,Process Management,Operating Systems,False,case/pluralization dupe
enriched::367,Operating System,Process Management,Operating Systems,False,case/pluralization dupe
enriched::370,Operating System,Process Management,Operating Systems,False,case/pluralization dupe
enriched::371,Operating System,Deadlocks,Operating Systems,False,case/pluralization dupe
enriched::372,Operating System,Deadlocks,Operating Systems,False,case/pluralization dupe
enriched::374,Operating System,OS Concepts,Operating Systems,False,case/pluralization dupe
enriched::375,Operating System,Process Management,Operating Systems,False,case/pluralization dupe
enriched::378,Operating System,Process Management,Operating Systems,False,case/pluralization dupe
enriched::379,Operating System,Deadlocks,Operating Systems,False,case/pluralization dupe
enriched::380,Operating System,Deadlocks,Operating Systems,False,case/pluralization dupe
enriched::381,Operating System,Deadlocks,Operating Systems,False,case/pluralization dupe
enriched::382,Operating System,Deadlocks,Operating Systems,False,case/pluralization dupe
enriched::384,Operating System,Deadlocks,Operating Systems,False,case/pluralization dupe
enriched::387,Operating System,CPU Scheduling,Operating Systems,False,case/pluralization dupe
enriched::390,Operating System,Deadlocks,Operating Systems,False,case/pluralization dupe
enriched::391,Operating System,Process Management,Operating Systems,False,case/pluralization dupe
enriched::392,Operating System,Process Management,Operating Systems,False,case/pluralization dupe
enriched::393,Operating System,Synchronization,Operating Systems,False,case/pluralization dupe
enriched::394,Operating System,Synchronization,Operating Systems,False,case/pluralization dupe
enriched::395,Operating System,Process Management,Operating Systems,False,case/pluralization dupe
enriched::398,Operating System,OS Concepts,Operating Systems,False,case/pluralization dupe
enriched::399,Operating System,CPU Scheduling,Operating Systems,False,case/pluralization dupe
enriched::400,Operating System,Synchronization,Operating Systems,False,case/pluralization dupe
enriched::402,Operating System,Synchronization,Operating Systems,False,case/pluralization dupe
enriched::403,Operating System,Deadlocks,Operating Systems,False,case/pluralization dupe
enriched::404,Operating System,Synchronization,Operating Systems,False,case/pluralization dupe
enriched::406,Operating System,Memory Management,Operating Systems,False,case/pluralization dupe
enriched::407,Operating System,CPU Scheduling,Operating Systems,False,case/pluralization dupe
enriched::408,Operating System,Memory Management,Operating Systems,False,case/pluralization dupe
enriched::409,Operating System,Memory Management,Operating Systems,False,case/pluralization dupe
enriched::410,Operating System,Memory Management,Operating Systems,False,case/pluralization dupe
enriched::411,Operating System,Memory Management,Operating Systems,False,case/pluralization dupe
enriched::413,Operating System,Memory Management,Operating Systems,False,case/pluralization dupe
enriched::414,Operating System,Memory Management,Operating Systems,False,case/pluralization dupe
enriched::415,Operating System,OS Concepts,Operating Systems,False,case/pluralization dupe
enriched::416,Operating System,Memory Management,Operating Systems,False,case/pluralization dupe
enriched::418,Operating System,Memory Management,Operating Systems,False,case/pluralization dupe
enriched::419,Operating System,Process Management,Operating Systems,False,case/pluralization dupe
enriched::420,Operating System,Memory Management,Operating Systems,False,case/pluralization dupe
enriched::422,Operating System,Memory Management,Operating Systems,False,case/pluralization dupe
enriched::423,Operating System,Memory Management,Operating Systems,False,case/pluralization dupe
enriched::425,Operating System,Memory Management,Operating Systems,False,case/pluralization dupe
enriched::427,Operating System,Memory Management,Operating Systems,False,case/pluralization dupe
enriched::428,Operating System,OS Concepts,Operating Systems,False,case/pluralization dupe
enriched::431,Operating System,Memory Management,Operating Systems,False,case/pluralization dupe
enriched::432,Operating System,Memory Management,Operating Systems,False,case/pluralization dupe
enriched::433,Operating System,File Systems,Operating Systems,False,case/pluralization dupe
enriched::434,Operating System,File Systems,Operating Systems,False,case/pluralization dupe
enriched::435,Operating System,File Systems,Operating Systems,False,case/pluralization dupe
enriched::436,Operating System,File Systems,Operating Systems,False,case/pluralization dupe
enriched::439,Operating System,File Systems,Operating Systems,False,case/pluralization dupe
enriched::440,Operating System,Synchronization,Operating Systems,False,case/pluralization dupe
enriched::442,Operating System,I/O Management,Operating Systems,False,case/pluralization dupe
enriched::443,Operating System,I/O Management,Operating Systems,False,case/pluralization dupe
enriched::444,Operating System,I/O Management,Operating Systems,False,case/pluralization dupe
enriched::445,Operating System,I/O Management,Operating Systems,False,case/pluralization dupe
enriched::446,Operating System,I/O Management,Operating Systems,False,case/pluralization dupe
enriched::447,Operating System,I/O Management,Operating Systems,False,case/pluralization dupe
enriched::448,Operating System,I/O Management,Operating Systems,False,case/pluralization dupe
enriched::449,Operating System,I/O Management,Operating Systems,False,case/pluralization dupe
enriched::450,Operating System,OS Concepts,Operating Systems,False,case/pluralization dupe
enriched::452,Operating System,I/O Management,Operating Systems,False,case/pluralization dupe
enriched::453,Operating System,I/O Management,Operating Systems,False,case/pluralization dupe
enriched::454,Operating System,I/O Management,Operating Systems,False,case/pluralization dupe
enriched::455,Operating System,CPU Scheduling,Operating Systems,False,case/pluralization dupe
enriched::457,Operating System,Process Management,Operating Systems,False,case/pluralization dupe
enriched::459,Operating System,Process Management,Operating Systems,False,case/pluralization dupe
enriched::460,Operating System,Process Management,Operating Systems,False,case/pluralization dupe
enriched::462,Operating System,Process Management,Operating Systems,False,case/pluralization dupe
enriched::467,Operating System,Process Management,Operating Systems,False,case/pluralization dupe
enriched::468,Operating System,Process Management,Operating Systems,False,case/pluralization dupe
enriched::469,Operating System,Process Management,Operating Systems,False,case/pluralization dupe
enriched::471,Operating System,OS Concepts,Operating Systems,False,case/pluralization dupe
enriched::473,Operating System,File Systems,Operating Systems,False,case/pluralization dupe
enriched::474,Operating System,Process Management,Operating Systems,False,case/pluralization dupe
enriched::475,Operating System,Process Management,Operating Systems,False,case/pluralization dupe
enriched::477,Operating System,OS Concepts,Operating Systems,False,case/pluralization dupe
enriched::480,Operating System,Process Management,Operating Systems,False,case/pluralization dupe
enriched::481,Operating System,Protection & Security,Operating Systems,False,case/pluralization dupe
enriched::482,Operating System,Protection & Security,Operating Systems,False,case/pluralization dupe
enriched::483,Operating System,Process Management,Operating Systems,False,case/pluralization dupe
enriched::484,Operating System,OS Concepts,Operating Systems,False,case/pluralization dupe
enriched::487,Operating System,Process Management,Operating Systems,False,case/pluralization dupe
enriched::488,Operating System,CPU Scheduling,Operating Systems,False,case/pluralization dupe
enriched::492,Operating System,Synchronization,Operating Systems,False,case/pluralization dupe
enriched::493,Operating System,Synchronization,Operating Systems,False,case/pluralization dupe
enriched::494,Operating System,Synchronization,Operating Systems,False,case/pluralization dupe
enriched::495,Operating System,Synchronization,Operating Systems,False,case/pluralization dupe
enriched::497,Operating System,Synchronization,Operating Systems,False,case/pluralization dupe
enriched::498,Operating System,Synchronization,Operating Systems,False,case/pluralization dupe
enriched::499,Operating System,Synchronization,Operating Systems,False,case/pluralization dupe
enriched::500,Operating System,Synchronization,Operating Systems,False,case/pluralization dupe
enriched::501,Operating System,Process Management,Operating Systems,False,case/pluralization dupe
enriched::502,Operating System,Deadlocks,Operating Systems,False,case/pluralization dupe
enriched::504,Operating System,Synchronization,Operating Systems,False,case/pluralization dupe
enriched::505,Operating System,CPU Scheduling,Operating Systems,False,case/pluralization dupe
enriched::506,Operating System,CPU Scheduling,Operating Systems,False,case/pluralization dupe
enriched::508,Operating System,OS Concepts,Operating Systems,False,case/pluralization dupe
enriched::509,Operating System,CPU Scheduling,Operating Systems,False,case/pluralization dupe
enriched::510,Operating System,Process Management,Operating Systems,False,case/pluralization dupe
enriched::511,Operating System,CPU Scheduling,Operating Systems,False,case/pluralization dupe
enriched::512,Operating System,Deadlocks,Operating Systems,False,case/pluralization dupe
enriched::513,Operating System,Deadlocks,Operating Systems,False,case/pluralization dupe
enriched::514,Operating System,Process Management,Operating Systems,False,case/pluralization dupe
enriched::515,Operating System,Process Management,Operating Systems,False,case/pluralization dupe
enriched::516,Operating System,Synchronization,Operating Systems,False,case/pluralization dupe
enriched::517,Operating System,Process Management,Operating Systems,False,case/pluralization dupe
enriched::518,Operating System,Deadlocks,Operating Systems,False,case/pluralization dupe
enriched::519,Operating System,Process Management,Operating Systems,False,case/pluralization dupe
enriched::520,Operating System,Process Management,Operating Systems,False,case/pluralization dupe
enriched::521,Operating System,Deadlocks,Operating Systems,False,case/pluralization dupe
enriched::522,Operating System,Deadlocks,Operating Systems,False,case/pluralization dupe
enriched::523,Operating System,Deadlocks,Operating Systems,False,case/pluralization dupe
enriched::524,Operating System,Deadlocks,Operating Systems,False,case/pluralization dupe
enriched::525,Operating System,Memory Management,Operating Systems,False,case/pluralization dupe
enriched::528,Operating System,CPU Scheduling,Operating Systems,False,case/pluralization dupe
enriched::529,Operating System,OS Concepts,Operating Systems,False,case/pluralization dupe
enriched::531,Operating System,Memory Management,Operating Systems,False,case/pluralization dupe
enriched::532,Operating System,Memory Management,Operating Systems,False,case/pluralization dupe
enriched::533,Operating System,Memory Management,Operating Systems,False,case/pluralization dupe
enriched::534,Operating System,Memory Management,Operating Systems,False,case/pluralization dupe
enriched::535,Operating System,OS Concepts,Operating Systems,False,case/pluralization dupe
enriched::536,Operating System,Memory Management,Operating Systems,False,case/pluralization dupe
enriched::537,Operating System,Memory Management,Operating Systems,False,case/pluralization dupe
enriched::538,Operating System,Memory Management,Operating Systems,False,case/pluralization dupe
enriched::539,Operating System,Memory Management,Operating Systems,False,case/pluralization dupe
enriched::540,Operating System,Memory Management,Operating Systems,False,case/pluralization dupe
enriched::541,Operating System,OS Concepts,Operating Systems,False,case/pluralization dupe
enriched::543,Operating System,OS Concepts,Operating Systems,False,case/pluralization dupe
enriched::545,Operating System,OS Concepts,Operating Systems,False,case/pluralization dupe
enriched::546,Operating System,Memory Management,Operating Systems,False,case/pluralization dupe
enriched::548,Operating System,Memory Management,Operating Systems,False,case/pluralization dupe
enriched::549,Operating System,Memory Management,Operating Systems,False,case/pluralization dupe
enriched::550,Operating System,Memory Management,Operating Systems,False,case/pluralization dupe
enriched::551,Operating System,Memory Management,Operating Systems,False,case/pluralization dupe
enriched::552,Operating System,Memory Management,Operating Systems,False,case/pluralization dupe
enriched::553,Operating System,Memory Management,Operating Systems,False,case/pluralization dupe
enriched::554,Operating System,Memory Management,Operating Systems,False,case/pluralization dupe
enriched::555,Operating System,Memory Management,Operating Systems,False,case/pluralization dupe
enriched::556,Operating System,Memory Management,Operating Systems,False,case/pluralization dupe
enriched::557,Operating System,Memory Management,Operating Systems,False,case/pluralization dupe
enriched::559,Operating System,Memory Management,Operating Systems,False,case/pluralization dupe
enriched::560,Operating System,Memory Management,Operating Systems,False,case/pluralization dupe
enriched::561,Operating System,Memory Management,Operating Systems,False,case/pluralization dupe
enriched::562,Operating System,Memory Management,Operating Systems,False,case/pluralization dupe
enriched::564,Operating System,Memory Management,Operating Systems,False,case/pluralization dupe
enriched::565,Operating System,Memory Management,Operating Systems,False,case/pluralization dupe
enriched::566,Operating System,Memory Management,Operating Systems,False,case/pluralization dupe
enriched::567,Operating System,Memory Management,Operating Systems,False,case/pluralization dupe
enriched::568,Operating System,Memory Management,Operating Systems,False,case/pluralization dupe
enriched::569,Operating System,Memory Management,Operating Systems,False,case/pluralization dupe
enriched::570,Operating System,Memory Management,Operating Systems,False,case/pluralization dupe
enriched::571,Operating System,Memory Management,Operating Systems,False,case/pluralization dupe
enriched::572,Operating System,Memory Management,Operating Systems,False,case/pluralization dupe
enriched::573,Operating System,Memory Management,Operating Systems,False,case/pluralization dupe
enriched::574,Operating System,Memory Management,Operating Systems,False,case/pluralization dupe
enriched::575,Operating System,Memory Management,Operating Systems,False,case/pluralization dupe
enriched::576,Operating System,Memory Management,Operating Systems,False,case/pluralization dupe
enriched::577,Operating System,File Systems,Operating Systems,False,case/pluralization dupe
enriched::578,Operating System,Memory Management,Operating Systems,False,case/pluralization dupe
enriched::579,Operating System,Memory Management,Operating Systems,False,case/pluralization dupe
enriched::580,Operating System,Memory Management,Operating Systems,False,case/pluralization dupe
enriched::581,Operating System,Memory Management,Operating Systems,False,case/pluralization dupe
enriched::582,Operating System,OS Concepts,Operating Systems,False,case/pluralization dupe
enriched::583,Operating System,Synchronization,Operating Systems,False,case/pluralization dupe
enriched::584,Operating System,Memory Management,Operating Systems,False,case/pluralization dupe
enriched::585,Operating System,Memory Management,Operating Systems,False,case/pluralization dupe
enriched::586,Operating System,Memory Management,Operating Systems,False,case/pluralization dupe
enriched::587,Operating System,File Systems,Operating Systems,False,case/pluralization dupe
enriched::588,Operating System,OS Concepts,Operating Systems,False,case/pluralization dupe
enriched::589,Operating System,Protection & Security,Operating Systems,False,case/pluralization dupe
enriched::590,Operating System,CPU Scheduling,Operating Systems,False,case/pluralization dupe
enriched::591,Operating System,I/O Management,Operating Systems,False,case/pluralization dupe
enriched::592,Operating System,I/O Management,Operating Systems,False,case/pluralization dupe
enriched::593,Operating System,File Systems,Operating Systems,False,case/pluralization dupe
enriched::594,Operating System,I/O Management,Operating Systems,False,case/pluralization dupe
enriched::595,Operating System,I/O Management,Operating Systems,False,case/pluralization dupe
enriched::596,Operating System,Memory Management,Operating Systems,False,case/pluralization dupe
enriched::597,Operating System,I/O Management,Operating Systems,False,case/pluralization dupe
enriched::599,Operating System,File Systems,Operating Systems,False,case/pluralization dupe
enriched::600,Operating System,I/O Management,Operating Systems,False,case/pluralization dupe
enriched::601,Mathematics,Propositional Logic,Discrete Mathematics,False,"topic content is discrete-math, not calculus/probability/linear-algebra"
enriched::602,Mathematics,Predicate Logic,Discrete Mathematics,False,"topic content is discrete-math, not calculus/probability/linear-algebra"
enriched::603,Mathematics,Propositional Logic,Discrete Mathematics,False,"topic content is discrete-math, not calculus/probability/linear-algebra"
enriched::604,Mathematics,Propositional Logic,Discrete Mathematics,False,"topic content is discrete-math, not calculus/probability/linear-algebra"
enriched::605,Mathematics,Predicate Logic,Discrete Mathematics,False,"topic content is discrete-math, not calculus/probability/linear-algebra"
enriched::606,Mathematics,Propositional Logic,Discrete Mathematics,False,"topic content is discrete-math, not calculus/probability/linear-algebra"
enriched::607,Mathematics,Predicate Logic,Discrete Mathematics,False,"topic content is discrete-math, not calculus/probability/linear-algebra"
enriched::608,Mathematics,Propositional Logic,Discrete Mathematics,False,"topic content is discrete-math, not calculus/probability/linear-algebra"
enriched::609,Mathematics,Discrete Mathematics,Discrete Mathematics,False,"topic content is discrete-math, not calculus/probability/linear-algebra"
enriched::610,Mathematics,Propositional Logic,Discrete Mathematics,False,"topic content is discrete-math, not calculus/probability/linear-algebra"
enriched::611,Mathematics,Predicate Logic,Discrete Mathematics,False,"topic content is discrete-math, not calculus/probability/linear-algebra"
enriched::612,Mathematics,Propositional Logic,Discrete Mathematics,False,"topic content is discrete-math, not calculus/probability/linear-algebra"
enriched::613,Mathematics,Propositional Logic,Discrete Mathematics,False,"topic content is discrete-math, not calculus/probability/linear-algebra"
enriched::614,Mathematics,Propositional Logic,Discrete Mathematics,False,"topic content is discrete-math, not calculus/probability/linear-algebra"
enriched::615,Mathematics,Probability,Engineering Mathematics,True,fallback for non-discrete-math topics; see TOPIC_OVERRIDES for the Discrete-Math split
enriched::616,Mathematics,Propositional Logic,Discrete Mathematics,False,"topic content is discrete-math, not calculus/probability/linear-algebra"
enriched::617,Mathematics,Discrete Mathematics,Discrete Mathematics,False,"topic content is discrete-math, not calculus/probability/linear-algebra"
enriched::618,Mathematics,Discrete Mathematics,Discrete Mathematics,False,"topic content is discrete-math, not calculus/probability/linear-algebra"
enriched::619,Mathematics,Discrete Mathematics,Discrete Mathematics,False,"topic content is discrete-math, not calculus/probability/linear-algebra"
enriched::620,Mathematics,Propositional Logic,Discrete Mathematics,False,"topic content is discrete-math, not calculus/probability/linear-algebra"
enriched::621,Mathematics,Predicate Logic,Discrete Mathematics,False,"topic content is discrete-math, not calculus/probability/linear-algebra"
enriched::622,Mathematics,Discrete Mathematics,Discrete Mathematics,False,"topic content is discrete-math, not calculus/probability/linear-algebra"
enriched::623,Mathematics,Discrete Mathematics,Discrete Mathematics,False,"topic content is discrete-math, not calculus/probability/linear-algebra"
enriched::624,Mathematics,Discrete Mathematics,Discrete Mathematics,False,"topic content is discrete-math, not calculus/probability/linear-algebra"
enriched::625,Mathematics,Predicate Logic,Discrete Mathematics,False,"topic content is discrete-math, not calculus/probability/linear-algebra"
enriched::626,Mathematics,Predicate Logic,Discrete Mathematics,False,"topic content is discrete-math, not calculus/probability/linear-algebra"
enriched::627,Mathematics,Predicate Logic,Discrete Mathematics,False,"topic content is discrete-math, not calculus/probability/linear-algebra"
enriched::628,Mathematics,Discrete Mathematics,Discrete Mathematics,False,"topic content is discrete-math, not calculus/probability/linear-algebra"
enriched::629,Mathematics,Predicate Logic,Discrete Mathematics,False,"topic content is discrete-math, not calculus/probability/linear-algebra"
enriched::630,Mathematics,Propositional Logic,Discrete Mathematics,False,"topic content is discrete-math, not calculus/probability/linear-algebra"
enriched::631,Mathematics,Relations,Discrete Mathematics,False,"topic content is discrete-math, not calculus/probability/linear-algebra"
enriched::632,Mathematics,Set Theory,Discrete Mathematics,False,"topic content is discrete-math, not calculus/probability/linear-algebra"
enriched::633,Mathematics,Set Theory,Discrete Mathematics,False,"topic content is discrete-math, not calculus/probability/linear-algebra"
enriched::634,Mathematics,Discrete Mathematics,Discrete Mathematics,False,"topic content is discrete-math, not calculus/probability/linear-algebra"
enriched::635,Mathematics,Predicate Logic,Discrete Mathematics,False,"topic content is discrete-math, not calculus/probability/linear-algebra"
enriched::636,Mathematics,Discrete Mathematics,Discrete Mathematics,False,"topic content is discrete-math, not calculus/probability/linear-algebra"
enriched::637,Mathematics,Set Theory,Discrete Mathematics,False,"topic content is discrete-math, not calculus/probability/linear-algebra"
enriched::638,Mathematics,Set Theory,Discrete Mathematics,False,"topic content is discrete-math, not calculus/probability/linear-algebra"
enriched::639,Mathematics,Set Theory,Discrete Mathematics,False,"topic content is discrete-math, not calculus/probability/linear-algebra"
enriched::640,Mathematics,Set Theory,Discrete Mathematics,False,"topic content is discrete-math, not calculus/probability/linear-algebra"
enriched::641,Mathematics,Set Theory,Discrete Mathematics,False,"topic content is discrete-math, not calculus/probability/linear-algebra"
enriched::642,Mathematics,Set Theory,Discrete Mathematics,False,"topic content is discrete-math, not calculus/probability/linear-algebra"
enriched::643,Mathematics,Functions,Discrete Mathematics,False,"topic content is discrete-math, not calculus/probability/linear-algebra"
enriched::644,Mathematics,Set Theory,Discrete Mathematics,False,"topic content is discrete-math, not calculus/probability/linear-algebra"
enriched::645,Mathematics,Set Theory,Discrete Mathematics,False,"topic content is discrete-math, not calculus/probability/linear-algebra"
enriched::647,Mathematics,Set Theory,Discrete Mathematics,False,"topic content is discrete-math, not calculus/probability/linear-algebra"
enriched::648,Mathematics,Relations,Discrete Mathematics,False,"topic content is discrete-math, not calculus/probability/linear-algebra"
enriched::649,Mathematics,Set Theory,Discrete Mathematics,False,"topic content is discrete-math, not calculus/probability/linear-algebra"
enriched::651,Mathematics,Relations,Discrete Mathematics,False,"topic content is discrete-math, not calculus/probability/linear-algebra"
enriched::652,Mathematics,Set Theory,Discrete Mathematics,False,"topic content is discrete-math, not calculus/probability/linear-algebra"
enriched::653,Mathematics,Set Theory,Discrete Mathematics,False,"topic content is discrete-math, not calculus/probability/linear-algebra"
enriched::654,Mathematics,Probability,Engineering Mathematics,True,fallback for non-discrete-math topics; see TOPIC_OVERRIDES for the Discrete-Math split
enriched::655,Mathematics,Set Theory,Discrete Mathematics,False,"topic content is discrete-math, not calculus/probability/linear-algebra"
enriched::656,Mathematics,Number Theory,Discrete Mathematics,False,"topic content is discrete-math, not calculus/probability/linear-algebra"
enriched::657,Mathematics,Set Theory,Discrete Mathematics,False,"topic content is discrete-math, not calculus/probability/linear-algebra"
enriched::658,Mathematics,Discrete Mathematics,Discrete Mathematics,False,"topic content is discrete-math, not calculus/probability/linear-algebra"
enriched::659,Mathematics,Set Theory,Discrete Mathematics,False,"topic content is discrete-math, not calculus/probability/linear-algebra"
enriched::660,Mathematics,Relations,Discrete Mathematics,False,"topic content is discrete-math, not calculus/probability/linear-algebra"
enriched::661,Mathematics,Set Theory,Discrete Mathematics,False,"topic content is discrete-math, not calculus/probability/linear-algebra"
enriched::662,Mathematics,Relations,Discrete Mathematics,False,"topic content is discrete-math, not calculus/probability/linear-algebra"
enriched::663,Mathematics,Set Theory,Discrete Mathematics,False,"topic content is discrete-math, not calculus/probability/linear-algebra"
enriched::664,Mathematics,Set Theory,Discrete Mathematics,False,"topic content is discrete-math, not calculus/probability/linear-algebra"
enriched::665,Mathematics,Set Theory,Discrete Mathematics,False,"topic content is discrete-math, not calculus/probability/linear-algebra"
enriched::666,Mathematics,Set Theory,Discrete Mathematics,False,"topic content is discrete-math, not calculus/probability/linear-algebra"
enriched::667,Mathematics,Number Theory,Discrete Mathematics,False,"topic content is discrete-math, not calculus/probability/linear-algebra"
enriched::668,Mathematics,Combinatorics,Discrete Mathematics,False,"topic content is discrete-math, not calculus/probability/linear-algebra"
enriched::669,Mathematics,Discrete Mathematics,Discrete Mathematics,False,"topic content is discrete-math, not calculus/probability/linear-algebra"
enriched::670,Mathematics,Set Theory,Discrete Mathematics,False,"topic content is discrete-math, not calculus/probability/linear-algebra"
enriched::671,Mathematics,Discrete Mathematics,Discrete Mathematics,False,"topic content is discrete-math, not calculus/probability/linear-algebra"
enriched::672,Mathematics,Discrete Mathematics,Discrete Mathematics,False,"topic content is discrete-math, not calculus/probability/linear-algebra"
enriched::673,Mathematics,Calculus,Engineering Mathematics,True,fallback for non-discrete-math topics; see TOPIC_OVERRIDES for the Discrete-Math split
enriched::674,Mathematics,Set Theory,Discrete Mathematics,False,"topic content is discrete-math, not calculus/probability/linear-algebra"
enriched::675,Mathematics,Probability,Engineering Mathematics,True,fallback for non-discrete-math topics; see TOPIC_OVERRIDES for the Discrete-Math split
enriched::676,Mathematics,Combinatorics,Discrete Mathematics,False,"topic content is discrete-math, not calculus/probability/linear-algebra"
enriched::677,Mathematics,Discrete Mathematics,Discrete Mathematics,False,"topic content is discrete-math, not calculus/probability/linear-algebra"
enriched::678,Mathematics,Predicate Logic,Discrete Mathematics,False,"topic content is discrete-math, not calculus/probability/linear-algebra"
enriched::679,Mathematics,Discrete Mathematics,Discrete Mathematics,False,"topic content is discrete-math, not calculus/probability/linear-algebra"
enriched::680,Mathematics,Discrete Mathematics,Discrete Mathematics,False,"topic content is discrete-math, not calculus/probability/linear-algebra"
enriched::681,Mathematics,Discrete Mathematics,Discrete Mathematics,False,"topic content is discrete-math, not calculus/probability/linear-algebra"
enriched::682,Mathematics,Discrete Mathematics,Discrete Mathematics,False,"topic content is discrete-math, not calculus/probability/linear-algebra"
enriched::683,Mathematics,Discrete Mathematics,Discrete Mathematics,False,"topic content is discrete-math, not calculus/probability/linear-algebra"
enriched::684,Mathematics,Discrete Mathematics,Discrete Mathematics,False,"topic content is discrete-math, not calculus/probability/linear-algebra"
enriched::685,Mathematics,Discrete Mathematics,Discrete Mathematics,False,"topic content is discrete-math, not calculus/probability/linear-algebra"
enriched::686,Mathematics,Discrete Mathematics,Discrete Mathematics,False,"topic content is discrete-math, not calculus/probability/linear-algebra"
enriched::687,Mathematics,Probability,Engineering Mathematics,True,fallback for non-discrete-math topics; see TOPIC_OVERRIDES for the Discrete-Math split
enriched::688,Mathematics,Probability,Engineering Mathematics,True,fallback for non-discrete-math topics; see TOPIC_OVERRIDES for the Discrete-Math split
enriched::689,Mathematics,Probability,Engineering Mathematics,True,fallback for non-discrete-math topics; see TOPIC_OVERRIDES for the Discrete-Math split
enriched::690,Mathematics,Set Theory,Discrete Mathematics,False,"topic content is discrete-math, not calculus/probability/linear-algebra"
enriched::691,Mathematics,Probability,Engineering Mathematics,True,fallback for non-discrete-math topics; see TOPIC_OVERRIDES for the Discrete-Math split
enriched::692,Mathematics,Probability,Engineering Mathematics,True,fallback for non-discrete-math topics; see TOPIC_OVERRIDES for the Discrete-Math split
enriched::693,Mathematics,Probability,Engineering Mathematics,True,fallback for non-discrete-math topics; see TOPIC_OVERRIDES for the Discrete-Math split
enriched::694,Mathematics,Probability,Engineering Mathematics,True,fallback for non-discrete-math topics; see TOPIC_OVERRIDES for the Discrete-Math split
enriched::695,Mathematics,Probability,Engineering Mathematics,True,fallback for non-discrete-math topics; see TOPIC_OVERRIDES for the Discrete-Math split
enriched::696,Mathematics,Probability,Engineering Mathematics,True,fallback for non-discrete-math topics; see TOPIC_OVERRIDES for the Discrete-Math split
enriched::697,Mathematics,Set Theory,Discrete Mathematics,False,"topic content is discrete-math, not calculus/probability/linear-algebra"
enriched::698,Mathematics,Probability,Engineering Mathematics,True,fallback for non-discrete-math topics; see TOPIC_OVERRIDES for the Discrete-Math split
enriched::699,Mathematics,Probability,Engineering Mathematics,True,fallback for non-discrete-math topics; see TOPIC_OVERRIDES for the Discrete-Math split
enriched::700,Mathematics,Probability,Engineering Mathematics,True,fallback for non-discrete-math topics; see TOPIC_OVERRIDES for the Discrete-Math split
enriched::701,Mathematics,Probability,Engineering Mathematics,True,fallback for non-discrete-math topics; see TOPIC_OVERRIDES for the Discrete-Math split
enriched::702,Mathematics,Probability,Engineering Mathematics,True,fallback for non-discrete-math topics; see TOPIC_OVERRIDES for the Discrete-Math split
enriched::703,Mathematics,Functions,Discrete Mathematics,False,"topic content is discrete-math, not calculus/probability/linear-algebra"
enriched::704,Mathematics,Probability,Engineering Mathematics,True,fallback for non-discrete-math topics; see TOPIC_OVERRIDES for the Discrete-Math split
enriched::705,Mathematics,Probability,Engineering Mathematics,True,fallback for non-discrete-math topics; see TOPIC_OVERRIDES for the Discrete-Math split
enriched::706,Mathematics,Probability,Engineering Mathematics,True,fallback for non-discrete-math topics; see TOPIC_OVERRIDES for the Discrete-Math split
enriched::707,Mathematics,Discrete Mathematics,Discrete Mathematics,False,"topic content is discrete-math, not calculus/probability/linear-algebra"
enriched::708,Mathematics,Functions,Discrete Mathematics,False,"topic content is discrete-math, not calculus/probability/linear-algebra"
enriched::709,Mathematics,Probability,Engineering Mathematics,True,fallback for non-discrete-math topics; see TOPIC_OVERRIDES for the Discrete-Math split
enriched::710,Mathematics,Probability,Engineering Mathematics,True,fallback for non-discrete-math topics; see TOPIC_OVERRIDES for the Discrete-Math split
enriched::711,Mathematics,Probability,Engineering Mathematics,True,fallback for non-discrete-math topics; see TOPIC_OVERRIDES for the Discrete-Math split
enriched::712,Mathematics,Discrete Mathematics,Discrete Mathematics,False,"topic content is discrete-math, not calculus/probability/linear-algebra"
enriched::713,Mathematics,Probability,Engineering Mathematics,True,fallback for non-discrete-math topics; see TOPIC_OVERRIDES for the Discrete-Math split
enriched::714,Mathematics,Set Theory,Discrete Mathematics,False,"topic content is discrete-math, not calculus/probability/linear-algebra"
enriched::715,Mathematics,Discrete Mathematics,Discrete Mathematics,False,"topic content is discrete-math, not calculus/probability/linear-algebra"
enriched::716,Mathematics,Probability,Engineering Mathematics,True,fallback for non-discrete-math topics; see TOPIC_OVERRIDES for the Discrete-Math split
enriched::718,Mathematics,Probability,Engineering Mathematics,True,fallback for non-discrete-math topics; see TOPIC_OVERRIDES for the Discrete-Math split
enriched::719,Mathematics,Probability,Engineering Mathematics,True,fallback for non-discrete-math topics; see TOPIC_OVERRIDES for the Discrete-Math split
enriched::720,Mathematics,Probability,Engineering Mathematics,True,fallback for non-discrete-math topics; see TOPIC_OVERRIDES for the Discrete-Math split
enriched::721,Mathematics,Probability,Engineering Mathematics,True,fallback for non-discrete-math topics; see TOPIC_OVERRIDES for the Discrete-Math split
enriched::723,Mathematics,Functions,Discrete Mathematics,False,"topic content is discrete-math, not calculus/probability/linear-algebra"
enriched::724,Mathematics,Probability,Engineering Mathematics,True,fallback for non-discrete-math topics; see TOPIC_OVERRIDES for the Discrete-Math split
enriched::725,Mathematics,Probability,Engineering Mathematics,True,fallback for non-discrete-math topics; see TOPIC_OVERRIDES for the Discrete-Math split
enriched::726,Mathematics,Probability,Engineering Mathematics,True,fallback for non-discrete-math topics; see TOPIC_OVERRIDES for the Discrete-Math split
enriched::727,Mathematics,Combinatorics,Discrete Mathematics,False,"topic content is discrete-math, not calculus/probability/linear-algebra"
enriched::728,Mathematics,Probability,Engineering Mathematics,True,fallback for non-discrete-math topics; see TOPIC_OVERRIDES for the Discrete-Math split
enriched::729,Mathematics,Probability,Engineering Mathematics,True,fallback for non-discrete-math topics; see TOPIC_OVERRIDES for the Discrete-Math split
enriched::730,Mathematics,Probability,Engineering Mathematics,True,fallback for non-discrete-math topics; see TOPIC_OVERRIDES for the Discrete-Math split
enriched::731,Mathematics,Probability,Engineering Mathematics,True,fallback for non-discrete-math topics; see TOPIC_OVERRIDES for the Discrete-Math split
enriched::733,Mathematics,Probability,Engineering Mathematics,True,fallback for non-discrete-math topics; see TOPIC_OVERRIDES for the Discrete-Math split
enriched::734,Mathematics,Probability,Engineering Mathematics,True,fallback for non-discrete-math topics; see TOPIC_OVERRIDES for the Discrete-Math split
enriched::735,Mathematics,Probability,Engineering Mathematics,True,fallback for non-discrete-math topics; see TOPIC_OVERRIDES for the Discrete-Math split
enriched::736,Mathematics,Probability,Engineering Mathematics,True,fallback for non-discrete-math topics; see TOPIC_OVERRIDES for the Discrete-Math split
enriched::737,Mathematics,Probability,Engineering Mathematics,True,fallback for non-discrete-math topics; see TOPIC_OVERRIDES for the Discrete-Math split
enriched::738,Mathematics,Probability,Engineering Mathematics,True,fallback for non-discrete-math topics; see TOPIC_OVERRIDES for the Discrete-Math split
enriched::739,Mathematics,Probability,Engineering Mathematics,True,fallback for non-discrete-math topics; see TOPIC_OVERRIDES for the Discrete-Math split
enriched::741,Mathematics,Probability,Engineering Mathematics,True,fallback for non-discrete-math topics; see TOPIC_OVERRIDES for the Discrete-Math split
enriched::742,Mathematics,Functions,Discrete Mathematics,False,"topic content is discrete-math, not calculus/probability/linear-algebra"
enriched::744,Mathematics,Probability,Engineering Mathematics,True,fallback for non-discrete-math topics; see TOPIC_OVERRIDES for the Discrete-Math split
enriched::745,Mathematics,Probability,Engineering Mathematics,True,fallback for non-discrete-math topics; see TOPIC_OVERRIDES for the Discrete-Math split
enriched::747,Mathematics,Probability,Engineering Mathematics,True,fallback for non-discrete-math topics; see TOPIC_OVERRIDES for the Discrete-Math split
enriched::748,Mathematics,Probability,Engineering Mathematics,True,fallback for non-discrete-math topics; see TOPIC_OVERRIDES for the Discrete-Math split
enriched::750,Mathematics,Probability,Engineering Mathematics,True,fallback for non-discrete-math topics; see TOPIC_OVERRIDES for the Discrete-Math split
enriched::751,Mathematics,Probability,Engineering Mathematics,True,fallback for non-discrete-math topics; see TOPIC_OVERRIDES for the Discrete-Math split
enriched::752,Mathematics,Probability,Engineering Mathematics,True,fallback for non-discrete-math topics; see TOPIC_OVERRIDES for the Discrete-Math split
enriched::754,Mathematics,Probability,Engineering Mathematics,True,fallback for non-discrete-math topics; see TOPIC_OVERRIDES for the Discrete-Math split
enriched::756,Mathematics,Relations,Discrete Mathematics,False,"topic content is discrete-math, not calculus/probability/linear-algebra"
enriched::757,Mathematics,Discrete Mathematics,Discrete Mathematics,False,"topic content is discrete-math, not calculus/probability/linear-algebra"
enriched::758,Mathematics,Functions,Discrete Mathematics,False,"topic content is discrete-math, not calculus/probability/linear-algebra"
enriched::759,Mathematics,Set Theory,Discrete Mathematics,False,"topic content is discrete-math, not calculus/probability/linear-algebra"
enriched::760,Mathematics,Functions,Discrete Mathematics,False,"topic content is discrete-math, not calculus/probability/linear-algebra"
enriched::761,Mathematics,Set Theory,Discrete Mathematics,False,"topic content is discrete-math, not calculus/probability/linear-algebra"
enriched::762,Mathematics,Set Theory,Discrete Mathematics,False,"topic content is discrete-math, not calculus/probability/linear-algebra"
enriched::763,Mathematics,Functions,Discrete Mathematics,False,"topic content is discrete-math, not calculus/probability/linear-algebra"
enriched::764,Mathematics,Set Theory,Discrete Mathematics,False,"topic content is discrete-math, not calculus/probability/linear-algebra"
enriched::765,Mathematics,Functions,Discrete Mathematics,False,"topic content is discrete-math, not calculus/probability/linear-algebra"
enriched::766,Mathematics,Set Theory,Discrete Mathematics,False,"topic content is discrete-math, not calculus/probability/linear-algebra"
enriched::767,Mathematics,Functions,Discrete Mathematics,False,"topic content is discrete-math, not calculus/probability/linear-algebra"
enriched::768,Mathematics,Set Theory,Discrete Mathematics,False,"topic content is discrete-math, not calculus/probability/linear-algebra"
enriched::769,Mathematics,Set Theory,Discrete Mathematics,False,"topic content is discrete-math, not calculus/probability/linear-algebra"
enriched::770,Mathematics,Set Theory,Discrete Mathematics,False,"topic content is discrete-math, not calculus/probability/linear-algebra"
enriched::771,Mathematics,Discrete Mathematics,Discrete Mathematics,False,"topic content is discrete-math, not calculus/probability/linear-algebra"
enriched::772,Mathematics,Relations,Discrete Mathematics,False,"topic content is discrete-math, not calculus/probability/linear-algebra"
enriched::773,Mathematics,Relations,Discrete Mathematics,False,"topic content is discrete-math, not calculus/probability/linear-algebra"
enriched::774,Mathematics,Relations,Discrete Mathematics,False,"topic content is discrete-math, not calculus/probability/linear-algebra"
enriched::775,Mathematics,Set Theory,Discrete Mathematics,False,"topic content is discrete-math, not calculus/probability/linear-algebra"
enriched::776,Mathematics,Set Theory,Discrete Mathematics,False,"topic content is discrete-math, not calculus/probability/linear-algebra"
enriched::777,Mathematics,Set Theory,Discrete Mathematics,False,"topic content is discrete-math, not calculus/probability/linear-algebra"
enriched::778,Mathematics,Relations,Discrete Mathematics,False,"topic content is discrete-math, not calculus/probability/linear-algebra"
enriched::779,Mathematics,Set Theory,Discrete Mathematics,False,"topic content is discrete-math, not calculus/probability/linear-algebra"
enriched::780,Mathematics,Set Theory,Discrete Mathematics,False,"topic content is discrete-math, not calculus/probability/linear-algebra"
enriched::781,Mathematics,Relations,Discrete Mathematics,False,"topic content is discrete-math, not calculus/probability/linear-algebra"
enriched::782,Mathematics,Set Theory,Discrete Mathematics,False,"topic content is discrete-math, not calculus/probability/linear-algebra"
enriched::783,Mathematics,Set Theory,Discrete Mathematics,False,"topic content is discrete-math, not calculus/probability/linear-algebra"
enriched::784,Mathematics,Relations,Discrete Mathematics,False,"topic content is discrete-math, not calculus/probability/linear-algebra"
enriched::785,Mathematics,Relations,Discrete Mathematics,False,"topic content is discrete-math, not calculus/probability/linear-algebra"
enriched::786,Mathematics,Set Theory,Discrete Mathematics,False,"topic content is discrete-math, not calculus/probability/linear-algebra"
enriched::787,Mathematics,Relations,Discrete Mathematics,False,"topic content is discrete-math, not calculus/probability/linear-algebra"
enriched::788,Mathematics,Relations,Discrete Mathematics,False,"topic content is discrete-math, not calculus/probability/linear-algebra"
enriched::789,Mathematics,Predicate Logic,Discrete Mathematics,False,"topic content is discrete-math, not calculus/probability/linear-algebra"
enriched::790,Mathematics,Propositional Logic,Discrete Mathematics,False,"topic content is discrete-math, not calculus/probability/linear-algebra"
enriched::791,Mathematics,Propositional Logic,Discrete Mathematics,False,"topic content is discrete-math, not calculus/probability/linear-algebra"
enriched::792,Mathematics,Propositional Logic,Discrete Mathematics,False,"topic content is discrete-math, not calculus/probability/linear-algebra"
enriched::793,Mathematics,Propositional Logic,Discrete Mathematics,False,"topic content is discrete-math, not calculus/probability/linear-algebra"
enriched::795,Mathematics,Propositional Logic,Discrete Mathematics,False,"topic content is discrete-math, not calculus/probability/linear-algebra"
enriched::796,Mathematics,Propositional Logic,Discrete Mathematics,False,"topic content is discrete-math, not calculus/probability/linear-algebra"
enriched::797,Mathematics,Propositional Logic,Discrete Mathematics,False,"topic content is discrete-math, not calculus/probability/linear-algebra"
enriched::798,Mathematics,Predicate Logic,Discrete Mathematics,False,"topic content is discrete-math, not calculus/probability/linear-algebra"
enriched::800,Mathematics,Number Theory,Discrete Mathematics,False,"topic content is discrete-math, not calculus/probability/linear-algebra"
enriched::801,Mathematics,Discrete Mathematics,Discrete Mathematics,False,"topic content is discrete-math, not calculus/probability/linear-algebra"
enriched::802,Mathematics,Discrete Mathematics,Discrete Mathematics,False,"topic content is discrete-math, not calculus/probability/linear-algebra"
enriched::803,Mathematics,Discrete Mathematics,Discrete Mathematics,False,"topic content is discrete-math, not calculus/probability/linear-algebra"
enriched::804,Mathematics,Discrete Mathematics,Discrete Mathematics,False,"topic content is discrete-math, not calculus/probability/linear-algebra"
enriched::805,Mathematics,Discrete Mathematics,Discrete Mathematics,False,"topic content is discrete-math, not calculus/probability/linear-algebra"
enriched::806,Mathematics,Predicate Logic,Discrete Mathematics,False,"topic content is discrete-math, not calculus/probability/linear-algebra"
enriched::807,Mathematics,Discrete Mathematics,Discrete Mathematics,False,"topic content is discrete-math, not calculus/probability/linear-algebra"
enriched::808,Mathematics,Discrete Mathematics,Discrete Mathematics,False,"topic content is discrete-math, not calculus/probability/linear-algebra"
enriched::809,Mathematics,Set Theory,Discrete Mathematics,False,"topic content is discrete-math, not calculus/probability/linear-algebra"
enriched::810,Mathematics,Discrete Mathematics,Discrete Mathematics,False,"topic content is discrete-math, not calculus/probability/linear-algebra"
enriched::811,Mathematics,Discrete Mathematics,Discrete Mathematics,False,"topic content is discrete-math, not calculus/probability/linear-algebra"
enriched::812,Mathematics,Number Theory,Discrete Mathematics,False,"topic content is discrete-math, not calculus/probability/linear-algebra"
enriched::813,Mathematics,Number Theory,Discrete Mathematics,False,"topic content is discrete-math, not calculus/probability/linear-algebra"
enriched::814,Mathematics,Set Theory,Discrete Mathematics,False,"topic content is discrete-math, not calculus/probability/linear-algebra"
enriched::815,Mathematics,Discrete Mathematics,Discrete Mathematics,False,"topic content is discrete-math, not calculus/probability/linear-algebra"
enriched::816,Mathematics,Discrete Mathematics,Discrete Mathematics,False,"topic content is discrete-math, not calculus/probability/linear-algebra"
enriched::817,Mathematics,Set Theory,Discrete Mathematics,False,"topic content is discrete-math, not calculus/probability/linear-algebra"
enriched::818,Mathematics,Linear Algebra,Engineering Mathematics,True,fallback for non-discrete-math topics; see TOPIC_OVERRIDES for the Discrete-Math split
enriched::819,Mathematics,Discrete Mathematics,Discrete Mathematics,False,"topic content is discrete-math, not calculus/probability/linear-algebra"
enriched::820,Mathematics,Linear Algebra,Engineering Mathematics,True,fallback for non-discrete-math topics; see TOPIC_OVERRIDES for the Discrete-Math split
enriched::821,Mathematics,Graph Theory,Discrete Mathematics,False,"topic content is discrete-math, not calculus/probability/linear-algebra"
enriched::822,Mathematics,Graph Theory,Discrete Mathematics,False,"topic content is discrete-math, not calculus/probability/linear-algebra"
enriched::823,Mathematics,Graph Theory,Discrete Mathematics,False,"topic content is discrete-math, not calculus/probability/linear-algebra"
enriched::824,Mathematics,Graph Theory,Discrete Mathematics,False,"topic content is discrete-math, not calculus/probability/linear-algebra"
enriched::825,Mathematics,Graph Theory,Discrete Mathematics,False,"topic content is discrete-math, not calculus/probability/linear-algebra"
enriched::826,Mathematics,Graph Theory,Discrete Mathematics,False,"topic content is discrete-math, not calculus/probability/linear-algebra"
enriched::827,Mathematics,Graph Theory,Discrete Mathematics,False,"topic content is discrete-math, not calculus/probability/linear-algebra"
enriched::828,Mathematics,Graph Theory,Discrete Mathematics,False,"topic content is discrete-math, not calculus/probability/linear-algebra"
enriched::829,Mathematics,Graph Theory,Discrete Mathematics,False,"topic content is discrete-math, not calculus/probability/linear-algebra"
enriched::830,Mathematics,Graph Theory,Discrete Mathematics,False,"topic content is discrete-math, not calculus/probability/linear-algebra"
enriched::831,Mathematics,Functions,Discrete Mathematics,False,"topic content is discrete-math, not calculus/probability/linear-algebra"
enriched::832,Mathematics,Relations,Discrete Mathematics,False,"topic content is discrete-math, not calculus/probability/linear-algebra"
enriched::833,Mathematics,Functions,Discrete Mathematics,False,"topic content is discrete-math, not calculus/probability/linear-algebra"
enriched::834,Mathematics,Propositional Logic,Discrete Mathematics,False,"topic content is discrete-math, not calculus/probability/linear-algebra"
enriched::835,Mathematics,Discrete Mathematics,Discrete Mathematics,False,"topic content is discrete-math, not calculus/probability/linear-algebra"
enriched::836,Mathematics,Relations,Discrete Mathematics,False,"topic content is discrete-math, not calculus/probability/linear-algebra"
enriched::837,Mathematics,Predicate Logic,Discrete Mathematics,False,"topic content is discrete-math, not calculus/probability/linear-algebra"
enriched::838,Mathematics,Set Theory,Discrete Mathematics,False,"topic content is discrete-math, not calculus/probability/linear-algebra"
enriched::839,Mathematics,Set Theory,Discrete Mathematics,False,"topic content is discrete-math, not calculus/probability/linear-algebra"
enriched::840,Mathematics,Set Theory,Discrete Mathematics,False,"topic content is discrete-math, not calculus/probability/linear-algebra"
enriched::841,Mathematics,Set Theory,Discrete Mathematics,False,"topic content is discrete-math, not calculus/probability/linear-algebra"
enriched::842,Mathematics,Functions,Discrete Mathematics,False,"topic content is discrete-math, not calculus/probability/linear-algebra"
enriched::843,Mathematics,Relations,Discrete Mathematics,False,"topic content is discrete-math, not calculus/probability/linear-algebra"
enriched::844,Mathematics,Relations,Discrete Mathematics,False,"topic content is discrete-math, not calculus/probability/linear-algebra"
enriched::845,Mathematics,Functions,Discrete Mathematics,False,"topic content is discrete-math, not calculus/probability/linear-algebra"
enriched::846,Mathematics,Set Theory,Discrete Mathematics,False,"topic content is discrete-math, not calculus/probability/linear-algebra"
enriched::848,Mathematics,Set Theory,Discrete Mathematics,False,"topic content is discrete-math, not calculus/probability/linear-algebra"
enriched::849,Mathematics,Discrete Mathematics,Discrete Mathematics,False,"topic content is discrete-math, not calculus/probability/linear-algebra"
enriched::851,Mathematics,Set Theory,Discrete Mathematics,False,"topic content is discrete-math, not calculus/probability/linear-algebra"
enriched::852,Mathematics,Functions,Discrete Mathematics,False,"topic content is discrete-math, not calculus/probability/linear-algebra"
enriched::853,Mathematics,Relations,Discrete Mathematics,False,"topic content is discrete-math, not calculus/probability/linear-algebra"
enriched::854,Mathematics,Functions,Discrete Mathematics,False,"topic content is discrete-math, not calculus/probability/linear-algebra"
enriched::856,Mathematics,Linear Algebra,Engineering Mathematics,True,fallback for non-discrete-math topics; see TOPIC_OVERRIDES for the Discrete-Math split
enriched::857,Mathematics,Functions,Discrete Mathematics,False,"topic content is discrete-math, not calculus/probability/linear-algebra"
enriched::862,Mathematics,Graph Theory,Discrete Mathematics,False,"topic content is discrete-math, not calculus/probability/linear-algebra"
enriched::865,Mathematics,Graph Theory,Discrete Mathematics,False,"topic content is discrete-math, not calculus/probability/linear-algebra"
enriched::866,Mathematics,Graph Theory,Discrete Mathematics,False,"topic content is discrete-math, not calculus/probability/linear-algebra"
enriched::869,Mathematics,Graph Theory,Discrete Mathematics,False,"topic content is discrete-math, not calculus/probability/linear-algebra"
enriched::870,Mathematics,Combinatorics,Discrete Mathematics,False,"topic content is discrete-math, not calculus/probability/linear-algebra"
enriched::871,Mathematics,Discrete Mathematics,Discrete Mathematics,False,"topic content is discrete-math, not calculus/probability/linear-algebra"
enriched::872,Mathematics,Discrete Mathematics,Discrete Mathematics,False,"topic content is discrete-math, not calculus/probability/linear-algebra"
enriched::873,Mathematics,Combinatorics,Discrete Mathematics,False,"topic content is discrete-math, not calculus/probability/linear-algebra"
enriched::874,Mathematics,Combinatorics,Discrete Mathematics,False,"topic content is discrete-math, not calculus/probability/linear-algebra"
enriched::875,Mathematics,Discrete Mathematics,Discrete Mathematics,False,"topic content is discrete-math, not calculus/probability/linear-algebra"
enriched::876,Mathematics,Discrete Mathematics,Discrete Mathematics,False,"topic content is discrete-math, not calculus/probability/linear-algebra"
enriched::877,Mathematics,Discrete Mathematics,Discrete Mathematics,False,"topic content is discrete-math, not calculus/probability/linear-algebra"
enriched::878,Mathematics,Propositional Logic,Discrete Mathematics,False,"topic content is discrete-math, not calculus/probability/linear-algebra"
enriched::879,Mathematics,Propositional Logic,Discrete Mathematics,False,"topic content is discrete-math, not calculus/probability/linear-algebra"
enriched::880,Mathematics,Discrete Mathematics,Discrete Mathematics,False,"topic content is discrete-math, not calculus/probability/linear-algebra"
enriched::881,Mathematics,Propositional Logic,Discrete Mathematics,False,"topic content is discrete-math, not calculus/probability/linear-algebra"
enriched::882,Mathematics,Discrete Mathematics,Discrete Mathematics,False,"topic content is discrete-math, not calculus/probability/linear-algebra"
enriched::883,Mathematics,Propositional Logic,Discrete Mathematics,False,"topic content is discrete-math, not calculus/probability/linear-algebra"
enriched::884,Mathematics,Predicate Logic,Discrete Mathematics,False,"topic content is discrete-math, not calculus/probability/linear-algebra"
enriched::885,Mathematics,Probability,Engineering Mathematics,True,fallback for non-discrete-math topics; see TOPIC_OVERRIDES for the Discrete-Math split
enriched::886,Mathematics,Probability,Engineering Mathematics,True,fallback for non-discrete-math topics; see TOPIC_OVERRIDES for the Discrete-Math split
enriched::887,Mathematics,Probability,Engineering Mathematics,True,fallback for non-discrete-math topics; see TOPIC_OVERRIDES for the Discrete-Math split
enriched::888,Mathematics,Probability,Engineering Mathematics,True,fallback for non-discrete-math topics; see TOPIC_OVERRIDES for the Discrete-Math split
enriched::889,Mathematics,Probability,Engineering Mathematics,True,fallback for non-discrete-math topics; see TOPIC_OVERRIDES for the Discrete-Math split
enriched::890,Mathematics,Probability,Engineering Mathematics,True,fallback for non-discrete-math topics; see TOPIC_OVERRIDES for the Discrete-Math split
enriched::891,Mathematics,Probability,Engineering Mathematics,True,fallback for non-discrete-math topics; see TOPIC_OVERRIDES for the Discrete-Math split
enriched::892,Mathematics,Functions,Discrete Mathematics,False,"topic content is discrete-math, not calculus/probability/linear-algebra"
enriched::895,Mathematics,Discrete Mathematics,Discrete Mathematics,False,"topic content is discrete-math, not calculus/probability/linear-algebra"
enriched::896,Mathematics,Calculus,Engineering Mathematics,True,fallback for non-discrete-math topics; see TOPIC_OVERRIDES for the Discrete-Math split
enriched::898,Mathematics,Probability,Engineering Mathematics,True,fallback for non-discrete-math topics; see TOPIC_OVERRIDES for the Discrete-Math split
enriched::903,General Aptitude,Set Theory Applied,General Aptitude,False,canonical form
enriched::905,General Aptitude,Verbal Ability,General Aptitude,False,canonical form
enriched::907,General Aptitude,Arithmetic,General Aptitude,False,canonical form
enriched::908,General Aptitude,Geometry,General Aptitude,False,canonical form
enriched::909,General Aptitude,Arithmetic,General Aptitude,False,canonical form
enriched::910,General Aptitude,Verbal Ability,General Aptitude,False,canonical form
enriched::911,General Aptitude,Quantitative Aptitude,General Aptitude,False,canonical form
enriched::914,General Aptitude,Data Interpretation,General Aptitude,False,canonical form
enriched::915,General Aptitude,Quantitative Aptitude,General Aptitude,False,canonical form
enriched::919,General Aptitude,Quantitative Aptitude,General Aptitude,False,canonical form
enriched::920,General Aptitude,Data Interpretation,General Aptitude,False,canonical form
enriched::921,General Aptitude,Quantitative Aptitude,General Aptitude,False,canonical form
enriched::922,General Aptitude,Number Systems,General Aptitude,False,canonical form
enriched::924,General Aptitude,Quantitative Aptitude,General Aptitude,False,canonical form
enriched::925,General Aptitude,Quantitative Aptitude,General Aptitude,False,canonical form
enriched::926,General Aptitude,Geometry,General Aptitude,False,canonical form
enriched::927,General Aptitude,Quantitative Aptitude,General Aptitude,False,canonical form
enriched::928,General Aptitude,Data Interpretation,General Aptitude,False,canonical form
enriched::929,General Aptitude,Arithmetic,General Aptitude,False,canonical form
enriched::930,General Aptitude,Quantitative Aptitude,General Aptitude,False,canonical form
enriched::931,General Aptitude,Quantitative Aptitude,General Aptitude,False,canonical form
enriched::932,General Aptitude,Quantitative Aptitude,General Aptitude,False,canonical form
enriched::933,General Aptitude,Quantitative Aptitude,General Aptitude,False,canonical form
enriched::934,General Aptitude,Quantitative Aptitude,General Aptitude,False,canonical form
enriched::935,General Aptitude,Data Interpretation,General Aptitude,False,canonical form
enriched::936,General Aptitude,Quantitative Aptitude,General Aptitude,False,canonical form
enriched::937,General Aptitude,Quantitative Aptitude,General Aptitude,False,canonical form
enriched::938,General Aptitude,Arithmetic,General Aptitude,False,canonical form
enriched::939,General Aptitude,Quantitative Aptitude,General Aptitude,False,canonical form
enriched::940,General Aptitude,Quantitative Aptitude,General Aptitude,False,canonical form
enriched::942,General Aptitude,Quantitative Aptitude,General Aptitude,False,canonical form
enriched::943,General Aptitude,Set Theory Applied,General Aptitude,False,canonical form
enriched::946,General Aptitude,Arithmetic,General Aptitude,False,canonical form
enriched::947,General Aptitude,Quantitative Aptitude,General Aptitude,False,canonical form
enriched::948,General Aptitude,Quantitative Aptitude,General Aptitude,False,canonical form
enriched::949,General Aptitude,Quantitative Aptitude,General Aptitude,False,canonical form
enriched::951,General Aptitude,Quantitative Aptitude,General Aptitude,False,canonical form
enriched::952,General Aptitude,Quantitative Aptitude,General Aptitude,False,canonical form
enriched::953,General Aptitude,Logical Reasoning,General Aptitude,False,canonical form
enriched::957,General Aptitude,Algebra,General Aptitude,False,canonical form
enriched::959,General Aptitude,Quantitative Aptitude,General Aptitude,False,canonical form
enriched::960,General Aptitude,Geometry,General Aptitude,False,canonical form
enriched::964,General Aptitude,Set Theory Applied,General Aptitude,False,canonical form
enriched::966,General Aptitude,Arithmetic,General Aptitude,False,canonical form
enriched::967,General Aptitude,Quantitative Aptitude,General Aptitude,False,canonical form
enriched::968,General Aptitude,Quantitative Aptitude,General Aptitude,False,canonical form
enriched::969,General Aptitude,Geometry,General Aptitude,False,canonical form
enriched::972,General Aptitude,Verbal Ability,General Aptitude,False,canonical form
enriched::974,General Aptitude,Arithmetic,General Aptitude,False,canonical form
enriched::976,General Aptitude,Number Systems,General Aptitude,False,canonical form
enriched::978,General Aptitude,Quantitative Aptitude,General Aptitude,False,canonical form
enriched::980,General Aptitude,Algebra,General Aptitude,False,canonical form
enriched::981,General Aptitude,Logical Reasoning,General Aptitude,False,canonical form
enriched::982,General Aptitude,Arithmetic,General Aptitude,False,canonical form
enriched::984,General Aptitude,Verbal Ability,General Aptitude,False,canonical form
enriched::985,General Aptitude,Quantitative Aptitude,General Aptitude,False,canonical form
enriched::986,General Aptitude,Arithmetic,General Aptitude,False,canonical form
enriched::987,General Aptitude,Quantitative Aptitude,General Aptitude,False,canonical form
enriched::989,General Aptitude,Quantitative Aptitude,General Aptitude,False,canonical form
enriched::990,General Aptitude,Quantitative Aptitude,General Aptitude,False,canonical form
enriched::992,General Aptitude,Quantitative Aptitude,General Aptitude,False,canonical form
enriched::993,General Aptitude,Arithmetic,General Aptitude,False,canonical form
enriched::994,General Aptitude,Quantitative Aptitude,General Aptitude,False,canonical form
enriched::996,General Aptitude,Arithmetic,General Aptitude,False,canonical form
enriched::997,General Aptitude,Arithmetic,General Aptitude,False,canonical form
enriched::998,General Aptitude,Arithmetic,General Aptitude,False,canonical form
enriched::999,General Aptitude,Quantitative Aptitude,General Aptitude,False,canonical form
enriched::1000,General Aptitude,Quantitative Aptitude,General Aptitude,False,canonical form
enriched::1001,General Aptitude,Quantitative Aptitude,General Aptitude,False,canonical form
enriched::1002,General Aptitude,Quantitative Aptitude,General Aptitude,False,canonical form
enriched::1004,General Aptitude,Number Systems,General Aptitude,False,canonical form
enriched::1005,General Aptitude,Algebra,General Aptitude,False,canonical form
enriched::1007,General Aptitude,Arithmetic,General Aptitude,False,canonical form
enriched::1008,General Aptitude,Arithmetic,General Aptitude,False,canonical form
enriched::1009,General Aptitude,Logical Reasoning,General Aptitude,False,canonical form
enriched::1010,General Aptitude,Algebra,General Aptitude,False,canonical form
enriched::1012,General Aptitude,Quantitative Aptitude,General Aptitude,False,canonical form
enriched::1013,General Aptitude,Quantitative Aptitude,General Aptitude,False,canonical form
enriched::1014,General Aptitude,Arithmetic,General Aptitude,False,canonical form
enriched::1015,General Aptitude,Quantitative Aptitude,General Aptitude,False,canonical form
enriched::1016,General Aptitude,Logical Reasoning,General Aptitude,False,canonical form
enriched::1017,General Aptitude,Set Theory Applied,General Aptitude,False,canonical form
enriched::1018,General Aptitude,Quantitative Aptitude,General Aptitude,False,canonical form
enriched::1021,General Aptitude,Logical Reasoning,General Aptitude,False,canonical form
enriched::1022,General Aptitude,Quantitative Aptitude,General Aptitude,False,canonical form
enriched::1023,General Aptitude,Logical Reasoning,General Aptitude,False,canonical form
enriched::1024,General Aptitude,Arithmetic,General Aptitude,False,canonical form
enriched::1025,General Aptitude,Arithmetic,General Aptitude,False,canonical form
enriched::1026,General Aptitude,Quantitative Aptitude,General Aptitude,False,canonical form
enriched::1027,General Aptitude,Geometry,General Aptitude,False,canonical form
enriched::1028,General Aptitude,Data Interpretation,General Aptitude,False,canonical form
enriched::1029,General Aptitude,Arithmetic,General Aptitude,False,canonical form
enriched::1030,General Aptitude,Arithmetic,General Aptitude,False,canonical form
enriched::1031,General Aptitude,Arithmetic,General Aptitude,False,canonical form
enriched::1033,General Aptitude,Arithmetic,General Aptitude,False,canonical form
enriched::1034,General Aptitude,Quantitative Aptitude,General Aptitude,False,canonical form
enriched::1035,General Aptitude,Quantitative Aptitude,General Aptitude,False,canonical form
enriched::1036,General Aptitude,Arithmetic,General Aptitude,False,canonical form
enriched::1037,General Aptitude,Logical Reasoning,General Aptitude,False,canonical form
enriched::1038,General Aptitude,Logical Reasoning,General Aptitude,False,canonical form
enriched::1039,General Aptitude,Quantitative Aptitude,General Aptitude,False,canonical form
enriched::1040,General Aptitude,Quantitative Aptitude,General Aptitude,False,canonical form
enriched::1041,General Aptitude,Data Interpretation,General Aptitude,False,canonical form
enriched::1042,General Aptitude,Quantitative Aptitude,General Aptitude,False,canonical form
enriched::1043,General Aptitude,Quantitative Aptitude,General Aptitude,False,canonical form
enriched::1044,General Aptitude,Data Interpretation,General Aptitude,False,canonical form
enriched::1045,General Aptitude,Number Systems,General Aptitude,False,canonical form
enriched::1046,General Aptitude,Quantitative Aptitude,General Aptitude,False,canonical form
enriched::1048,General Aptitude,Geometry,General Aptitude,False,canonical form
enriched::1049,General Aptitude,Arithmetic,General Aptitude,False,canonical form
enriched::1050,General Aptitude,Arithmetic,General Aptitude,False,canonical form
enriched::1051,General Aptitude,Quantitative Aptitude,General Aptitude,False,canonical form
enriched::1052,General Aptitude,Quantitative Aptitude,General Aptitude,False,canonical form
enriched::1053,General Aptitude,Set Theory Applied,General Aptitude,False,canonical form
enriched::1054,General Aptitude,Data Interpretation,General Aptitude,False,canonical form
enriched::1055,General Aptitude,Arithmetic,General Aptitude,False,canonical form
enriched::1057,General Aptitude,Quantitative Aptitude,General Aptitude,False,canonical form
enriched::1058,General Aptitude,Quantitative Aptitude,General Aptitude,False,canonical form
enriched::1059,General Aptitude,Arithmetic,General Aptitude,False,canonical form
enriched::1060,General Aptitude,Quantitative Aptitude,General Aptitude,False,canonical form
enriched::1062,General Aptitude,Geometry,General Aptitude,False,canonical form
enriched::1065,General Aptitude,Number Systems,General Aptitude,False,canonical form
enriched::1066,General Aptitude,Arithmetic,General Aptitude,False,canonical form
enriched::1067,General Aptitude,Quantitative Aptitude,General Aptitude,False,canonical form
enriched::1068,General Aptitude,Quantitative Aptitude,General Aptitude,False,canonical form
enriched::1069,General Aptitude,Quantitative Aptitude,General Aptitude,False,canonical form
enriched::1070,General Aptitude,Geometry,General Aptitude,False,canonical form
enriched::1071,General Aptitude,Quantitative Aptitude,General Aptitude,False,canonical form
enriched::1072,General Aptitude,Quantitative Aptitude,General Aptitude,False,canonical form
enriched::1073,General Aptitude,Quantitative Aptitude,General Aptitude,False,canonical form
enriched::1074,General Aptitude,Logical Reasoning,General Aptitude,False,canonical form
enriched::1075,General Aptitude,Quantitative Aptitude,General Aptitude,False,canonical form
enriched::1076,General Aptitude,Quantitative Aptitude,General Aptitude,False,canonical form
enriched::1077,General Aptitude,Logical Reasoning,General Aptitude,False,canonical form
enriched::1078,General Aptitude,Geometry,General Aptitude,False,canonical form
enriched::1079,General Aptitude,Set Theory Applied,General Aptitude,False,canonical form
enriched::1080,General Aptitude,Quantitative Aptitude,General Aptitude,False,canonical form
enriched::1081,General Aptitude,Quantitative Aptitude,General Aptitude,False,canonical form
enriched::1082,General Aptitude,Geometry,General Aptitude,False,canonical form
enriched::1083,General Aptitude,Arithmetic,General Aptitude,False,canonical form
enriched::1084,General Aptitude,Arithmetic,General Aptitude,False,canonical form
enriched::1085,General Aptitude,Arithmetic,General Aptitude,False,canonical form
enriched::1086,General Aptitude,Quantitative Aptitude,General Aptitude,False,canonical form
enriched::1087,General Aptitude,Set Theory Applied,General Aptitude,False,canonical form
enriched::1088,General Aptitude,Logical Reasoning,General Aptitude,False,canonical form
enriched::1089,General Aptitude,Data Interpretation,General Aptitude,False,canonical form
enriched::1090,General Aptitude,Geometry,General Aptitude,False,canonical form
enriched::1091,General Aptitude,Geometry,General Aptitude,False,canonical form
enriched::1092,General Aptitude,Arithmetic,General Aptitude,False,canonical form
enriched::1093,General Aptitude,Arithmetic,General Aptitude,False,canonical form
enriched::1094,General Aptitude,Arithmetic,General Aptitude,False,canonical form
enriched::1095,General Aptitude,Set Theory Applied,General Aptitude,False,canonical form
enriched::1097,General Aptitude,Geometry,General Aptitude,False,canonical form
enriched::1099,General Aptitude,Geometry,General Aptitude,False,canonical form
enriched::1101,General Aptitude,Arithmetic,General Aptitude,False,canonical form
enriched::1102,General Aptitude,Quantitative Aptitude,General Aptitude,False,canonical form
enriched::1103,General Aptitude,Quantitative Aptitude,General Aptitude,False,canonical form
enriched::1104,General Aptitude,Number Systems,General Aptitude,False,canonical form
enriched::1105,General Aptitude,Verbal Ability,General Aptitude,False,canonical form
enriched::1106,General Aptitude,Verbal Ability,General Aptitude,False,canonical form
enriched::1107,General Aptitude,Verbal Ability,General Aptitude,False,canonical form
enriched::1108,General Aptitude,Arithmetic,General Aptitude,False,canonical form
enriched::1109,General Aptitude,Verbal Ability,General Aptitude,False,canonical form
enriched::1110,General Aptitude,Data Interpretation,General Aptitude,False,canonical form
enriched::1111,General Aptitude,Quantitative Aptitude,General Aptitude,False,canonical form
enriched::1112,General Aptitude,Quantitative Aptitude,General Aptitude,False,canonical form
enriched::1113,General Aptitude,Data Interpretation,General Aptitude,False,canonical form
enriched::1114,General Aptitude,Verbal Ability,General Aptitude,False,canonical form
enriched::1115,General Aptitude,Logical Reasoning,General Aptitude,False,canonical form
enriched::1116,General Aptitude,Logical Reasoning,General Aptitude,False,canonical form
enriched::1117,General Aptitude,Quantitative Aptitude,General Aptitude,False,canonical form
enriched::1118,General Aptitude,Logical Reasoning,General Aptitude,False,canonical form
enriched::1119,General Aptitude,Quantitative Aptitude,General Aptitude,False,canonical form
enriched::1120,General Aptitude,Arithmetic,General Aptitude,False,canonical form
enriched::1121,General Aptitude,Verbal Ability,General Aptitude,False,canonical form
enriched::1122,General Aptitude,Quantitative Aptitude,General Aptitude,False,canonical form
enriched::1123,General Aptitude,Quantitative Aptitude,General Aptitude,False,canonical form
enriched::1124,General Aptitude,Quantitative Aptitude,General Aptitude,False,canonical form
enriched::1125,General Aptitude,Quantitative Aptitude,General Aptitude,False,canonical form
enriched::1126,General Aptitude,Quantitative Aptitude,General Aptitude,False,canonical form
enriched::1127,General Aptitude,Verbal Ability,General Aptitude,False,canonical form
enriched::1128,General Aptitude,Arithmetic,General Aptitude,False,canonical form
enriched::1129,General Aptitude,Verbal Ability,General Aptitude,False,canonical form
enriched::1130,General Aptitude,Set Theory Applied,General Aptitude,False,canonical form
enriched::1131,General Aptitude,Logical Reasoning,General Aptitude,False,canonical form
enriched::1133,General Aptitude,Arithmetic,General Aptitude,False,canonical form
enriched::1134,General Aptitude,Quantitative Aptitude,General Aptitude,False,canonical form
enriched::1135,General Aptitude,Quantitative Aptitude,General Aptitude,False,canonical form
enriched::1136,General Aptitude,Verbal Ability,General Aptitude,False,canonical form
enriched::1139,General Aptitude,Quantitative Aptitude,General Aptitude,False,canonical form
enriched::1140,General Aptitude,Arithmetic,General Aptitude,False,canonical form
enriched::1141,General Aptitude,Set Theory Applied,General Aptitude,False,canonical form
enriched::1142,General Aptitude,Arithmetic,General Aptitude,False,canonical form
enriched::1143,General Aptitude,Arithmetic,General Aptitude,False,canonical form
enriched::1144,General Aptitude,Arithmetic,General Aptitude,False,canonical form
enriched::1145,General Aptitude,Data Interpretation,General Aptitude,False,canonical form
enriched::1146,General Aptitude,Logical Reasoning,General Aptitude,False,canonical form
enriched::1147,General Aptitude,Quantitative Aptitude,General Aptitude,False,canonical form
enriched::1148,General Aptitude,Quantitative Aptitude,General Aptitude,False,canonical form
enriched::1149,General Aptitude,Set Theory Applied,General Aptitude,False,canonical form
enriched::1150,General Aptitude,Quantitative Aptitude,General Aptitude,False,canonical form
enriched::1151,General Aptitude,Set Theory Applied,General Aptitude,False,canonical form
enriched::1154,General Aptitude,Verbal Ability,General Aptitude,False,canonical form
enriched::1155,General Aptitude,Geometry,General Aptitude,False,canonical form
enriched::1156,General Aptitude,Logical Reasoning,General Aptitude,False,canonical form
enriched::1157,General Aptitude,Logical Reasoning,General Aptitude,False,canonical form
enriched::1158,General Aptitude,Set Theory Applied,General Aptitude,False,canonical form
enriched::1159,General Aptitude,Arithmetic,General Aptitude,False,canonical form
enriched::1160,General Aptitude,Number Systems,General Aptitude,False,canonical form
enriched::1161,General Aptitude,Algebra,General Aptitude,False,canonical form
enriched::1163,General Aptitude,Quantitative Aptitude,General Aptitude,False,canonical form
enriched::1164,General Aptitude,Quantitative Aptitude,General Aptitude,False,canonical form
enriched::1165,General Aptitude,Number Systems,General Aptitude,False,canonical form
enriched::1166,General Aptitude,Geometry,General Aptitude,False,canonical form
enriched::1167,General Aptitude,Quantitative Aptitude,General Aptitude,False,canonical form
enriched::1168,General Aptitude,Logical Reasoning,General Aptitude,False,canonical form
enriched::1169,General Aptitude,Logical Reasoning,General Aptitude,False,canonical form
enriched::1170,General Aptitude,Geometry,General Aptitude,False,canonical form
enriched::1171,General Aptitude,Logical Reasoning,General Aptitude,False,canonical form
enriched::1172,General Aptitude,Data Interpretation,General Aptitude,False,canonical form
enriched::1173,General Aptitude,Data Interpretation,General Aptitude,False,canonical form
enriched::1174,General Aptitude,Arithmetic,General Aptitude,False,canonical form
enriched::1175,General Aptitude,Quantitative Aptitude,General Aptitude,False,canonical form
enriched::1176,General Aptitude,Data Interpretation,General Aptitude,False,canonical form
enriched::1177,General Aptitude,Logical Reasoning,General Aptitude,False,canonical form
enriched::1178,General Aptitude,Set Theory Applied,General Aptitude,False,canonical form
enriched::1179,General Aptitude,Number Systems,General Aptitude,False,canonical form
enriched::1180,General Aptitude,Quantitative Aptitude,General Aptitude,False,canonical form
enriched::1181,General Aptitude,Arithmetic,General Aptitude,False,canonical form
enriched::1182,General Aptitude,Number Systems,General Aptitude,False,canonical form
enriched::1183,General Aptitude,Algebra,General Aptitude,False,canonical form
enriched::1184,General Aptitude,Number Systems,General Aptitude,False,canonical form
enriched::1185,General Aptitude,Geometry,General Aptitude,False,canonical form
enriched::1186,General Aptitude,Data Interpretation,General Aptitude,False,canonical form
enriched::1187,General Aptitude,Quantitative Aptitude,General Aptitude,False,canonical form
enriched::1188,General Aptitude,Arithmetic,General Aptitude,False,canonical form
enriched::1189,General Aptitude,Quantitative Aptitude,General Aptitude,False,canonical form
enriched::1190,General Aptitude,Geometry,General Aptitude,False,canonical form
enriched::1191,General Aptitude,Set Theory Applied,General Aptitude,False,canonical form
enriched::1192,General Aptitude,Geometry,General Aptitude,False,canonical form
enriched::1193,General Aptitude,Geometry,General Aptitude,False,canonical form
enriched::1194,General Aptitude,Quantitative Aptitude,General Aptitude,False,canonical form
enriched::1196,General Aptitude,Quantitative Aptitude,General Aptitude,False,canonical form
enriched::1197,General Aptitude,Logical Reasoning,General Aptitude,False,canonical form
enriched::1198,General Aptitude,Arithmetic,General Aptitude,False,canonical form
enriched::1199,General Aptitude,Geometry,General Aptitude,False,canonical form
enriched::1201,Programming and Data Structure,Arrays & Strings,Programming and Data Structures,False,case/pluralization dupe
enriched::1202,Programming and Data Structure,Dynamic Programming,Programming and Data Structures,False,case/pluralization dupe
enriched::1203,Programming and Data Structure,Compression,Programming and Data Structures,False,case/pluralization dupe
enriched::1204,Programming and Data Structure,Dynamic Programming,Programming and Data Structures,False,case/pluralization dupe
enriched::1205,Programming and Data Structure,Sorting,Programming and Data Structures,False,case/pluralization dupe
enriched::1206,Programming and Data Structure,Algorithms,Programming and Data Structures,False,case/pluralization dupe
enriched::1207,Programming and Data Structure,Dynamic Programming,Programming and Data Structures,False,case/pluralization dupe
enriched::1208,Programming and Data Structure,Greedy Algorithms,Programming and Data Structures,False,case/pluralization dupe
enriched::1209,Programming and Data Structure,Greedy Algorithms,Programming and Data Structures,False,case/pluralization dupe
enriched::1210,Programming and Data Structure,Dynamic Programming,Programming and Data Structures,False,case/pluralization dupe
enriched::1211,Programming and Data Structure,Dynamic Programming,Programming and Data Structures,False,case/pluralization dupe
enriched::1212,Programming and Data Structure,Algorithms,Programming and Data Structures,False,case/pluralization dupe
enriched::1213,Programming and Data Structure,Graphs,Programming and Data Structures,False,case/pluralization dupe
enriched::1214,Programming and Data Structure,Graphs,Programming and Data Structures,False,case/pluralization dupe
enriched::1215,Programming and Data Structure,Graphs,Programming and Data Structures,False,case/pluralization dupe
enriched::1216,Programming and Data Structure,Graphs,Programming and Data Structures,False,case/pluralization dupe
enriched::1217,Programming and Data Structure,Graphs,Programming and Data Structures,False,case/pluralization dupe
enriched::1218,Programming and Data Structure,Graphs,Programming and Data Structures,False,case/pluralization dupe
enriched::1219,Programming and Data Structure,Dynamic Programming,Programming and Data Structures,False,case/pluralization dupe
enriched::1220,Programming and Data Structure,Dynamic Programming,Programming and Data Structures,False,case/pluralization dupe
enriched::1222,Programming and Data Structure,Graphs,Programming and Data Structures,False,case/pluralization dupe
enriched::1223,Programming and Data Structure,Dynamic Programming,Programming and Data Structures,False,case/pluralization dupe
enriched::1224,Programming and Data Structure,Graphs,Programming and Data Structures,False,case/pluralization dupe
enriched::1225,Programming and Data Structure,Graphs,Programming and Data Structures,False,case/pluralization dupe
enriched::1226,Programming and Data Structure,Algorithms,Programming and Data Structures,False,case/pluralization dupe
enriched::1227,Programming and Data Structure,Algorithms,Programming and Data Structures,False,case/pluralization dupe
enriched::1228,Programming and Data Structure,Dynamic Programming,Programming and Data Structures,False,case/pluralization dupe
enriched::1229,Programming and Data Structure,Dynamic Programming,Programming and Data Structures,False,case/pluralization dupe
enriched::1230,Programming and Data Structure,Dynamic Programming,Programming and Data Structures,False,case/pluralization dupe
enriched::1231,Programming and Data Structure,Linked Lists,Programming and Data Structures,False,case/pluralization dupe
enriched::1232,Programming and Data Structure,Graphs,Programming and Data Structures,False,case/pluralization dupe
enriched::1234,Programming and Data Structure,Graphs,Programming and Data Structures,False,case/pluralization dupe
enriched::1235,Programming and Data Structure,Trees,Programming and Data Structures,False,case/pluralization dupe
enriched::1237,Programming and Data Structure,Graphs,Programming and Data Structures,False,case/pluralization dupe
enriched::1238,Programming and Data Structure,Graphs,Programming and Data Structures,False,case/pluralization dupe
enriched::1239,Programming and Data Structure,Graphs,Programming and Data Structures,False,case/pluralization dupe
enriched::1240,Programming and Data Structure,Graphs,Programming and Data Structures,False,case/pluralization dupe
enriched::1241,Programming and Data Structure,Graphs,Programming and Data Structures,False,case/pluralization dupe
enriched::1242,Programming and Data Structure,Algorithms,Programming and Data Structures,False,case/pluralization dupe
enriched::1243,Programming and Data Structure,Graphs,Programming and Data Structures,False,case/pluralization dupe
enriched::1244,Programming and Data Structure,Trees,Programming and Data Structures,False,case/pluralization dupe
enriched::1245,Programming and Data Structure,Graphs,Programming and Data Structures,False,case/pluralization dupe
enriched::1246,Programming and Data Structure,Graphs,Programming and Data Structures,False,case/pluralization dupe
enriched::1247,Programming and Data Structure,Graphs,Programming and Data Structures,False,case/pluralization dupe
enriched::1248,Programming and Data Structure,Graphs,Programming and Data Structures,False,case/pluralization dupe
enriched::1250,Programming and Data Structure,Trees,Programming and Data Structures,False,case/pluralization dupe
enriched::1252,Programming and Data Structure,Graphs,Programming and Data Structures,False,case/pluralization dupe
enriched::1253,Programming and Data Structure,Graphs,Programming and Data Structures,False,case/pluralization dupe
enriched::1254,Programming and Data Structure,Graphs,Programming and Data Structures,False,case/pluralization dupe
enriched::1255,Programming and Data Structure,Graphs,Programming and Data Structures,False,case/pluralization dupe
enriched::1256,Programming and Data Structure,Graphs,Programming and Data Structures,False,case/pluralization dupe
enriched::1257,Programming and Data Structure,Trees,Programming and Data Structures,False,case/pluralization dupe
enriched::1258,Programming and Data Structure,Trees,Programming and Data Structures,False,case/pluralization dupe
enriched::1260,Programming and Data Structure,Algorithms,Programming and Data Structures,False,case/pluralization dupe
enriched::1261,Programming and Data Structure,Algorithms,Programming and Data Structures,False,case/pluralization dupe
enriched::1262,Programming and Data Structure,Algorithms,Programming and Data Structures,False,case/pluralization dupe
enriched::1264,Programming and Data Structure,Trees,Programming and Data Structures,False,case/pluralization dupe
enriched::1265,Programming and Data Structure,Dynamic Programming,Programming and Data Structures,False,case/pluralization dupe
enriched::1266,Programming and Data Structure,Algorithms,Programming and Data Structures,False,case/pluralization dupe
enriched::1267,Programming and Data Structure,Dynamic Programming,Programming and Data Structures,False,case/pluralization dupe
enriched::1268,Programming and Data Structure,Dynamic Programming,Programming and Data Structures,False,case/pluralization dupe
enriched::1269,Programming and Data Structure,Algorithms,Programming and Data Structures,False,case/pluralization dupe
enriched::1270,Programming and Data Structure,Linked Lists,Programming and Data Structures,False,case/pluralization dupe
enriched::1271,Programming and Data Structure,Linked Lists,Programming and Data Structures,False,case/pluralization dupe
enriched::1272,Programming and Data Structure,Linked Lists,Programming and Data Structures,False,case/pluralization dupe
enriched::1273,Programming and Data Structure,Trees,Programming and Data Structures,False,case/pluralization dupe
enriched::1274,Programming and Data Structure,Trees,Programming and Data Structures,False,case/pluralization dupe
enriched::1275,Programming and Data Structure,Trees,Programming and Data Structures,False,case/pluralization dupe
enriched::1276,Programming and Data Structure,Linked Lists,Programming and Data Structures,False,case/pluralization dupe
enriched::1277,Programming and Data Structure,Linked Lists,Programming and Data Structures,False,case/pluralization dupe
enriched::1278,Programming and Data Structure,Linked Lists,Programming and Data Structures,False,case/pluralization dupe
enriched::1279,Programming and Data Structure,Trees,Programming and Data Structures,False,case/pluralization dupe
enriched::1280,Programming and Data Structure,Trees,Programming and Data Structures,False,case/pluralization dupe
enriched::1281,Programming and Data Structure,Trees,Programming and Data Structures,False,case/pluralization dupe
enriched::1282,Programming and Data Structure,Trees,Programming and Data Structures,False,case/pluralization dupe
enriched::1283,Programming and Data Structure,Trees,Programming and Data Structures,False,case/pluralization dupe
enriched::1284,Programming and Data Structure,Trees,Programming and Data Structures,False,case/pluralization dupe
enriched::1285,Programming and Data Structure,Trees,Programming and Data Structures,False,case/pluralization dupe
enriched::1286,Programming and Data Structure,Trees,Programming and Data Structures,False,case/pluralization dupe
enriched::1287,Programming and Data Structure,Trees,Programming and Data Structures,False,case/pluralization dupe
enriched::1288,Programming and Data Structure,Linked Lists,Programming and Data Structures,False,case/pluralization dupe
enriched::1289,Programming and Data Structure,Trees,Programming and Data Structures,False,case/pluralization dupe
enriched::1290,Programming and Data Structure,Trees,Programming and Data Structures,False,case/pluralization dupe
enriched::1291,Programming and Data Structure,Trees,Programming and Data Structures,False,case/pluralization dupe
enriched::1292,Programming and Data Structure,Linked Lists,Programming and Data Structures,False,case/pluralization dupe
enriched::1293,Programming and Data Structure,Trees,Programming and Data Structures,False,case/pluralization dupe
enriched::1294,Programming and Data Structure,Trees,Programming and Data Structures,False,case/pluralization dupe
enriched::1295,Programming and Data Structure,Trees,Programming and Data Structures,False,case/pluralization dupe
enriched::1296,Programming and Data Structure,Trees,Programming and Data Structures,False,case/pluralization dupe
enriched::1297,Programming and Data Structure,Trees,Programming and Data Structures,False,case/pluralization dupe
enriched::1298,Programming and Data Structure,Trees,Programming and Data Structures,False,case/pluralization dupe
enriched::1299,Programming and Data Structure,Linked Lists,Programming and Data Structures,False,case/pluralization dupe
enriched::1300,Programming and Data Structure,Trees,Programming and Data Structures,False,case/pluralization dupe
enriched::1301,Programming and Data Structure,Trees,Programming and Data Structures,False,case/pluralization dupe
enriched::1302,Programming and Data Structure,Linked Lists,Programming and Data Structures,False,case/pluralization dupe
enriched::1303,Programming and Data Structure,Trees,Programming and Data Structures,False,case/pluralization dupe
enriched::1304,Programming and Data Structure,Dynamic Programming,Programming and Data Structures,False,case/pluralization dupe
enriched::1305,Programming and Data Structure,Linked Lists,Programming and Data Structures,False,case/pluralization dupe
enriched::1306,Programming and Data Structure,Linked Lists,Programming and Data Structures,False,case/pluralization dupe
enriched::1307,Programming and Data Structure,Linked Lists,Programming and Data Structures,False,case/pluralization dupe
enriched::1308,Programming and Data Structure,Trees,Programming and Data Structures,False,case/pluralization dupe
enriched::1309,Programming and Data Structure,Hashing,Programming and Data Structures,False,case/pluralization dupe
enriched::1310,Programming and Data Structure,Linked Lists,Programming and Data Structures,False,case/pluralization dupe
enriched::1311,Programming and Data Structure,Hashing,Programming and Data Structures,False,case/pluralization dupe
enriched::1312,Programming and Data Structure,Hashing,Programming and Data Structures,False,case/pluralization dupe
enriched::1313,Programming and Data Structure,Hashing,Programming and Data Structures,False,case/pluralization dupe
enriched::1314,Programming and Data Structure,Hashing,Programming and Data Structures,False,case/pluralization dupe
enriched::1315,Programming and Data Structure,Hashing,Programming and Data Structures,False,case/pluralization dupe
enriched::1317,Programming and Data Structure,Hashing,Programming and Data Structures,False,case/pluralization dupe
enriched::1318,Programming and Data Structure,Hashing,Programming and Data Structures,False,case/pluralization dupe
enriched::1319,Programming and Data Structure,Hashing,Programming and Data Structures,False,case/pluralization dupe
enriched::1320,Programming and Data Structure,Hashing,Programming and Data Structures,False,case/pluralization dupe
enriched::1321,Programming and Data Structure,Dynamic Programming,Programming and Data Structures,False,case/pluralization dupe
enriched::1322,Programming and Data Structure,Hashing,Programming and Data Structures,False,case/pluralization dupe
enriched::1324,Programming and Data Structure,Sorting,Programming and Data Structures,False,case/pluralization dupe
enriched::1325,Programming and Data Structure,Arrays & Strings,Programming and Data Structures,False,case/pluralization dupe
enriched::1326,Programming and Data Structure,Dynamic Programming,Programming and Data Structures,False,case/pluralization dupe
enriched::1327,Programming and Data Structure,Sorting,Programming and Data Structures,False,case/pluralization dupe
enriched::1328,Programming and Data Structure,Dynamic Programming,Programming and Data Structures,False,case/pluralization dupe
enriched::1329,Programming and Data Structure,Hashing,Programming and Data Structures,False,case/pluralization dupe
enriched::1330,Programming and Data Structure,Arrays & Strings,Programming and Data Structures,False,case/pluralization dupe
enriched::1331,Programming and Data Structure,Arrays & Strings,Programming and Data Structures,False,case/pluralization dupe
enriched::1332,Programming and Data Structure,Arrays & Strings,Programming and Data Structures,False,case/pluralization dupe
enriched::1333,Programming and Data Structure,Arrays & Strings,Programming and Data Structures,False,case/pluralization dupe
enriched::1334,Programming and Data Structure,Linked Lists,Programming and Data Structures,False,case/pluralization dupe
enriched::1335,Programming and Data Structure,Linked Lists,Programming and Data Structures,False,case/pluralization dupe
enriched::1337,Programming and Data Structure,Linked Lists,Programming and Data Structures,False,case/pluralization dupe
enriched::1338,Programming and Data Structure,Algorithms,Programming and Data Structures,False,case/pluralization dupe
enriched::1339,Programming and Data Structure,Linked Lists,Programming and Data Structures,False,case/pluralization dupe
enriched::1340,Programming and Data Structure,Linked Lists,Programming and Data Structures,False,case/pluralization dupe
enriched::1342,Programming and Data Structure,Linked Lists,Programming and Data Structures,False,case/pluralization dupe
enriched::1343,Programming and Data Structure,Linked Lists,Programming and Data Structures,False,case/pluralization dupe
enriched::1344,Programming and Data Structure,Linked Lists,Programming and Data Structures,False,case/pluralization dupe
enriched::1345,Programming and Data Structure,Algorithms,Programming and Data Structures,False,case/pluralization dupe
enriched::1346,Programming and Data Structure,Sorting,Programming and Data Structures,False,case/pluralization dupe
enriched::1347,Programming and Data Structure,Sorting,Programming and Data Structures,False,case/pluralization dupe
enriched::1348,Programming and Data Structure,Stacks & Queues,Programming and Data Structures,False,case/pluralization dupe
enriched::1352,Programming and Data Structure,Stacks & Queues,Programming and Data Structures,False,case/pluralization dupe
enriched::1353,Programming and Data Structure,Stacks & Queues,Programming and Data Structures,False,case/pluralization dupe
enriched::1355,Programming and Data Structure,Stacks & Queues,Programming and Data Structures,False,case/pluralization dupe
enriched::1356,Programming and Data Structure,Stacks & Queues,Programming and Data Structures,False,case/pluralization dupe
enriched::1357,Programming and Data Structure,Stacks & Queues,Programming and Data Structures,False,case/pluralization dupe
enriched::1359,Programming and Data Structure,Stacks & Queues,Programming and Data Structures,False,case/pluralization dupe
enriched::1360,Programming and Data Structure,Stacks & Queues,Programming and Data Structures,False,case/pluralization dupe
enriched::1361,Programming and Data Structure,Stacks & Queues,Programming and Data Structures,False,case/pluralization dupe
enriched::1362,Programming and Data Structure,Linked Lists,Programming and Data Structures,False,case/pluralization dupe
enriched::1363,Programming and Data Structure,Linked Lists,Programming and Data Structures,False,case/pluralization dupe
enriched::1364,Programming and Data Structure,Stacks & Queues,Programming and Data Structures,False,case/pluralization dupe
enriched::1365,Programming and Data Structure,Linked Lists,Programming and Data Structures,False,case/pluralization dupe
enriched::1366,Programming and Data Structure,Linked Lists,Programming and Data Structures,False,case/pluralization dupe
enriched::1367,Programming and Data Structure,Stacks & Queues,Programming and Data Structures,False,case/pluralization dupe
enriched::1368,Programming and Data Structure,Stacks & Queues,Programming and Data Structures,False,case/pluralization dupe
enriched::1369,Programming and Data Structure,Graphs,Programming and Data Structures,False,case/pluralization dupe
enriched::1370,Programming and Data Structure,Trees,Programming and Data Structures,False,case/pluralization dupe
enriched::1371,Programming and Data Structure,Trees,Programming and Data Structures,False,case/pluralization dupe
enriched::1372,Programming and Data Structure,Trees,Programming and Data Structures,False,case/pluralization dupe
enriched::1373,Programming and Data Structure,Trees,Programming and Data Structures,False,case/pluralization dupe
enriched::1374,Programming and Data Structure,Linked Lists,Programming and Data Structures,False,case/pluralization dupe
enriched::1375,Programming and Data Structure,Trees,Programming and Data Structures,False,case/pluralization dupe
enriched::1376,Programming and Data Structure,Trees,Programming and Data Structures,False,case/pluralization dupe
enriched::1377,Programming and Data Structure,Trees,Programming and Data Structures,False,case/pluralization dupe
enriched::1378,Programming and Data Structure,Trees,Programming and Data Structures,False,case/pluralization dupe
enriched::1379,Programming and Data Structure,Trees,Programming and Data Structures,False,case/pluralization dupe
enriched::1381,Programming and Data Structure,Trees,Programming and Data Structures,False,case/pluralization dupe
enriched::1382,Programming and Data Structure,Trees,Programming and Data Structures,False,case/pluralization dupe
enriched::1383,Programming and Data Structure,Trees,Programming and Data Structures,False,case/pluralization dupe
enriched::1384,Programming and Data Structure,Trees,Programming and Data Structures,False,case/pluralization dupe
enriched::1386,Programming and Data Structure,Trees,Programming and Data Structures,False,case/pluralization dupe
enriched::1387,Programming and Data Structure,Trees,Programming and Data Structures,False,case/pluralization dupe
enriched::1388,Programming and Data Structure,Trees,Programming and Data Structures,False,case/pluralization dupe
enriched::1389,Programming and Data Structure,Trees,Programming and Data Structures,False,case/pluralization dupe
enriched::1390,Programming and Data Structure,Trees,Programming and Data Structures,False,case/pluralization dupe
enriched::1391,Programming and Data Structure,Trees,Programming and Data Structures,False,case/pluralization dupe
enriched::1392,Programming and Data Structure,Linked Lists,Programming and Data Structures,False,case/pluralization dupe
enriched::1394,Programming and Data Structure,Trees,Programming and Data Structures,False,case/pluralization dupe
enriched::1395,Programming and Data Structure,Trees,Programming and Data Structures,False,case/pluralization dupe
enriched::1396,Programming and Data Structure,Trees,Programming and Data Structures,False,case/pluralization dupe
enriched::1397,Programming and Data Structure,Trees,Programming and Data Structures,False,case/pluralization dupe
enriched::1398,Programming and Data Structure,Trees,Programming and Data Structures,False,case/pluralization dupe
enriched::1400,Programming and Data Structure,Trees,Programming and Data Structures,False,case/pluralization dupe
enriched::1401,Programming and Data Structure,Trees,Programming and Data Structures,False,case/pluralization dupe
enriched::1402,Programming and Data Structure,Trees,Programming and Data Structures,False,case/pluralization dupe
enriched::1403,Programming and Data Structure,Trees,Programming and Data Structures,False,case/pluralization dupe
enriched::1404,Programming and Data Structure,Trees,Programming and Data Structures,False,case/pluralization dupe
enriched::1405,Programming and Data Structure,Trees,Programming and Data Structures,False,case/pluralization dupe
enriched::1406,Programming and Data Structure,Sorting,Programming and Data Structures,False,case/pluralization dupe
enriched::1407,Programming and Data Structure,Sorting,Programming and Data Structures,False,case/pluralization dupe
enriched::1408,Programming and Data Structure,Trees,Programming and Data Structures,False,case/pluralization dupe
enriched::1409,Programming and Data Structure,Dynamic Programming,Programming and Data Structures,False,case/pluralization dupe
enriched::1410,Programming and Data Structure,Dynamic Programming,Programming and Data Structures,False,case/pluralization dupe
enriched::1411,Programming and Data Structure,Arrays & Strings,Programming and Data Structures,False,case/pluralization dupe
enriched::1412,Programming and Data Structure,Algorithms,Programming and Data Structures,False,case/pluralization dupe
enriched::1413,Programming and Data Structure,Dynamic Programming,Programming and Data Structures,False,case/pluralization dupe
enriched::1414,Programming and Data Structure,Algorithms,Programming and Data Structures,False,case/pluralization dupe
enriched::1415,Programming and Data Structure,Arrays & Strings,Programming and Data Structures,False,case/pluralization dupe
enriched::1416,Programming and Data Structure,Algorithms,Programming and Data Structures,False,case/pluralization dupe
enriched::1417,Programming and Data Structure,Sorting,Programming and Data Structures,False,case/pluralization dupe
enriched::1418,Programming and Data Structure,Algorithms,Programming and Data Structures,False,case/pluralization dupe
enriched::1419,Programming and Data Structure,Algorithms,Programming and Data Structures,False,case/pluralization dupe
enriched::1420,Programming and Data Structure,Algorithms,Programming and Data Structures,False,case/pluralization dupe
enriched::1422,Programming and Data Structure,Sorting,Programming and Data Structures,False,case/pluralization dupe
enriched::1423,Programming and Data Structure,Sorting,Programming and Data Structures,False,case/pluralization dupe
enriched::1424,Programming and Data Structure,Sorting,Programming and Data Structures,False,case/pluralization dupe
enriched::1426,Programming and Data Structure,Sorting,Programming and Data Structures,False,case/pluralization dupe
enriched::1427,Programming and Data Structure,Sorting,Programming and Data Structures,False,case/pluralization dupe
enriched::1428,Programming and Data Structure,Sorting,Programming and Data Structures,False,case/pluralization dupe
enriched::1429,Programming and Data Structure,Sorting,Programming and Data Structures,False,case/pluralization dupe
enriched::1430,Programming and Data Structure,Dynamic Programming,Programming and Data Structures,False,case/pluralization dupe
enriched::1431,Programming and Data Structure,Sorting,Programming and Data Structures,False,case/pluralization dupe
enriched::1432,Programming and Data Structure,Sorting,Programming and Data Structures,False,case/pluralization dupe
enriched::1433,Programming and Data Structure,Sorting,Programming and Data Structures,False,case/pluralization dupe
enriched::1434,Programming and Data Structure,Sorting,Programming and Data Structures,False,case/pluralization dupe
enriched::1436,Programming and Data Structure,Trees,Programming and Data Structures,False,case/pluralization dupe
enriched::1437,Programming and Data Structure,Sorting,Programming and Data Structures,False,case/pluralization dupe
enriched::1438,Programming and Data Structure,Sorting,Programming and Data Structures,False,case/pluralization dupe
enriched::1439,Programming and Data Structure,Sorting,Programming and Data Structures,False,case/pluralization dupe
enriched::1440,Programming and Data Structure,Sorting,Programming and Data Structures,False,case/pluralization dupe
enriched::1441,Programming and Data Structure,Sorting,Programming and Data Structures,False,case/pluralization dupe
enriched::1442,Programming and Data Structure,Sorting,Programming and Data Structures,False,case/pluralization dupe
enriched::1443,Programming and Data Structure,Sorting,Programming and Data Structures,False,case/pluralization dupe
enriched::1445,Programming and Data Structure,Sorting,Programming and Data Structures,False,case/pluralization dupe
enriched::1447,Programming and Data Structure,Sorting,Programming and Data Structures,False,case/pluralization dupe
enriched::1448,Programming and Data Structure,Arrays & Strings,Programming and Data Structures,False,case/pluralization dupe
enriched::1449,Programming and Data Structure,Sorting,Programming and Data Structures,False,case/pluralization dupe
enriched::1451,Programming and Data Structure,Sorting,Programming and Data Structures,False,case/pluralization dupe
enriched::1452,Programming and Data Structure,Sorting,Programming and Data Structures,False,case/pluralization dupe
enriched::1453,Programming and Data Structure,Sorting,Programming and Data Structures,False,case/pluralization dupe
enriched::1454,Programming and Data Structure,Sorting,Programming and Data Structures,False,case/pluralization dupe
enriched::1455,Programming and Data Structure,Dynamic Programming,Programming and Data Structures,False,case/pluralization dupe
enriched::1456,Programming and Data Structure,Arrays & Strings,Programming and Data Structures,False,case/pluralization dupe
enriched::1457,Programming and Data Structure,Algorithms,Programming and Data Structures,False,case/pluralization dupe
enriched::1458,Programming and Data Structure,Algorithms,Programming and Data Structures,False,case/pluralization dupe
enriched::1459,Programming and Data Structure,Algorithms,Programming and Data Structures,False,case/pluralization dupe
enriched::1460,Programming and Data Structure,Stacks & Queues,Programming and Data Structures,False,case/pluralization dupe
enriched::1461,Programming and Data Structure,Algorithms,Programming and Data Structures,False,case/pluralization dupe
enriched::1462,Programming and Data Structure,Trees,Programming and Data Structures,False,case/pluralization dupe
enriched::1463,Programming and Data Structure,Dynamic Programming,Programming and Data Structures,False,case/pluralization dupe
enriched::1464,Programming and Data Structure,Algorithms,Programming and Data Structures,False,case/pluralization dupe
enriched::1465,Programming and Data Structure,Arrays & Strings,Programming and Data Structures,False,case/pluralization dupe
enriched::1466,Programming and Data Structure,Algorithms,Programming and Data Structures,False,case/pluralization dupe
enriched::1467,Programming and Data Structure,Dynamic Programming,Programming and Data Structures,False,case/pluralization dupe
enriched::1468,Programming and Data Structure,Algorithms,Programming and Data Structures,False,case/pluralization dupe
enriched::1469,Programming and Data Structure,Algorithms,Programming and Data Structures,False,case/pluralization dupe
enriched::1470,Programming and Data Structure,Dynamic Programming,Programming and Data Structures,False,case/pluralization dupe
enriched::1471,Programming and Data Structure,Dynamic Programming,Programming and Data Structures,False,case/pluralization dupe
enriched::1473,Programming and Data Structure,Algorithms,Programming and Data Structures,False,case/pluralization dupe
enriched::1474,Programming and Data Structure,Algorithms,Programming and Data Structures,False,case/pluralization dupe
enriched::1475,Programming and Data Structure,Linked Lists,Programming and Data Structures,False,case/pluralization dupe
enriched::1476,Programming and Data Structure,Dynamic Programming,Programming and Data Structures,False,case/pluralization dupe
enriched::1478,Programming and Data Structure,Algorithms,Programming and Data Structures,False,case/pluralization dupe
enriched::1479,Programming and Data Structure,Trees,Programming and Data Structures,False,case/pluralization dupe
enriched::1480,Programming and Data Structure,Dynamic Programming,Programming and Data Structures,False,case/pluralization dupe
enriched::1481,Programming and Data Structure,Compression,Programming and Data Structures,False,case/pluralization dupe
enriched::1482,Programming and Data Structure,Stacks & Queues,Programming and Data Structures,False,case/pluralization dupe
enriched::1483,Programming and Data Structure,Arrays & Strings,Programming and Data Structures,False,case/pluralization dupe
enriched::1484,Programming and Data Structure,Arrays & Strings,Programming and Data Structures,False,case/pluralization dupe
enriched::1485,Programming and Data Structure,Arrays & Strings,Programming and Data Structures,False,case/pluralization dupe
enriched::1486,Programming and Data Structure,Stacks & Queues,Programming and Data Structures,False,case/pluralization dupe
enriched::1487,Programming and Data Structure,Stacks & Queues,Programming and Data Structures,False,case/pluralization dupe
enriched::1488,Programming and Data Structure,Stacks & Queues,Programming and Data Structures,False,case/pluralization dupe
enriched::1490,Programming and Data Structure,Stacks & Queues,Programming and Data Structures,False,case/pluralization dupe
enriched::1491,Programming and Data Structure,Stacks & Queues,Programming and Data Structures,False,case/pluralization dupe
enriched::1492,Programming and Data Structure,Stacks & Queues,Programming and Data Structures,False,case/pluralization dupe
enriched::1494,Programming and Data Structure,Linked Lists,Programming and Data Structures,False,case/pluralization dupe
enriched::1495,Programming and Data Structure,Stacks & Queues,Programming and Data Structures,False,case/pluralization dupe
enriched::1496,Programming and Data Structure,Stacks & Queues,Programming and Data Structures,False,case/pluralization dupe
enriched::1497,Programming and Data Structure,Stacks & Queues,Programming and Data Structures,False,case/pluralization dupe
enriched::1498,Programming and Data Structure,Stacks & Queues,Programming and Data Structures,False,case/pluralization dupe
enriched::1499,Programming and Data Structure,Stacks & Queues,Programming and Data Structures,False,case/pluralization dupe
enriched::1500,Programming and Data Structure,Stacks & Queues,Programming and Data Structures,False,case/pluralization dupe
enriched::1501,Computer Organization and Architecture,Instruction Set Architecture,Computer Organization and Architecture,False,canonical form
enriched::1502,Computer Organization and Architecture,Instruction Set Architecture,Computer Organization and Architecture,False,canonical form
enriched::1503,Computer Organization and Architecture,Registers & Control,Computer Organization and Architecture,False,canonical form
enriched::1504,Computer Organization and Architecture,Instruction Set Architecture,Computer Organization and Architecture,False,canonical form
enriched::1505,Computer Organization and Architecture,Instruction Set Architecture,Computer Organization and Architecture,False,canonical form
enriched::1506,Computer Organization and Architecture,Arithmetic,Computer Organization and Architecture,False,canonical form
enriched::1507,Computer Organization and Architecture,Instruction Set Architecture,Computer Organization and Architecture,False,canonical form
enriched::1508,Computer Organization and Architecture,Instruction Set Architecture,Computer Organization and Architecture,False,canonical form
enriched::1509,Computer Organization and Architecture,Instruction Set Architecture,Computer Organization and Architecture,False,canonical form
enriched::1510,Computer Organization and Architecture,Instruction Set Architecture,Computer Organization and Architecture,False,canonical form
enriched::1511,Computer Organization and Architecture,Arithmetic,Computer Organization and Architecture,False,canonical form
enriched::1512,Computer Organization and Architecture,COA Concepts,Computer Organization and Architecture,False,canonical form
enriched::1513,Computer Organization and Architecture,Registers & Control,Computer Organization and Architecture,False,canonical form
enriched::1514,Computer Organization and Architecture,Instruction Set Architecture,Computer Organization and Architecture,False,canonical form
enriched::1515,Computer Organization and Architecture,Pipelining,Computer Organization and Architecture,False,canonical form
enriched::1516,Computer Organization and Architecture,Instruction Set Architecture,Computer Organization and Architecture,False,canonical form
enriched::1519,Computer Organization and Architecture,Registers & Control,Computer Organization and Architecture,False,canonical form
enriched::1520,Computer Organization and Architecture,Instruction Set Architecture,Computer Organization and Architecture,False,canonical form
enriched::1521,Computer Organization and Architecture,Arithmetic,Computer Organization and Architecture,False,canonical form
enriched::1523,Computer Organization and Architecture,Memory Hierarchy,Computer Organization and Architecture,False,canonical form
enriched::1524,Computer Organization and Architecture,COA Concepts,Computer Organization and Architecture,False,canonical form
enriched::1525,Computer Organization and Architecture,Instruction Set Architecture,Computer Organization and Architecture,False,canonical form
enriched::1526,Computer Organization and Architecture,Instruction Set Architecture,Computer Organization and Architecture,False,canonical form
enriched::1528,Computer Organization and Architecture,Pipelining,Computer Organization and Architecture,False,canonical form
enriched::1529,Computer Organization and Architecture,Pipelining,Computer Organization and Architecture,False,canonical form
enriched::1530,Computer Organization and Architecture,Instruction Set Architecture,Computer Organization and Architecture,False,canonical form
enriched::1531,Computer Organization and Architecture,Arithmetic,Computer Organization and Architecture,False,canonical form
enriched::1532,Computer Organization and Architecture,Registers & Control,Computer Organization and Architecture,False,canonical form
enriched::1533,Computer Organization and Architecture,COA Concepts,Computer Organization and Architecture,False,canonical form
enriched::1534,Computer Organization and Architecture,Instruction Set Architecture,Computer Organization and Architecture,False,canonical form
enriched::1535,Computer Organization and Architecture,Arithmetic,Computer Organization and Architecture,False,canonical form
enriched::1536,Computer Organization and Architecture,Registers & Control,Computer Organization and Architecture,False,canonical form
enriched::1537,Computer Organization and Architecture,COA Concepts,Computer Organization and Architecture,False,canonical form
enriched::1539,Computer Organization and Architecture,Performance,Computer Organization and Architecture,False,canonical form
enriched::1540,Computer Organization and Architecture,Arithmetic,Computer Organization and Architecture,False,canonical form
enriched::1542,Computer Organization and Architecture,COA Concepts,Computer Organization and Architecture,False,canonical form
enriched::1543,Computer Organization and Architecture,COA Concepts,Computer Organization and Architecture,False,canonical form
enriched::1544,Computer Organization and Architecture,Pipelining,Computer Organization and Architecture,False,canonical form
enriched::1546,Computer Organization and Architecture,Arithmetic,Computer Organization and Architecture,False,canonical form
enriched::1547,Computer Organization and Architecture,Instruction Set Architecture,Computer Organization and Architecture,False,canonical form
enriched::1549,Computer Organization and Architecture,Instruction Set Architecture,Computer Organization and Architecture,False,canonical form
enriched::1551,Computer Organization and Architecture,Instruction Set Architecture,Computer Organization and Architecture,False,canonical form
enriched::1552,Computer Organization and Architecture,Arithmetic,Computer Organization and Architecture,False,canonical form
enriched::1553,Computer Organization and Architecture,Instruction Set Architecture,Computer Organization and Architecture,False,canonical form
enriched::1556,Computer Organization and Architecture,Instruction Set Architecture,Computer Organization and Architecture,False,canonical form
enriched::1557,Computer Organization and Architecture,Instruction Set Architecture,Computer Organization and Architecture,False,canonical form
enriched::1560,Computer Organization and Architecture,Instruction Set Architecture,Computer Organization and Architecture,False,canonical form
enriched::1561,Computer Organization and Architecture,Instruction Set Architecture,Computer Organization and Architecture,False,canonical form
enriched::1562,Computer Organization and Architecture,Instruction Set Architecture,Computer Organization and Architecture,False,canonical form
enriched::1563,Computer Organization and Architecture,Instruction Set Architecture,Computer Organization and Architecture,False,canonical form
enriched::1564,Computer Organization and Architecture,Pipelining,Computer Organization and Architecture,False,canonical form
enriched::1566,Computer Organization and Architecture,Instruction Set Architecture,Computer Organization and Architecture,False,canonical form
enriched::1567,Computer Organization and Architecture,Instruction Set Architecture,Computer Organization and Architecture,False,canonical form
enriched::1568,Computer Organization and Architecture,Pipelining,Computer Organization and Architecture,False,canonical form
enriched::1569,Computer Organization and Architecture,Instruction Set Architecture,Computer Organization and Architecture,False,canonical form
enriched::1570,Computer Organization and Architecture,Arithmetic,Computer Organization and Architecture,False,canonical form
enriched::1571,Computer Organization and Architecture,Instruction Set Architecture,Computer Organization and Architecture,False,canonical form
enriched::1572,Computer Organization and Architecture,Instruction Set Architecture,Computer Organization and Architecture,False,canonical form
enriched::1574,Computer Organization and Architecture,Instruction Set Architecture,Computer Organization and Architecture,False,canonical form
enriched::1575,Computer Organization and Architecture,Arithmetic,Computer Organization and Architecture,False,canonical form
enriched::1576,Computer Organization and Architecture,Instruction Set Architecture,Computer Organization and Architecture,False,canonical form
enriched::1577,Computer Organization and Architecture,Instruction Set Architecture,Computer Organization and Architecture,False,canonical form
enriched::1578,Computer Organization and Architecture,Instruction Set Architecture,Computer Organization and Architecture,False,canonical form
enriched::1580,Computer Organization and Architecture,Instruction Set Architecture,Computer Organization and Architecture,False,canonical form
enriched::1582,Computer Organization and Architecture,Instruction Set Architecture,Computer Organization and Architecture,False,canonical form
enriched::1583,Computer Organization and Architecture,I/O Organization,Computer Organization and Architecture,False,canonical form
enriched::1584,Computer Organization and Architecture,Instruction Set Architecture,Computer Organization and Architecture,False,canonical form
enriched::1585,Computer Organization and Architecture,Instruction Set Architecture,Computer Organization and Architecture,False,canonical form
enriched::1586,Computer Organization and Architecture,COA Concepts,Computer Organization and Architecture,False,canonical form
enriched::1587,Computer Organization and Architecture,I/O Organization,Computer Organization and Architecture,False,canonical form
enriched::1591,Computer Organization and Architecture,I/O Organization,Computer Organization and Architecture,False,canonical form
enriched::1593,Computer Organization and Architecture,Pipelining,Computer Organization and Architecture,False,canonical form
enriched::1594,Computer Organization and Architecture,Instruction Set Architecture,Computer Organization and Architecture,False,canonical form
enriched::1596,Computer Organization and Architecture,COA Concepts,Computer Organization and Architecture,False,canonical form
enriched::1597,Computer Organization and Architecture,Arithmetic,Computer Organization and Architecture,False,canonical form
enriched::1598,Computer Organization and Architecture,I/O Organization,Computer Organization and Architecture,False,canonical form
enriched::1599,Computer Organization and Architecture,Pipelining,Computer Organization and Architecture,False,canonical form
enriched::1600,Computer Organization and Architecture,COA Concepts,Computer Organization and Architecture,False,canonical form
enriched::1602,Computer Organization and Architecture,COA Concepts,Computer Organization and Architecture,False,canonical form
enriched::1604,Computer Organization and Architecture,Pipelining,Computer Organization and Architecture,False,canonical form
enriched::1605,Computer Organization and Architecture,COA Concepts,Computer Organization and Architecture,False,canonical form
enriched::1606,Computer Organization and Architecture,COA Concepts,Computer Organization and Architecture,False,canonical form
enriched::1609,Computer Organization and Architecture,COA Concepts,Computer Organization and Architecture,False,canonical form
enriched::1610,Computer Organization and Architecture,COA Concepts,Computer Organization and Architecture,False,canonical form
enriched::1611,Computer Organization and Architecture,COA Concepts,Computer Organization and Architecture,False,canonical form
enriched::1612,Computer Organization and Architecture,Pipelining,Computer Organization and Architecture,False,canonical form
enriched::1614,Computer Organization and Architecture,COA Concepts,Computer Organization and Architecture,False,canonical form
enriched::1617,Computer Organization and Architecture,Pipelining,Computer Organization and Architecture,False,canonical form
enriched::1618,Computer Organization and Architecture,Pipelining,Computer Organization and Architecture,False,canonical form
enriched::1619,Computer Organization and Architecture,Pipelining,Computer Organization and Architecture,False,canonical form
enriched::1620,Computer Organization and Architecture,Pipelining,Computer Organization and Architecture,False,canonical form
enriched::1621,Computer Organization and Architecture,Pipelining,Computer Organization and Architecture,False,canonical form
enriched::1622,Computer Organization and Architecture,Arithmetic,Computer Organization and Architecture,False,canonical form
enriched::1623,Computer Organization and Architecture,Instruction Set Architecture,Computer Organization and Architecture,False,canonical form
enriched::1624,Computer Organization and Architecture,Pipelining,Computer Organization and Architecture,False,canonical form
enriched::1625,Computer Organization and Architecture,Pipelining,Computer Organization and Architecture,False,canonical form
enriched::1626,Computer Organization and Architecture,Pipelining,Computer Organization and Architecture,False,canonical form
enriched::1627,Computer Organization and Architecture,Pipelining,Computer Organization and Architecture,False,canonical form
enriched::1628,Computer Organization and Architecture,Pipelining,Computer Organization and Architecture,False,canonical form
enriched::1629,Computer Organization and Architecture,Pipelining,Computer Organization and Architecture,False,canonical form
enriched::1631,Computer Organization and Architecture,Pipelining,Computer Organization and Architecture,False,canonical form
enriched::1633,Computer Organization and Architecture,Pipelining,Computer Organization and Architecture,False,canonical form
enriched::1634,Computer Organization and Architecture,COA Concepts,Computer Organization and Architecture,False,canonical form
enriched::1635,Computer Organization and Architecture,Pipelining,Computer Organization and Architecture,False,canonical form
enriched::1636,Computer Organization and Architecture,Pipelining,Computer Organization and Architecture,False,canonical form
enriched::1637,Computer Organization and Architecture,Pipelining,Computer Organization and Architecture,False,canonical form
enriched::1638,Computer Organization and Architecture,Pipelining,Computer Organization and Architecture,False,canonical form
enriched::1639,Computer Organization and Architecture,Pipelining,Computer Organization and Architecture,False,canonical form
enriched::1640,Computer Organization and Architecture,Pipelining,Computer Organization and Architecture,False,canonical form
enriched::1641,Computer Organization and Architecture,Pipelining,Computer Organization and Architecture,False,canonical form
enriched::1642,Computer Organization and Architecture,Pipelining,Computer Organization and Architecture,False,canonical form
enriched::1643,Computer Organization and Architecture,Pipelining,Computer Organization and Architecture,False,canonical form
enriched::1645,Computer Organization and Architecture,Instruction Set Architecture,Computer Organization and Architecture,False,canonical form
enriched::1646,Computer Organization and Architecture,Pipelining,Computer Organization and Architecture,False,canonical form
enriched::1647,Computer Organization and Architecture,Pipelining,Computer Organization and Architecture,False,canonical form
enriched::1648,Computer Organization and Architecture,Pipelining,Computer Organization and Architecture,False,canonical form
enriched::1650,Computer Organization and Architecture,Pipelining,Computer Organization and Architecture,False,canonical form
enriched::1651,Computer Organization and Architecture,Pipelining,Computer Organization and Architecture,False,canonical form
enriched::1652,Computer Organization and Architecture,Pipelining,Computer Organization and Architecture,False,canonical form
enriched::1653,Computer Organization and Architecture,Arithmetic,Computer Organization and Architecture,False,canonical form
enriched::1654,Computer Organization and Architecture,Pipelining,Computer Organization and Architecture,False,canonical form
enriched::1655,Computer Organization and Architecture,Pipelining,Computer Organization and Architecture,False,canonical form
enriched::1656,Computer Organization and Architecture,Pipelining,Computer Organization and Architecture,False,canonical form
enriched::1657,Computer Organization and Architecture,Pipelining,Computer Organization and Architecture,False,canonical form
enriched::1658,Computer Organization and Architecture,Pipelining,Computer Organization and Architecture,False,canonical form
enriched::1659,Computer Organization and Architecture,Arithmetic,Computer Organization and Architecture,False,canonical form
enriched::1660,Computer Organization and Architecture,Pipelining,Computer Organization and Architecture,False,canonical form
enriched::1661,Computer Organization and Architecture,Instruction Set Architecture,Computer Organization and Architecture,False,canonical form
enriched::1663,Computer Organization and Architecture,Pipelining,Computer Organization and Architecture,False,canonical form
enriched::1664,Computer Organization and Architecture,Memory Hierarchy,Computer Organization and Architecture,False,canonical form
enriched::1665,Computer Organization and Architecture,Memory Hierarchy,Computer Organization and Architecture,False,canonical form
enriched::1666,Computer Organization and Architecture,Memory Hierarchy,Computer Organization and Architecture,False,canonical form
enriched::1667,Computer Organization and Architecture,Memory Hierarchy,Computer Organization and Architecture,False,canonical form
enriched::1668,Computer Organization and Architecture,Memory Hierarchy,Computer Organization and Architecture,False,canonical form
enriched::1669,Computer Organization and Architecture,Memory Hierarchy,Computer Organization and Architecture,False,canonical form
enriched::1670,Computer Organization and Architecture,Memory Hierarchy,Computer Organization and Architecture,False,canonical form
enriched::1671,Computer Organization and Architecture,Instruction Set Architecture,Computer Organization and Architecture,False,canonical form
enriched::1672,Computer Organization and Architecture,Instruction Set Architecture,Computer Organization and Architecture,False,canonical form
enriched::1673,Computer Organization and Architecture,Instruction Set Architecture,Computer Organization and Architecture,False,canonical form
enriched::1674,Computer Organization and Architecture,Memory Hierarchy,Computer Organization and Architecture,False,canonical form
enriched::1675,Computer Organization and Architecture,Memory Hierarchy,Computer Organization and Architecture,False,canonical form
enriched::1676,Computer Organization and Architecture,Instruction Set Architecture,Computer Organization and Architecture,False,canonical form
enriched::1677,Computer Organization and Architecture,Memory Hierarchy,Computer Organization and Architecture,False,canonical form
enriched::1678,Computer Organization and Architecture,Memory Hierarchy,Computer Organization and Architecture,False,canonical form
enriched::1679,Computer Organization and Architecture,Memory Hierarchy,Computer Organization and Architecture,False,canonical form
enriched::1680,Computer Organization and Architecture,Memory Hierarchy,Computer Organization and Architecture,False,canonical form
enriched::1681,Computer Organization and Architecture,Instruction Set Architecture,Computer Organization and Architecture,False,canonical form
enriched::1683,Computer Organization and Architecture,Memory Hierarchy,Computer Organization and Architecture,False,canonical form
enriched::1684,Computer Organization and Architecture,Memory Hierarchy,Computer Organization and Architecture,False,canonical form
enriched::1685,Computer Organization and Architecture,Memory Hierarchy,Computer Organization and Architecture,False,canonical form
enriched::1686,Computer Organization and Architecture,Instruction Set Architecture,Computer Organization and Architecture,False,canonical form
enriched::1687,Computer Organization and Architecture,Memory Hierarchy,Computer Organization and Architecture,False,canonical form
enriched::1688,Computer Organization and Architecture,Instruction Set Architecture,Computer Organization and Architecture,False,canonical form
enriched::1689,Computer Organization and Architecture,Memory Hierarchy,Computer Organization and Architecture,False,canonical form
enriched::1690,Computer Organization and Architecture,Memory Hierarchy,Computer Organization and Architecture,False,canonical form
enriched::1691,Computer Organization and Architecture,Instruction Set Architecture,Computer Organization and Architecture,False,canonical form
enriched::1694,Computer Organization and Architecture,Memory Hierarchy,Computer Organization and Architecture,False,canonical form
enriched::1695,Computer Organization and Architecture,Memory Hierarchy,Computer Organization and Architecture,False,canonical form
enriched::1696,Computer Organization and Architecture,Memory Hierarchy,Computer Organization and Architecture,False,canonical form
enriched::1697,Computer Organization and Architecture,Memory Hierarchy,Computer Organization and Architecture,False,canonical form
enriched::1699,Computer Organization and Architecture,Memory Hierarchy,Computer Organization and Architecture,False,canonical form
enriched::1700,Computer Organization and Architecture,Memory Hierarchy,Computer Organization and Architecture,False,canonical form
enriched::1701,Computer Organization and Architecture,Memory Hierarchy,Computer Organization and Architecture,False,canonical form
enriched::1702,Computer Organization and Architecture,Instruction Set Architecture,Computer Organization and Architecture,False,canonical form
enriched::1703,Computer Organization and Architecture,Instruction Set Architecture,Computer Organization and Architecture,False,canonical form
enriched::1704,Computer Organization and Architecture,Instruction Set Architecture,Computer Organization and Architecture,False,canonical form
enriched::1705,Computer Organization and Architecture,COA Concepts,Computer Organization and Architecture,False,canonical form
enriched::1706,Computer Organization and Architecture,Instruction Set Architecture,Computer Organization and Architecture,False,canonical form
enriched::1707,Computer Organization and Architecture,Instruction Set Architecture,Computer Organization and Architecture,False,canonical form
enriched::1708,Computer Organization and Architecture,Instruction Set Architecture,Computer Organization and Architecture,False,canonical form
enriched::1709,Computer Organization and Architecture,COA Concepts,Computer Organization and Architecture,False,canonical form
enriched::1710,Computer Organization and Architecture,Instruction Set Architecture,Computer Organization and Architecture,False,canonical form
enriched::1711,Computer Organization and Architecture,Instruction Set Architecture,Computer Organization and Architecture,False,canonical form
enriched::1712,Computer Organization and Architecture,COA Concepts,Computer Organization and Architecture,False,canonical form
enriched::1714,Computer Organization and Architecture,COA Concepts,Computer Organization and Architecture,False,canonical form
enriched::1715,Computer Organization and Architecture,Instruction Set Architecture,Computer Organization and Architecture,False,canonical form
enriched::1716,Computer Organization and Architecture,Instruction Set Architecture,Computer Organization and Architecture,False,canonical form
enriched::1717,Computer Organization and Architecture,COA Concepts,Computer Organization and Architecture,False,canonical form
enriched::1718,Computer Organization and Architecture,COA Concepts,Computer Organization and Architecture,False,canonical form
enriched::1719,Computer Organization and Architecture,COA Concepts,Computer Organization and Architecture,False,canonical form
enriched::1720,Computer Organization and Architecture,Instruction Set Architecture,Computer Organization and Architecture,False,canonical form
enriched::1721,Computer Organization and Architecture,COA Concepts,Computer Organization and Architecture,False,canonical form
enriched::1723,Computer Organization and Architecture,Arithmetic,Computer Organization and Architecture,False,canonical form
enriched::1726,Computer Organization and Architecture,Arithmetic,Computer Organization and Architecture,False,canonical form
enriched::1728,Computer Organization and Architecture,COA Concepts,Computer Organization and Architecture,False,canonical form
enriched::1730,Computer Organization and Architecture,Arithmetic,Computer Organization and Architecture,False,canonical form
enriched::1732,Computer Organization and Architecture,COA Concepts,Computer Organization and Architecture,False,canonical form
enriched::1733,Computer Organization and Architecture,COA Concepts,Computer Organization and Architecture,False,canonical form
enriched::1734,Computer Organization and Architecture,COA Concepts,Computer Organization and Architecture,False,canonical form
enriched::1735,Computer Organization and Architecture,COA Concepts,Computer Organization and Architecture,False,canonical form
enriched::1736,Computer Organization and Architecture,Instruction Set Architecture,Computer Organization and Architecture,False,canonical form
enriched::1739,Computer Organization and Architecture,COA Concepts,Computer Organization and Architecture,False,canonical form
enriched::1740,Computer Organization and Architecture,COA Concepts,Computer Organization and Architecture,False,canonical form
enriched::1741,Computer Organization and Architecture,Instruction Set Architecture,Computer Organization and Architecture,False,canonical form
enriched::1745,Computer Organization and Architecture,COA Concepts,Computer Organization and Architecture,False,canonical form
enriched::1756,Computer Organization and Architecture,Memory Hierarchy,Computer Organization and Architecture,False,canonical form
enriched::1767,Computer Organization and Architecture,Memory Hierarchy,Computer Organization and Architecture,False,canonical form
enriched::1775,Computer Organization and Architecture,Memory Hierarchy,Computer Organization and Architecture,False,canonical form
enriched::1777,Computer Organization and Architecture,Memory Hierarchy,Computer Organization and Architecture,False,canonical form
enriched::1779,Computer Organization and Architecture,Memory Hierarchy,Computer Organization and Architecture,False,canonical form
enriched::1781,Computer Organization and Architecture,Memory Hierarchy,Computer Organization and Architecture,False,canonical form
enriched::1782,Computer Organization and Architecture,Instruction Set Architecture,Computer Organization and Architecture,False,canonical form
enriched::1783,Computer Organization and Architecture,Memory Hierarchy,Computer Organization and Architecture,False,canonical form
enriched::1784,Computer Organization and Architecture,Memory Hierarchy,Computer Organization and Architecture,False,canonical form
enriched::1785,Computer Organization and Architecture,Memory Hierarchy,Computer Organization and Architecture,False,canonical form
enriched::1787,Computer Organization and Architecture,Memory Hierarchy,Computer Organization and Architecture,False,canonical form
enriched::1788,Computer Organization and Architecture,Memory Hierarchy,Computer Organization and Architecture,False,canonical form
enriched::1789,Computer Organization and Architecture,Memory Hierarchy,Computer Organization and Architecture,False,canonical form
enriched::1790,Computer Organization and Architecture,Memory Hierarchy,Computer Organization and Architecture,False,canonical form
enriched::1791,Computer Organization and Architecture,Memory Hierarchy,Computer Organization and Architecture,False,canonical form
enriched::1792,Computer Organization and Architecture,Memory Hierarchy,Computer Organization and Architecture,False,canonical form
enriched::1793,Computer Organization and Architecture,Memory Hierarchy,Computer Organization and Architecture,False,canonical form
enriched::1796,Computer Organization and Architecture,Memory Hierarchy,Computer Organization and Architecture,False,canonical form
enriched::1800,Computer Organization and Architecture,Arithmetic,Computer Organization and Architecture,False,canonical form
enriched::1801,Digital Logic,Number Systems,Digital Logic,False,canonical form
enriched::1802,Digital Logic,Number Systems,Digital Logic,False,canonical form
enriched::1803,Digital Logic,IEEE 754,Digital Logic,False,canonical form
enriched::1804,Digital Logic,Number Systems,Digital Logic,False,canonical form
enriched::1805,Digital Logic,IEEE 754,Digital Logic,False,canonical form
enriched::1806,Digital Logic,Number Systems,Digital Logic,False,canonical form
enriched::1807,Digital Logic,Number Systems,Digital Logic,False,canonical form
enriched::1808,Digital Logic,Number Systems,Digital Logic,False,canonical form
enriched::1809,Digital Logic,IEEE 754,Digital Logic,False,canonical form
enriched::1810,Digital Logic,Number Systems,Digital Logic,False,canonical form
enriched::1811,Digital Logic,IEEE 754,Digital Logic,False,canonical form
enriched::1812,Digital Logic,Number Systems,Digital Logic,False,canonical form
enriched::1813,Digital Logic,Number Systems,Digital Logic,False,canonical form
enriched::1814,Digital Logic,Number Systems,Digital Logic,False,canonical form
enriched::1815,Digital Logic,Number Systems,Digital Logic,False,canonical form
enriched::1816,Digital Logic,Number Systems,Digital Logic,False,canonical form
enriched::1817,Digital Logic,Number Systems,Digital Logic,False,canonical form
enriched::1818,Digital Logic,Number Systems,Digital Logic,False,canonical form
enriched::1819,Digital Logic,Number Systems,Digital Logic,False,canonical form
enriched::1820,Digital Logic,Number Systems,Digital Logic,False,canonical form
enriched::1821,Digital Logic,Digital Circuits,Digital Logic,False,canonical form
enriched::1822,Digital Logic,Number Systems,Digital Logic,False,canonical form
enriched::1823,Digital Logic,IEEE 754,Digital Logic,False,canonical form
enriched::1824,Digital Logic,Number Systems,Digital Logic,False,canonical form
enriched::1825,Digital Logic,Boolean Algebra,Digital Logic,False,canonical form
enriched::1826,Digital Logic,Boolean Algebra,Digital Logic,False,canonical form
enriched::1827,Digital Logic,IEEE 754,Digital Logic,False,canonical form
enriched::1828,Digital Logic,IEEE 754,Digital Logic,False,canonical form
enriched::1829,Digital Logic,Number Systems,Digital Logic,False,canonical form
enriched::1830,Digital Logic,Number Systems,Digital Logic,False,canonical form
enriched::1831,Digital Logic,Number Systems,Digital Logic,False,canonical form
enriched::1832,Digital Logic,Number Systems,Digital Logic,False,canonical form
enriched::1833,Digital Logic,Number Systems,Digital Logic,False,canonical form
enriched::1834,Digital Logic,Number Systems,Digital Logic,False,canonical form
enriched::1835,Digital Logic,Number Systems,Digital Logic,False,canonical form
enriched::1836,Digital Logic,Number Systems,Digital Logic,False,canonical form
enriched::1837,Digital Logic,Digital Circuits,Digital Logic,False,canonical form
enriched::1839,Digital Logic,Number Systems,Digital Logic,False,canonical form
enriched::1840,Digital Logic,IEEE 754,Digital Logic,False,canonical form
enriched::1841,Digital Logic,IEEE 754,Digital Logic,False,canonical form
enriched::1842,Digital Logic,IEEE 754,Digital Logic,False,canonical form
enriched::1843,Digital Logic,Number Systems,Digital Logic,False,canonical form
enriched::1844,Digital Logic,Number Systems,Digital Logic,False,canonical form
enriched::1845,Digital Logic,Digital Circuits,Digital Logic,False,canonical form
enriched::1846,Digital Logic,Number Systems,Digital Logic,False,canonical form
enriched::1847,Digital Logic,Number Systems,Digital Logic,False,canonical form
enriched::1848,Digital Logic,IEEE 754,Digital Logic,False,canonical form
enriched::1849,Digital Logic,Number Systems,Digital Logic,False,canonical form
enriched::1850,Digital Logic,IEEE 754,Digital Logic,False,canonical form
enriched::1851,Digital Logic,Number Systems,Digital Logic,False,canonical form
enriched::1852,Digital Logic,Digital Circuits,Digital Logic,False,canonical form
enriched::1853,Digital Logic,Number Systems,Digital Logic,False,canonical form
enriched::1854,Digital Logic,Number Systems,Digital Logic,False,canonical form
enriched::1855,Digital Logic,Number Systems,Digital Logic,False,canonical form
enriched::1856,Digital Logic,Number Systems,Digital Logic,False,canonical form
enriched::1857,Digital Logic,Combinational Circuits,Digital Logic,False,canonical form
enriched::1858,Digital Logic,Combinational Circuits,Digital Logic,False,canonical form
enriched::1859,Digital Logic,Combinational Circuits,Digital Logic,False,canonical form
enriched::1860,Digital Logic,Boolean Algebra,Digital Logic,False,canonical form
enriched::1861,Digital Logic,Combinational Circuits,Digital Logic,False,canonical form
enriched::1862,Digital Logic,Combinational Circuits,Digital Logic,False,canonical form
enriched::1863,Digital Logic,Number Systems,Digital Logic,False,canonical form
enriched::1864,Digital Logic,Boolean Algebra,Digital Logic,False,canonical form
enriched::1865,Digital Logic,Combinational Circuits,Digital Logic,False,canonical form
enriched::1866,Digital Logic,Combinational Circuits,Digital Logic,False,canonical form
enriched::1867,Digital Logic,Boolean Algebra,Digital Logic,False,canonical form
enriched::1868,Digital Logic,Combinational Circuits,Digital Logic,False,canonical form
enriched::1869,Digital Logic,Combinational Circuits,Digital Logic,False,canonical form
enriched::1870,Digital Logic,Combinational Circuits,Digital Logic,False,canonical form
enriched::1872,Digital Logic,Combinational Circuits,Digital Logic,False,canonical form
enriched::1878,Digital Logic,Number Systems,Digital Logic,False,canonical form
enriched::1879,Digital Logic,Combinational Circuits,Digital Logic,False,canonical form
enriched::1881,Digital Logic,Sequential Circuits,Digital Logic,False,canonical form
enriched::1882,Digital Logic,Sequential Circuits,Digital Logic,False,canonical form
enriched::1883,Digital Logic,Sequential Circuits,Digital Logic,False,canonical form
enriched::1884,Digital Logic,Sequential Circuits,Digital Logic,False,canonical form
enriched::1885,Digital Logic,Sequential Circuits,Digital Logic,False,canonical form
enriched::1886,Digital Logic,Sequential Circuits,Digital Logic,False,canonical form
enriched::1887,Digital Logic,Sequential Circuits,Digital Logic,False,canonical form
enriched::1888,Digital Logic,Number Systems,Digital Logic,False,canonical form
enriched::1889,Digital Logic,Sequential Circuits,Digital Logic,False,canonical form
enriched::1890,Digital Logic,Digital Circuits,Digital Logic,False,canonical form
enriched::1891,Digital Logic,Sequential Circuits,Digital Logic,False,canonical form
enriched::1892,Digital Logic,Combinational Circuits,Digital Logic,False,canonical form
enriched::1893,Digital Logic,Sequential Circuits,Digital Logic,False,canonical form
enriched::1894,Digital Logic,Combinational Circuits,Digital Logic,False,canonical form
enriched::1895,Digital Logic,Sequential Circuits,Digital Logic,False,canonical form
enriched::1897,Digital Logic,Sequential Circuits,Digital Logic,False,canonical form
enriched::1898,Digital Logic,Digital Circuits,Digital Logic,False,canonical form
enriched::1899,Digital Logic,Combinational Circuits,Digital Logic,False,canonical form
enriched::1900,Digital Logic,Combinational Circuits,Digital Logic,False,canonical form
enriched::1902,Digital Logic,Boolean Algebra,Digital Logic,False,canonical form
enriched::1903,Digital Logic,Combinational Circuits,Digital Logic,False,canonical form
enriched::1904,Digital Logic,Boolean Algebra,Digital Logic,False,canonical form
enriched::1905,Digital Logic,Boolean Algebra,Digital Logic,False,canonical form
enriched::1906,Digital Logic,Combinational Circuits,Digital Logic,False,canonical form
enriched::1907,Digital Logic,Boolean Algebra,Digital Logic,False,canonical form
enriched::1908,Digital Logic,Boolean Algebra,Digital Logic,False,canonical form
enriched::1909,Digital Logic,Boolean Algebra,Digital Logic,False,canonical form
enriched::1910,Digital Logic,Digital Circuits,Digital Logic,False,canonical form
enriched::1911,Digital Logic,Boolean Algebra,Digital Logic,False,canonical form
enriched::1912,Digital Logic,Digital Circuits,Digital Logic,False,canonical form
enriched::1913,Digital Logic,Number Systems,Digital Logic,False,canonical form
enriched::1914,Digital Logic,Boolean Algebra,Digital Logic,False,canonical form
enriched::1915,Digital Logic,Boolean Algebra,Digital Logic,False,canonical form
enriched::1917,Digital Logic,Boolean Algebra,Digital Logic,False,canonical form
enriched::1918,Digital Logic,Boolean Algebra,Digital Logic,False,canonical form
enriched::1919,Digital Logic,Boolean Algebra,Digital Logic,False,canonical form
enriched::1920,Digital Logic,Digital Circuits,Digital Logic,False,canonical form
enriched::1921,Digital Logic,Combinational Circuits,Digital Logic,False,canonical form
enriched::1922,Digital Logic,Digital Circuits,Digital Logic,False,canonical form
enriched::1923,Digital Logic,Boolean Algebra,Digital Logic,False,canonical form
enriched::1925,Digital Logic,Combinational Circuits,Digital Logic,False,canonical form
enriched::1926,Digital Logic,Boolean Algebra,Digital Logic,False,canonical form
enriched::1927,Digital Logic,Combinational Circuits,Digital Logic,False,canonical form
enriched::1929,Digital Logic,Boolean Algebra,Digital Logic,False,canonical form
enriched::1930,Digital Logic,Boolean Algebra,Digital Logic,False,canonical form
enriched::1931,Digital Logic,Number Systems,Digital Logic,False,canonical form
enriched::1932,Digital Logic,Boolean Algebra,Digital Logic,False,canonical form
enriched::1933,Digital Logic,Number Systems,Digital Logic,False,canonical form
enriched::1934,Digital Logic,Number Systems,Digital Logic,False,canonical form
enriched::1935,Digital Logic,Number Systems,Digital Logic,False,canonical form
enriched::1936,Digital Logic,Boolean Algebra,Digital Logic,False,canonical form
enriched::1937,Digital Logic,IEEE 754,Digital Logic,False,canonical form
enriched::1938,Digital Logic,Number Systems,Digital Logic,False,canonical form
enriched::1939,Digital Logic,Number Systems,Digital Logic,False,canonical form
enriched::1940,Digital Logic,Number Systems,Digital Logic,False,canonical form
enriched::1941,Digital Logic,Number Systems,Digital Logic,False,canonical form
enriched::1942,Digital Logic,Number Systems,Digital Logic,False,canonical form
enriched::1943,Digital Logic,Digital Circuits,Digital Logic,False,canonical form
enriched::1944,Digital Logic,Number Systems,Digital Logic,False,canonical form
enriched::1945,Digital Logic,Number Systems,Digital Logic,False,canonical form
enriched::1946,Digital Logic,Digital Circuits,Digital Logic,False,canonical form
enriched::1947,Digital Logic,Number Systems,Digital Logic,False,canonical form
enriched::1948,Digital Logic,Number Systems,Digital Logic,False,canonical form
enriched::1949,Digital Logic,Number Systems,Digital Logic,False,canonical form
enriched::1950,Digital Logic,Number Systems,Digital Logic,False,canonical form
enriched::1951,Digital Logic,Number Systems,Digital Logic,False,canonical form
enriched::1952,Digital Logic,Boolean Algebra,Digital Logic,False,canonical form
enriched::1953,Digital Logic,Number Systems,Digital Logic,False,canonical form
enriched::1954,Digital Logic,Boolean Algebra,Digital Logic,False,canonical form
enriched::1956,Digital Logic,Boolean Algebra,Digital Logic,False,canonical form
enriched::1957,Digital Logic,Number Systems,Digital Logic,False,canonical form
enriched::1958,Digital Logic,Boolean Algebra,Digital Logic,False,canonical form
enriched::1959,Digital Logic,Number Systems,Digital Logic,False,canonical form
enriched::1960,Digital Logic,Boolean Algebra,Digital Logic,False,canonical form
enriched::1961,Digital Logic,Boolean Algebra,Digital Logic,False,canonical form
enriched::1963,Digital Logic,Number Systems,Digital Logic,False,canonical form
enriched::1964,Digital Logic,Boolean Algebra,Digital Logic,False,canonical form
enriched::1965,Digital Logic,Number Systems,Digital Logic,False,canonical form
enriched::1966,Digital Logic,Combinational Circuits,Digital Logic,False,canonical form
enriched::1967,Digital Logic,Number Systems,Digital Logic,False,canonical form
enriched::1968,Digital Logic,Boolean Algebra,Digital Logic,False,canonical form
enriched::1969,Digital Logic,Digital Circuits,Digital Logic,False,canonical form
enriched::1971,Digital Logic,Boolean Algebra,Digital Logic,False,canonical form
enriched::1972,Digital Logic,Boolean Algebra,Digital Logic,False,canonical form
enriched::1973,Digital Logic,Boolean Algebra,Digital Logic,False,canonical form
enriched::1975,Digital Logic,Digital Circuits,Digital Logic,False,canonical form
enriched::1976,Digital Logic,Boolean Algebra,Digital Logic,False,canonical form
enriched::1977,Digital Logic,Boolean Algebra,Digital Logic,False,canonical form
enriched::1978,Digital Logic,Digital Circuits,Digital Logic,False,canonical form
enriched::1979,Digital Logic,Digital Circuits,Digital Logic,False,canonical form
enriched::1980,Digital Logic,Boolean Algebra,Digital Logic,False,canonical form
enriched::1981,Digital Logic,Boolean Algebra,Digital Logic,False,canonical form
enriched::1982,Digital Logic,Combinational Circuits,Digital Logic,False,canonical form
enriched::1983,Digital Logic,Combinational Circuits,Digital Logic,False,canonical form
enriched::1984,Digital Logic,Boolean Algebra,Digital Logic,False,canonical form
enriched::1985,Digital Logic,Boolean Algebra,Digital Logic,False,canonical form
enriched::1986,Digital Logic,Digital Circuits,Digital Logic,False,canonical form
enriched::1987,Digital Logic,Boolean Algebra,Digital Logic,False,canonical form
enriched::1988,Digital Logic,Combinational Circuits,Digital Logic,False,canonical form
enriched::1989,Digital Logic,Digital Circuits,Digital Logic,False,canonical form
enriched::1990,Digital Logic,Digital Circuits,Digital Logic,False,canonical form
enriched::1991,Digital Logic,Boolean Algebra,Digital Logic,False,canonical form
enriched::1992,Digital Logic,Boolean Algebra,Digital Logic,False,canonical form
enriched::1993,Digital Logic,Boolean Algebra,Digital Logic,False,canonical form
enriched::1994,Digital Logic,Combinational Circuits,Digital Logic,False,canonical form
enriched::1995,Digital Logic,Digital Circuits,Digital Logic,False,canonical form
enriched::1996,Digital Logic,Boolean Algebra,Digital Logic,False,canonical form
enriched::1997,Digital Logic,Boolean Algebra,Digital Logic,False,canonical form
enriched::1998,Digital Logic,Boolean Algebra,Digital Logic,False,canonical form
enriched::2000,Digital Logic,Boolean Algebra,Digital Logic,False,canonical form
enriched::2001,Digital Logic,Boolean Algebra,Digital Logic,False,canonical form
enriched::2002,Digital Logic,Programmable Logic,Digital Logic,False,canonical form
enriched::2003,Digital Logic,Boolean Algebra,Digital Logic,False,canonical form
enriched::2004,Digital Logic,Boolean Algebra,Digital Logic,False,canonical form
enriched::2005,Digital Logic,Boolean Algebra,Digital Logic,False,canonical form
enriched::2006,Digital Logic,Boolean Algebra,Digital Logic,False,canonical form
enriched::2007,Digital Logic,Boolean Algebra,Digital Logic,False,canonical form
enriched::2008,Digital Logic,Boolean Algebra,Digital Logic,False,canonical form
enriched::2009,Digital Logic,Boolean Algebra,Digital Logic,False,canonical form
enriched::2010,Digital Logic,Combinational Circuits,Digital Logic,False,canonical form
enriched::2011,Digital Logic,Number Systems,Digital Logic,False,canonical form
enriched::2012,Digital Logic,Combinational Circuits,Digital Logic,False,canonical form
enriched::2013,Digital Logic,Combinational Circuits,Digital Logic,False,canonical form
enriched::2014,Digital Logic,Combinational Circuits,Digital Logic,False,canonical form
enriched::2015,Digital Logic,Number Systems,Digital Logic,False,canonical form
enriched::2016,Digital Logic,Combinational Circuits,Digital Logic,False,canonical form
enriched::2017,Digital Logic,Digital Circuits,Digital Logic,False,canonical form
enriched::2018,Digital Logic,Combinational Circuits,Digital Logic,False,canonical form
enriched::2019,Digital Logic,Digital Circuits,Digital Logic,False,canonical form
enriched::2020,Digital Logic,Combinational Circuits,Digital Logic,False,canonical form
enriched::2021,Digital Logic,Digital Circuits,Digital Logic,False,canonical form
enriched::2022,Digital Logic,Combinational Circuits,Digital Logic,False,canonical form
enriched::2023,Digital Logic,Number Systems,Digital Logic,False,canonical form
enriched::2024,Digital Logic,Digital Circuits,Digital Logic,False,canonical form
enriched::2025,Digital Logic,Number Systems,Digital Logic,False,canonical form
enriched::2026,Digital Logic,Number Systems,Digital Logic,False,canonical form
enriched::2027,Digital Logic,Boolean Algebra,Digital Logic,False,canonical form
enriched::2028,Digital Logic,Digital Circuits,Digital Logic,False,canonical form
enriched::2029,Digital Logic,Number Systems,Digital Logic,False,canonical form
enriched::2030,Digital Logic,Combinational Circuits,Digital Logic,False,canonical form
enriched::2031,Digital Logic,Combinational Circuits,Digital Logic,False,canonical form
enriched::2032,Digital Logic,Combinational Circuits,Digital Logic,False,canonical form
enriched::2034,Digital Logic,Combinational Circuits,Digital Logic,False,canonical form
enriched::2035,Digital Logic,Programmable Logic,Digital Logic,False,canonical form
enriched::2036,Digital Logic,Combinational Circuits,Digital Logic,False,canonical form
enriched::2037,Digital Logic,Combinational Circuits,Digital Logic,False,canonical form
enriched::2038,Digital Logic,Combinational Circuits,Digital Logic,False,canonical form
enriched::2039,Digital Logic,Sequential Circuits,Digital Logic,False,canonical form
enriched::2041,Digital Logic,Sequential Circuits,Digital Logic,False,canonical form
enriched::2042,Digital Logic,Sequential Circuits,Digital Logic,False,canonical form
enriched::2043,Digital Logic,Sequential Circuits,Digital Logic,False,canonical form
enriched::2044,Digital Logic,Sequential Circuits,Digital Logic,False,canonical form
enriched::2045,Digital Logic,Sequential Circuits,Digital Logic,False,canonical form
enriched::2046,Digital Logic,Sequential Circuits,Digital Logic,False,canonical form
enriched::2048,Digital Logic,Sequential Circuits,Digital Logic,False,canonical form
enriched::2049,Digital Logic,Digital Circuits,Digital Logic,False,canonical form
enriched::2050,Digital Logic,Sequential Circuits,Digital Logic,False,canonical form
enriched::2051,Digital Logic,Sequential Circuits,Digital Logic,False,canonical form
enriched::2052,Digital Logic,Sequential Circuits,Digital Logic,False,canonical form
enriched::2053,Digital Logic,Sequential Circuits,Digital Logic,False,canonical form
enriched::2054,Digital Logic,Sequential Circuits,Digital Logic,False,canonical form
enriched::2055,Digital Logic,Sequential Circuits,Digital Logic,False,canonical form
enriched::2056,Digital Logic,Sequential Circuits,Digital Logic,False,canonical form
enriched::2057,Digital Logic,Number Systems,Digital Logic,False,canonical form
enriched::2058,Digital Logic,Sequential Circuits,Digital Logic,False,canonical form
enriched::2059,Digital Logic,Sequential Circuits,Digital Logic,False,canonical form
enriched::2060,Digital Logic,Sequential Circuits,Digital Logic,False,canonical form
enriched::2062,Digital Logic,Number Systems,Digital Logic,False,canonical form
enriched::2064,Digital Logic,Sequential Circuits,Digital Logic,False,canonical form
enriched::2065,Digital Logic,Sequential Circuits,Digital Logic,False,canonical form
enriched::2066,Digital Logic,Sequential Circuits,Digital Logic,False,canonical form
enriched::2067,Digital Logic,Programmable Logic,Digital Logic,False,canonical form
enriched::2068,Digital Logic,Sequential Circuits,Digital Logic,False,canonical form
enriched::2069,Digital Logic,Number Systems,Digital Logic,False,canonical form
enriched::2070,Digital Logic,Sequential Circuits,Digital Logic,False,canonical form
enriched::2071,Digital Logic,Sequential Circuits,Digital Logic,False,canonical form
enriched::2072,Digital Logic,Sequential Circuits,Digital Logic,False,canonical form
enriched::2073,Digital Logic,Sequential Circuits,Digital Logic,False,canonical form
enriched::2074,Digital Logic,Sequential Circuits,Digital Logic,False,canonical form
enriched::2075,Digital Logic,Combinational Circuits,Digital Logic,False,canonical form
enriched::2076,Digital Logic,Sequential Circuits,Digital Logic,False,canonical form
enriched::2078,Digital Logic,Sequential Circuits,Digital Logic,False,canonical form
enriched::2079,Digital Logic,Number Systems,Digital Logic,False,canonical form
enriched::2080,Digital Logic,Sequential Circuits,Digital Logic,False,canonical form
enriched::2081,Digital Logic,Digital Circuits,Digital Logic,False,canonical form
enriched::2082,Digital Logic,Sequential Circuits,Digital Logic,False,canonical form
enriched::2083,Digital Logic,Combinational Circuits,Digital Logic,False,canonical form
enriched::2084,Digital Logic,Sequential Circuits,Digital Logic,False,canonical form
enriched::2085,Digital Logic,Boolean Algebra,Digital Logic,False,canonical form
enriched::2086,Digital Logic,Digital Circuits,Digital Logic,False,canonical form
enriched::2087,Digital Logic,Combinational Circuits,Digital Logic,False,canonical form
enriched::2088,Digital Logic,Boolean Algebra,Digital Logic,False,canonical form
enriched::2089,Digital Logic,Digital Circuits,Digital Logic,False,canonical form
enriched::2090,Digital Logic,Sequential Circuits,Digital Logic,False,canonical form
enriched::2091,Digital Logic,Digital Circuits,Digital Logic,False,canonical form
enriched::2092,Digital Logic,Programmable Logic,Digital Logic,False,canonical form
enriched::2093,Digital Logic,Sequential Circuits,Digital Logic,False,canonical form
enriched::2094,Digital Logic,Digital Circuits,Digital Logic,False,canonical form
enriched::2095,Digital Logic,Sequential Circuits,Digital Logic,False,canonical form
enriched::2096,Digital Logic,Boolean Algebra,Digital Logic,False,canonical form
enriched::2097,Digital Logic,Combinational Circuits,Digital Logic,False,canonical form
enriched::2098,Digital Logic,Sequential Circuits,Digital Logic,False,canonical form
enriched::2099,Digital Logic,Sequential Circuits,Digital Logic,False,canonical form
enriched::2101,Theory of Computation,Regular Languages,Theory of Computation,False,canonical form
enriched::2102,Theory of Computation,Regular Languages,Theory of Computation,False,canonical form
enriched::2103,Theory of Computation,Formal Languages,Theory of Computation,False,canonical form
enriched::2104,Theory of Computation,Regular Languages,Theory of Computation,False,canonical form
enriched::2105,Theory of Computation,Regular Languages,Theory of Computation,False,canonical form
enriched::2106,Theory of Computation,Regular Languages,Theory of Computation,False,canonical form
enriched::2108,Theory of Computation,Formal Languages,Theory of Computation,False,canonical form
enriched::2109,Theory of Computation,Context-Free Languages,Theory of Computation,False,canonical form
enriched::2110,Theory of Computation,Regular Languages,Theory of Computation,False,canonical form
enriched::2111,Theory of Computation,Regular Languages,Theory of Computation,False,canonical form
enriched::2112,Theory of Computation,Regular Languages,Theory of Computation,False,canonical form
enriched::2113,Theory of Computation,Regular Languages,Theory of Computation,False,canonical form
enriched::2114,Theory of Computation,Context-Free Languages,Theory of Computation,False,canonical form
enriched::2115,Theory of Computation,Regular Languages,Theory of Computation,False,canonical form
enriched::2116,Theory of Computation,Regular Languages,Theory of Computation,False,canonical form
enriched::2117,Theory of Computation,Regular Languages,Theory of Computation,False,canonical form
enriched::2118,Theory of Computation,Regular Languages,Theory of Computation,False,canonical form
enriched::2119,Theory of Computation,Regular Languages,Theory of Computation,False,canonical form
enriched::2120,Theory of Computation,Regular Languages,Theory of Computation,False,canonical form
enriched::2121,Theory of Computation,Regular Languages,Theory of Computation,False,canonical form
enriched::2122,Theory of Computation,Regular Languages,Theory of Computation,False,canonical form
enriched::2123,Theory of Computation,Regular Languages,Theory of Computation,False,canonical form
enriched::2125,Theory of Computation,Regular Languages,Theory of Computation,False,canonical form
enriched::2126,Theory of Computation,Context-Free Languages,Theory of Computation,False,canonical form
enriched::2127,Theory of Computation,Regular Languages,Theory of Computation,False,canonical form
enriched::2128,Theory of Computation,Regular Languages,Theory of Computation,False,canonical form
enriched::2129,Theory of Computation,Regular Languages,Theory of Computation,False,canonical form
enriched::2130,Theory of Computation,Regular Languages,Theory of Computation,False,canonical form
enriched::2131,Theory of Computation,Regular Languages,Theory of Computation,False,canonical form
enriched::2132,Theory of Computation,Regular Languages,Theory of Computation,False,canonical form
enriched::2133,Theory of Computation,Turing Machines,Theory of Computation,False,canonical form
enriched::2134,Theory of Computation,Regular Languages,Theory of Computation,False,canonical form
enriched::2135,Theory of Computation,Turing Machines,Theory of Computation,False,canonical form
enriched::2136,Theory of Computation,Turing Machines,Theory of Computation,False,canonical form
enriched::2137,Theory of Computation,Regular Languages,Theory of Computation,False,canonical form
enriched::2138,Theory of Computation,Turing Machines,Theory of Computation,False,canonical form
enriched::2139,Theory of Computation,Regular Languages,Theory of Computation,False,canonical form
enriched::2140,Theory of Computation,Turing Machines,Theory of Computation,False,canonical form
enriched::2141,Theory of Computation,Regular Languages,Theory of Computation,False,canonical form
enriched::2142,Theory of Computation,Regular Languages,Theory of Computation,False,canonical form
enriched::2143,Theory of Computation,Regular Languages,Theory of Computation,False,canonical form
enriched::2144,Theory of Computation,Regular Languages,Theory of Computation,False,canonical form
enriched::2145,Theory of Computation,Context-Free Languages,Theory of Computation,False,canonical form
enriched::2146,Theory of Computation,Regular Languages,Theory of Computation,False,canonical form
enriched::2147,Theory of Computation,Regular Languages,Theory of Computation,False,canonical form
enriched::2148,Theory of Computation,Decidability,Theory of Computation,False,canonical form
enriched::2149,Theory of Computation,Decidability,Theory of Computation,False,canonical form
enriched::2150,Theory of Computation,Regular Languages,Theory of Computation,False,canonical form
enriched::2151,Theory of Computation,Regular Languages,Theory of Computation,False,canonical form
enriched::2152,Theory of Computation,Decidability,Theory of Computation,False,canonical form
enriched::2153,Theory of Computation,Decidability,Theory of Computation,False,canonical form
enriched::2154,Theory of Computation,Regular Languages,Theory of Computation,False,canonical form
enriched::2155,Theory of Computation,Decidability,Theory of Computation,False,canonical form
enriched::2156,Theory of Computation,Formal Languages,Theory of Computation,False,canonical form
enriched::2157,Theory of Computation,Regular Languages,Theory of Computation,False,canonical form
enriched::2158,Theory of Computation,Decidability,Theory of Computation,False,canonical form
enriched::2159,Theory of Computation,Regular Languages,Theory of Computation,False,canonical form
enriched::2160,Theory of Computation,Regular Languages,Theory of Computation,False,canonical form
enriched::2161,Theory of Computation,Regular Languages,Theory of Computation,False,canonical form
enriched::2162,Theory of Computation,Context-Free Languages,Theory of Computation,False,canonical form
enriched::2163,Theory of Computation,Context-Free Languages,Theory of Computation,False,canonical form
enriched::2164,Theory of Computation,Context-Free Languages,Theory of Computation,False,canonical form
enriched::2165,Theory of Computation,Regular Languages,Theory of Computation,False,canonical form
enriched::2166,Theory of Computation,Context-Free Languages,Theory of Computation,False,canonical form
enriched::2167,Theory of Computation,Context-Free Languages,Theory of Computation,False,canonical form
enriched::2168,Theory of Computation,Context-Free Languages,Theory of Computation,False,canonical form
enriched::2169,Theory of Computation,Regular Languages,Theory of Computation,False,canonical form
enriched::2170,Theory of Computation,Context-Free Languages,Theory of Computation,False,canonical form
enriched::2172,Theory of Computation,Context-Free Languages,Theory of Computation,False,canonical form
enriched::2173,Theory of Computation,Context-Free Languages,Theory of Computation,False,canonical form
enriched::2174,Theory of Computation,Context-Free Languages,Theory of Computation,False,canonical form
enriched::2175,Theory of Computation,Context-Free Languages,Theory of Computation,False,canonical form
enriched::2176,Theory of Computation,Regular Languages,Theory of Computation,False,canonical form
enriched::2177,Theory of Computation,Context-Free Languages,Theory of Computation,False,canonical form
enriched::2178,Theory of Computation,Context-Free Languages,Theory of Computation,False,canonical form
enriched::2179,Theory of Computation,Regular Languages,Theory of Computation,False,canonical form
enriched::2180,Theory of Computation,Context-Free Languages,Theory of Computation,False,canonical form
enriched::2181,Theory of Computation,Context-Free Languages,Theory of Computation,False,canonical form
enriched::2182,Theory of Computation,Context-Free Languages,Theory of Computation,False,canonical form
enriched::2183,Theory of Computation,Context-Free Languages,Theory of Computation,False,canonical form
enriched::2184,Theory of Computation,Formal Languages,Theory of Computation,False,canonical form
enriched::2185,Theory of Computation,Regular Languages,Theory of Computation,False,canonical form
enriched::2186,Theory of Computation,Regular Languages,Theory of Computation,False,canonical form
enriched::2187,Theory of Computation,Decidability,Theory of Computation,False,canonical form
enriched::2188,Theory of Computation,Regular Languages,Theory of Computation,False,canonical form
enriched::2189,Theory of Computation,Context-Free Languages,Theory of Computation,False,canonical form
enriched::2191,Theory of Computation,Regular Languages,Theory of Computation,False,canonical form
enriched::2192,Theory of Computation,Context-Free Languages,Theory of Computation,False,canonical form
enriched::2193,Theory of Computation,Formal Languages,Theory of Computation,False,canonical form
enriched::2194,Theory of Computation,Decidability,Theory of Computation,False,canonical form
enriched::2195,Theory of Computation,Regular Languages,Theory of Computation,False,canonical form
enriched::2196,Theory of Computation,Regular Languages,Theory of Computation,False,canonical form
enriched::2197,Theory of Computation,Context-Free Languages,Theory of Computation,False,canonical form
enriched::2198,Theory of Computation,Regular Languages,Theory of Computation,False,canonical form
enriched::2199,Theory of Computation,Decidability,Theory of Computation,False,canonical form
enriched::2200,Theory of Computation,Regular Languages,Theory of Computation,False,canonical form
enriched::2201,Theory of Computation,Regular Languages,Theory of Computation,False,canonical form
enriched::2202,Theory of Computation,Regular Languages,Theory of Computation,False,canonical form
enriched::2203,Theory of Computation,Formal Languages,Theory of Computation,False,canonical form
enriched::2204,Theory of Computation,Regular Languages,Theory of Computation,False,canonical form
enriched::2205,Theory of Computation,Formal Languages,Theory of Computation,False,canonical form
enriched::2206,Theory of Computation,Decidability,Theory of Computation,False,canonical form
enriched::2207,Theory of Computation,Regular Languages,Theory of Computation,False,canonical form
enriched::2208,Theory of Computation,Regular Languages,Theory of Computation,False,canonical form
enriched::2209,Theory of Computation,Regular Languages,Theory of Computation,False,canonical form
enriched::2210,Theory of Computation,Regular Languages,Theory of Computation,False,canonical form
enriched::2211,Theory of Computation,Regular Languages,Theory of Computation,False,canonical form
enriched::2212,Theory of Computation,Regular Languages,Theory of Computation,False,canonical form
enriched::2213,Theory of Computation,Regular Languages,Theory of Computation,False,canonical form
enriched::2214,Theory of Computation,Regular Languages,Theory of Computation,False,canonical form
enriched::2215,Theory of Computation,Regular Languages,Theory of Computation,False,canonical form
enriched::2216,Theory of Computation,Regular Languages,Theory of Computation,False,canonical form
enriched::2217,Theory of Computation,Context-Free Languages,Theory of Computation,False,canonical form
enriched::2218,Theory of Computation,Regular Languages,Theory of Computation,False,canonical form
enriched::2219,Theory of Computation,Regular Languages,Theory of Computation,False,canonical form
enriched::2220,Theory of Computation,Formal Languages,Theory of Computation,False,canonical form
enriched::2221,Theory of Computation,Regular Languages,Theory of Computation,False,canonical form
enriched::2222,Theory of Computation,Regular Languages,Theory of Computation,False,canonical form
enriched::2226,Theory of Computation,Formal Languages,Theory of Computation,False,canonical form
enriched::2227,Theory of Computation,Context-Free Languages,Theory of Computation,False,canonical form
enriched::2228,Theory of Computation,Regular Languages,Theory of Computation,False,canonical form
enriched::2229,Theory of Computation,Context-Free Languages,Theory of Computation,False,canonical form
enriched::2230,Theory of Computation,Regular Languages,Theory of Computation,False,canonical form
enriched::2231,Theory of Computation,Regular Languages,Theory of Computation,False,canonical form
enriched::2232,Theory of Computation,Context-Free Languages,Theory of Computation,False,canonical form
enriched::2233,Theory of Computation,Regular Languages,Theory of Computation,False,canonical form
enriched::2234,Theory of Computation,Regular Languages,Theory of Computation,False,canonical form
enriched::2235,Theory of Computation,Regular Languages,Theory of Computation,False,canonical form
enriched::2237,Theory of Computation,Context-Free Languages,Theory of Computation,False,canonical form
enriched::2238,Theory of Computation,Regular Languages,Theory of Computation,False,canonical form
enriched::2239,Theory of Computation,Complexity Theory,Theory of Computation,False,canonical form
enriched::2240,Theory of Computation,Decidability,Theory of Computation,False,canonical form
enriched::2241,Theory of Computation,Turing Machines,Theory of Computation,False,canonical form
enriched::2242,Theory of Computation,Regular Languages,Theory of Computation,False,canonical form
enriched::2243,Theory of Computation,Regular Languages,Theory of Computation,False,canonical form
enriched::2244,Theory of Computation,Regular Languages,Theory of Computation,False,canonical form
enriched::2245,Theory of Computation,Regular Languages,Theory of Computation,False,canonical form
enriched::2246,Theory of Computation,Regular Languages,Theory of Computation,False,canonical form
enriched::2247,Theory of Computation,Regular Languages,Theory of Computation,False,canonical form
enriched::2248,Theory of Computation,Regular Languages,Theory of Computation,False,canonical form
enriched::2249,Theory of Computation,Regular Languages,Theory of Computation,False,canonical form
enriched::2250,Theory of Computation,Regular Languages,Theory of Computation,False,canonical form
enriched::2251,Theory of Computation,Turing Machines,Theory of Computation,False,canonical form
enriched::2252,Theory of Computation,Decidability,Theory of Computation,False,canonical form
enriched::2253,Theory of Computation,Decidability,Theory of Computation,False,canonical form
enriched::2254,Theory of Computation,Regular Languages,Theory of Computation,False,canonical form
enriched::2255,Theory of Computation,Decidability,Theory of Computation,False,canonical form
enriched::2256,Theory of Computation,Regular Languages,Theory of Computation,False,canonical form
enriched::2257,Theory of Computation,Decidability,Theory of Computation,False,canonical form
enriched::2258,Theory of Computation,Regular Languages,Theory of Computation,False,canonical form
enriched::2259,Theory of Computation,Regular Languages,Theory of Computation,False,canonical form
enriched::2261,Theory of Computation,Regular Languages,Theory of Computation,False,canonical form
enriched::2264,Theory of Computation,Regular Languages,Theory of Computation,False,canonical form
enriched::2265,Theory of Computation,Regular Languages,Theory of Computation,False,canonical form
enriched::2268,Theory of Computation,Regular Languages,Theory of Computation,False,canonical form
enriched::2270,Theory of Computation,Regular Languages,Theory of Computation,False,canonical form
enriched::2271,Theory of Computation,Regular Languages,Theory of Computation,False,canonical form
enriched::2275,Theory of Computation,Regular Languages,Theory of Computation,False,canonical form
enriched::2277,Theory of Computation,Regular Languages,Theory of Computation,False,canonical form
enriched::2278,Theory of Computation,Regular Languages,Theory of Computation,False,canonical form
enriched::2279,Theory of Computation,Regular Languages,Theory of Computation,False,canonical form
enriched::2280,Theory of Computation,Regular Languages,Theory of Computation,False,canonical form
enriched::2281,Theory of Computation,Context-Free Languages,Theory of Computation,False,canonical form
enriched::2282,Theory of Computation,Regular Languages,Theory of Computation,False,canonical form
enriched::2284,Theory of Computation,Regular Languages,Theory of Computation,False,canonical form
enriched::2286,Theory of Computation,Regular Languages,Theory of Computation,False,canonical form
enriched::2290,Theory of Computation,Regular Languages,Theory of Computation,False,canonical form
enriched::2291,Theory of Computation,Regular Languages,Theory of Computation,False,canonical form
enriched::2296,Theory of Computation,Regular Languages,Theory of Computation,False,canonical form
enriched::2297,Theory of Computation,Regular Languages,Theory of Computation,False,canonical form
enriched::2299,Theory of Computation,Regular Languages,Theory of Computation,False,canonical form
enriched::2301,Theory of Computation,Regular Languages,Theory of Computation,False,canonical form
enriched::2303,Theory of Computation,Regular Languages,Theory of Computation,False,canonical form
enriched::2307,Theory of Computation,Regular Languages,Theory of Computation,False,canonical form
enriched::2319,Theory of Computation,Context-Free Languages,Theory of Computation,False,canonical form
enriched::2321,Theory of Computation,Context-Free Languages,Theory of Computation,False,canonical form
enriched::2322,Theory of Computation,Context-Free Languages,Theory of Computation,False,canonical form
enriched::2326,Theory of Computation,Context-Free Languages,Theory of Computation,False,canonical form
enriched::2331,Theory of Computation,Context-Free Languages,Theory of Computation,False,canonical form
enriched::2338,Theory of Computation,Context-Free Languages,Theory of Computation,False,canonical form
enriched::2339,Theory of Computation,Regular Languages,Theory of Computation,False,canonical form
enriched::2340,Theory of Computation,Context-Free Languages,Theory of Computation,False,canonical form
enriched::2342,Theory of Computation,Context-Free Languages,Theory of Computation,False,canonical form
enriched::2344,Theory of Computation,Turing Machines,Theory of Computation,False,canonical form
enriched::2345,Theory of Computation,Regular Languages,Theory of Computation,False,canonical form
enriched::2348,Theory of Computation,Turing Machines,Theory of Computation,False,canonical form
enriched::2350,Theory of Computation,Turing Machines,Theory of Computation,False,canonical form
enriched::2351,Theory of Computation,Turing Machines,Theory of Computation,False,canonical form
enriched::2353,Theory of Computation,Turing Machines,Theory of Computation,False,canonical form
enriched::2358,Theory of Computation,Turing Machines,Theory of Computation,False,canonical form
enriched::2361,Theory of Computation,Turing Machines,Theory of Computation,False,canonical form
enriched::2364,Theory of Computation,Decidability,Theory of Computation,False,canonical form
enriched::2366,Theory of Computation,Turing Machines,Theory of Computation,False,canonical form
enriched::2369,Theory of Computation,Formal Languages,Theory of Computation,False,canonical form
enriched::2371,Theory of Computation,Decidability,Theory of Computation,False,canonical form
enriched::2373,Theory of Computation,Formal Languages,Theory of Computation,False,canonical form
enriched::2374,Theory of Computation,Formal Languages,Theory of Computation,False,canonical form
enriched::2376,Theory of Computation,Decidability,Theory of Computation,False,canonical form
enriched::2377,Theory of Computation,Decidability,Theory of Computation,False,canonical form
enriched::2378,Theory of Computation,Turing Machines,Theory of Computation,False,canonical form
enriched::2380,Theory of Computation,Decidability,Theory of Computation,False,canonical form
enriched::2385,Theory of Computation,Context-Free Languages,Theory of Computation,False,canonical form
enriched::2386,Theory of Computation,Decidability,Theory of Computation,False,canonical form
enriched::2388,Theory of Computation,Decidability,Theory of Computation,False,canonical form
enriched::2389,Theory of Computation,Regular Languages,Theory of Computation,False,canonical form
enriched::2392,Theory of Computation,Turing Machines,Theory of Computation,False,canonical form
enriched::2395,Theory of Computation,Context-Free Languages,Theory of Computation,False,canonical form
enriched::2397,Theory of Computation,Decidability,Theory of Computation,False,canonical form
enriched::2398,Theory of Computation,Turing Machines,Theory of Computation,False,canonical form
enriched::2399,Theory of Computation,Regular Languages,Theory of Computation,False,canonical form
isro_w_cover::1.1.1,Programming and Data Structure,Algorithms,Programming and Data Structures,False,case/pluralization dupe
isro_w_cover::1.1.2,Programming and Data Structure,Algorithms,Programming and Data Structures,False,case/pluralization dupe
isro_w_cover::1.2.3,Programming and Data Structure,Algorithms,Programming and Data Structures,False,case/pluralization dupe
isro_w_cover::1.2.4,Programming and Data Structure,Algorithms,Programming and Data Structures,False,case/pluralization dupe
isro_w_cover::1.2.5,Programming and Data Structure,Algorithms,Programming and Data Structures,False,case/pluralization dupe
isro_w_cover::1.3.1,Programming and Data Structure,Algorithms,Programming and Data Structures,False,case/pluralization dupe
isro_w_cover::1.3.2,Programming and Data Structure,Algorithms,Programming and Data Structures,False,case/pluralization dupe
isro_w_cover::1.4.1,Programming and Data Structure,Algorithms,Programming and Data Structures,False,case/pluralization dupe
isro_w_cover::1.4.2,Programming and Data Structure,Algorithms,Programming and Data Structures,False,case/pluralization dupe
isro_w_cover::1.5.1,Programming and Data Structure,Algorithms,Programming and Data Structures,False,case/pluralization dupe
isro_w_cover::1.6.1,Programming and Data Structure,Algorithms,Programming and Data Structures,False,case/pluralization dupe
isro_w_cover::1.6.2,Programming and Data Structure,Algorithms,Programming and Data Structures,False,case/pluralization dupe
isro_w_cover::1.7.1,Programming and Data Structure,Algorithms,Programming and Data Structures,False,case/pluralization dupe
isro_w_cover::1.8.1,Computer Organization and Architecture,Algorithms,Computer Organization and Architecture,False,canonical form
isro_w_cover::1.9.2,Programming and Data Structure,Algorithms,Programming and Data Structures,False,case/pluralization dupe
isro_w_cover::1.9.3,Programming and Data Structure,Algorithms,Programming and Data Structures,False,case/pluralization dupe
isro_w_cover::1.10.2,Programming and Data Structure,Algorithms,Programming and Data Structures,False,case/pluralization dupe
isro_w_cover::1.10.3,Programming and Data Structure,Algorithms,Programming and Data Structures,False,case/pluralization dupe
isro_w_cover::1.11.1,Programming and Data Structure,Algorithms,Programming and Data Structures,False,case/pluralization dupe
isro_w_cover::1.12.1,Programming and Data Structure,Algorithms,Programming and Data Structures,False,case/pluralization dupe
isro_w_cover::1.12.2,Programming and Data Structure,Algorithms,Programming and Data Structures,False,case/pluralization dupe
isro_w_cover::1.12.3,Programming and Data Structure,Algorithms,Programming and Data Structures,False,case/pluralization dupe
isro_w_cover::1.12.4,Programming and Data Structure,Algorithms,Programming and Data Structures,False,case/pluralization dupe
isro_w_cover::1.12.5,Programming and Data Structure,Algorithms,Programming and Data Structures,False,case/pluralization dupe
isro_w_cover::1.12.6,Programming and Data Structure,Algorithms,Programming and Data Structures,False,case/pluralization dupe
isro_w_cover::1.13.1,Programming and Data Structure,Algorithms,Programming and Data Structures,False,case/pluralization dupe
isro_w_cover::1.13.2,Programming and Data Structure,Algorithms,Programming and Data Structures,False,case/pluralization dupe
isro_w_cover::1.14.1,Artificial Intelligence,Machine Learning,Artificial Intelligence,False,canonical form (GATE DA)
isro_w_cover::1.15.1,Programming and Data Structure,Algorithms,Programming and Data Structures,False,case/pluralization dupe
isro_w_cover::1.16.1,Programming and Data Structure,Algorithms,Programming and Data Structures,False,case/pluralization dupe
isro_w_cover::1.17.1,Programming and Data Structure,Algorithms,Programming and Data Structures,False,case/pluralization dupe
isro_w_cover::1.17.2,Programming and Data Structure,Algorithms,Programming and Data Structures,False,case/pluralization dupe
isro_w_cover::1.17.3,Programming and Data Structure,Algorithms,Programming and Data Structures,False,case/pluralization dupe
isro_w_cover::1.18.2,Programming and Data Structure,Algorithms,Programming and Data Structures,False,case/pluralization dupe
isro_w_cover::1.19.1,Programming and Data Structure,Algorithms,Programming and Data Structures,False,case/pluralization dupe
isro_w_cover::1.19.2,Programming and Data Structure,Algorithms,Programming and Data Structures,False,case/pluralization dupe
isro_w_cover::1.20.1,Programming and Data Structure,Algorithms,Programming and Data Structures,False,case/pluralization dupe
isro_w_cover::1.20.2,Programming and Data Structure,Algorithms,Programming and Data Structures,False,case/pluralization dupe
isro_w_cover::1.21.1,Programming and Data Structure,Algorithms,Programming and Data Structures,False,case/pluralization dupe
isro_w_cover::1.21.2,Programming and Data Structure,Algorithms,Programming and Data Structures,False,case/pluralization dupe
isro_w_cover::1.21.3,Programming and Data Structure,Algorithms,Programming and Data Structures,False,case/pluralization dupe
isro_w_cover::1.21.4,Programming and Data Structure,Algorithms,Programming and Data Structures,False,case/pluralization dupe
isro_w_cover::1.21.5,Programming and Data Structure,Algorithms,Programming and Data Structures,False,case/pluralization dupe
isro_w_cover::1.22.1,Programming and Data Structure,Algorithms,Programming and Data Structures,False,case/pluralization dupe
isro_w_cover::1.23.1,Programming and Data Structure,Algorithms,Programming and Data Structures,False,case/pluralization dupe
isro_w_cover::1.24.2,Programming and Data Structure,Algorithms,Programming and Data Structures,False,case/pluralization dupe
isro_w_cover::1.25.2,Programming and Data Structure,Algorithms,Programming and Data Structures,False,case/pluralization dupe
isro_w_cover::1.25.3,Programming and Data Structure,Algorithms,Programming and Data Structures,False,case/pluralization dupe
isro_w_cover::1.25.4,Programming and Data Structure,Algorithms,Programming and Data Structures,False,case/pluralization dupe
isro_w_cover::1.25.5,Programming and Data Structure,Algorithms,Programming and Data Structures,False,case/pluralization dupe
isro_w_cover::1.25.6,Programming and Data Structure,Algorithms,Programming and Data Structures,False,case/pluralization dupe
isro_w_cover::1.25.7,Programming and Data Structure,Algorithms,Programming and Data Structures,False,case/pluralization dupe
isro_w_cover::1.25.8,Programming and Data Structure,Algorithms,Programming and Data Structures,False,case/pluralization dupe
isro_w_cover::1.25.9,Programming and Data Structure,Algorithms,Programming and Data Structures,False,case/pluralization dupe
isro_w_cover::1.25.10,Programming and Data Structure,Algorithms,Programming and Data Structures,False,case/pluralization dupe
isro_w_cover::1.26.1,Programming and Data Structure,Algorithms,Programming and Data Structures,False,case/pluralization dupe
isro_w_cover::1.27.1,Programming and Data Structure,Algorithms,Programming and Data Structures,False,case/pluralization dupe
isro_w_cover::1.27.2,Programming and Data Structure,Algorithms,Programming and Data Structures,False,case/pluralization dupe
isro_w_cover::1.27.3,Programming and Data Structure,Algorithms,Programming and Data Structures,False,case/pluralization dupe
isro_w_cover::2.1.1,Artificial Intelligence,Artificial Intelligence,Artificial Intelligence,False,canonical form (GATE DA)
isro_w_cover::2.2.1,Artificial Intelligence,Machine Learning,Artificial Intelligence,False,canonical form (GATE DA)
isro_w_cover::2.3.1,Artificial Intelligence,Neural Networks,Artificial Intelligence,False,canonical form (GATE DA)
isro_w_cover::2.3.2,Artificial Intelligence,Neural Networks,Artificial Intelligence,False,canonical form (GATE DA)
isro_w_cover::3.0.1,Computer Organization and Architecture,8086 Microprocessor,Computer Organization and Architecture,False,canonical form
isro_w_cover::3.1.1,Computer Organization and Architecture,8085 Microprocessor,Computer Organization and Architecture,False,canonical form
isro_w_cover::3.1.2,Computer Organization and Architecture,8085 Microprocessor,Computer Organization and Architecture,False,canonical form
isro_w_cover::3.1.3,Computer Organization and Architecture,8085 Microprocessor,Computer Organization and Architecture,False,canonical form
isro_w_cover::3.1.4,Computer Organization and Architecture,8085 Microprocessor,Computer Organization and Architecture,False,canonical form
isro_w_cover::3.1.5,Computer Organization and Architecture,8085 Microprocessor,Computer Organization and Architecture,False,canonical form
isro_w_cover::3.1.6,Computer Organization and Architecture,8085 Microprocessor,Computer Organization and Architecture,False,canonical form
isro_w_cover::3.2.1,Computer Organization and Architecture,Addressing Modes,Computer Organization and Architecture,False,canonical form
isro_w_cover::3.2.2,Computer Organization and Architecture,Addressing Modes,Computer Organization and Architecture,False,canonical form
isro_w_cover::3.2.3,Computer Organization and Architecture,Addressing Modes,Computer Organization and Architecture,False,canonical form
isro_w_cover::3.2.4,Computer Organization and Architecture,Addressing Modes,Computer Organization and Architecture,False,canonical form
isro_w_cover::3.2.5,Computer Organization and Architecture,Addressing Modes,Computer Organization and Architecture,False,canonical form
isro_w_cover::3.2.6,Computer Organization and Architecture,Addressing Modes,Computer Organization and Architecture,False,canonical form
isro_w_cover::3.2.7,Computer Organization and Architecture,Addressing Modes,Computer Organization and Architecture,False,canonical form
isro_w_cover::3.2.8,Computer Organization and Architecture,Addressing Modes,Computer Organization and Architecture,False,canonical form
isro_w_cover::3.2.9,Computer Organization and Architecture,Addressing Modes,Computer Organization and Architecture,False,canonical form
isro_w_cover::3.2.10,Computer Organization and Architecture,Addressing Modes,Computer Organization and Architecture,False,canonical form
isro_w_cover::3.2.11,Computer Organization and Architecture,Addressing Modes,Computer Organization and Architecture,False,canonical form
isro_w_cover::3.3.1,Computer Organization and Architecture,Cache Memory,Computer Organization and Architecture,False,canonical form
isro_w_cover::3.4.1,Computer Organization and Architecture,CO and Architecture,Computer Organization and Architecture,False,canonical form
isro_w_cover::3.4.2,Computer Organization and Architecture,CO and Architecture,Computer Organization and Architecture,False,canonical form
isro_w_cover::3.4.3,Computer Organization and Architecture,CO and Architecture,Computer Organization and Architecture,False,canonical form
isro_w_cover::3.5.1,Computer Organization and Architecture,Cache Memory,Computer Organization and Architecture,False,canonical form
isro_w_cover::3.5.2,Computer Organization and Architecture,Cache Memory,Computer Organization and Architecture,False,canonical form
isro_w_cover::3.5.3,Computer Organization and Architecture,Cache Memory,Computer Organization and Architecture,False,canonical form
isro_w_cover::3.5.4,Computer Organization and Architecture,Cache Memory,Computer Organization and Architecture,False,canonical form
isro_w_cover::3.5.5,Computer Organization and Architecture,Cache Memory,Computer Organization and Architecture,False,canonical form
isro_w_cover::3.5.6,Computer Organization and Architecture,Cache Memory,Computer Organization and Architecture,False,canonical form
isro_w_cover::3.5.7,Computer Organization and Architecture,Cache Memory,Computer Organization and Architecture,False,canonical form
isro_w_cover::3.5.8,Computer Organization and Architecture,Cache Memory,Computer Organization and Architecture,False,canonical form
isro_w_cover::3.5.9,Computer Organization and Architecture,Cache Memory,Computer Organization and Architecture,False,canonical form
isro_w_cover::3.5.10,Computer Organization and Architecture,Cache Memory,Computer Organization and Architecture,False,canonical form
isro_w_cover::3.5.11,Computer Organization and Architecture,Cache Memory,Computer Organization and Architecture,False,canonical form
isro_w_cover::3.5.12,Computer Organization and Architecture,Cache Memory,Computer Organization and Architecture,False,canonical form
isro_w_cover::3.5.13,Computer Organization and Architecture,Cache Memory,Computer Organization and Architecture,False,canonical form
isro_w_cover::3.6.1,Computer Organization and Architecture,CO and Architecture,Computer Organization and Architecture,False,canonical form
isro_w_cover::3.6.2,Computer Organization and Architecture,CO and Architecture,Computer Organization and Architecture,False,canonical form
isro_w_cover::3.7.1,Computer Organization and Architecture,DMA,Computer Organization and Architecture,False,canonical form
isro_w_cover::3.8.1,Computer Organization and Architecture,Disk,Computer Organization and Architecture,False,canonical form
isro_w_cover::3.9.1,Computer Organization and Architecture,Floating Point Representation,Computer Organization and Architecture,False,canonical form
isro_w_cover::3.10.1,Operating System,IO Handling,Operating Systems,False,case/pluralization dupe
isro_w_cover::3.10.2,Computer Organization and Architecture,IO Handling,Computer Organization and Architecture,False,canonical form
isro_w_cover::3.10.3,Computer Organization and Architecture,IO Handling,Computer Organization and Architecture,False,canonical form
isro_w_cover::3.10.4,Computer Organization and Architecture,IO Handling,Computer Organization and Architecture,False,canonical form
isro_w_cover::3.10.5,Computer Organization and Architecture,IO Handling,Computer Organization and Architecture,False,canonical form
isro_w_cover::3.10.6,Computer Organization and Architecture,IO Handling,Computer Organization and Architecture,False,canonical form
isro_w_cover::3.11.1,Computer Organization and Architecture,Instruction Format,Computer Organization and Architecture,False,canonical form
isro_w_cover::3.11.2,Computer Organization and Architecture,Instruction Format,Computer Organization and Architecture,False,canonical form
isro_w_cover::3.11.3,Computer Organization and Architecture,Instruction Format,Computer Organization and Architecture,False,canonical form
isro_w_cover::3.11.4,Computer Organization and Architecture,Instruction Format,Computer Organization and Architecture,False,canonical form
isro_w_cover::3.11.5,Computer Organization and Architecture,Instruction Format,Computer Organization and Architecture,False,canonical form
isro_w_cover::3.12.1,Computer Organization and Architecture,Interrupts,Computer Organization and Architecture,False,canonical form
isro_w_cover::3.12.2,Computer Organization and Architecture,Interrupts,Computer Organization and Architecture,False,canonical form
isro_w_cover::3.12.3,Computer Organization and Architecture,Interrupts,Computer Organization and Architecture,False,canonical form
isro_w_cover::3.13.1,Computer Organization and Architecture,Machine Instruction,Computer Organization and Architecture,False,canonical form
isro_w_cover::3.13.2,Computer Organization and Architecture,Machine Instruction,Computer Organization and Architecture,False,canonical form
isro_w_cover::3.14.1,Computer Organization and Architecture,Memory Interfacing,Computer Organization and Architecture,False,canonical form
isro_w_cover::3.14.2,Computer Organization and Architecture,Memory Interfacing,Computer Organization and Architecture,False,canonical form
isro_w_cover::3.14.3,Computer Organization and Architecture,Memory Interfacing,Computer Organization and Architecture,False,canonical form
isro_w_cover::3.14.4,Computer Organization and Architecture,Memory Interfacing,Computer Organization and Architecture,False,canonical form
isro_w_cover::3.14.5,Computer Organization and Architecture,Memory Interfacing,Computer Organization and Architecture,False,canonical form
isro_w_cover::3.14.6,Computer Organization and Architecture,Memory Interfacing,Computer Organization and Architecture,False,canonical form
isro_w_cover::3.14.7,Computer Organization and Architecture,Memory Interfacing,Computer Organization and Architecture,False,canonical form
isro_w_cover::3.14.8,Computer Organization and Architecture,Memory Interfacing,Computer Organization and Architecture,False,canonical form
isro_w_cover::3.15.1,Computer Organization and Architecture,Memory Management,Computer Organization and Architecture,False,canonical form
isro_w_cover::3.16.1,Computer Organization and Architecture,Microprocessors,Computer Organization and Architecture,False,canonical form
isro_w_cover::3.16.2,Computer Organization and Architecture,Microprocessors,Computer Organization and Architecture,False,canonical form
isro_w_cover::3.17.1,Computer Organization and Architecture,Microprogramming,Computer Organization and Architecture,False,canonical form
isro_w_cover::3.18.1,Computer Organization and Architecture,Parallel Programming,Computer Organization and Architecture,False,canonical form
isro_w_cover::3.19.1,Computer Organization and Architecture,Pipelining,Computer Organization and Architecture,False,canonical form
isro_w_cover::3.19.2,Computer Organization and Architecture,Pipelining,Computer Organization and Architecture,False,canonical form
isro_w_cover::3.19.4,Computer Organization and Architecture,Pipelining,Computer Organization and Architecture,False,canonical form
isro_w_cover::3.19.5,Computer Organization and Architecture,Pipelining,Computer Organization and Architecture,False,canonical form
isro_w_cover::3.19.6,Computer Organization and Architecture,Pipelining,Computer Organization and Architecture,False,canonical form
isro_w_cover::3.19.7,Computer Organization and Architecture,Pipelining,Computer Organization and Architecture,False,canonical form
isro_w_cover::3.19.8,Computer Organization and Architecture,Pipelining,Computer Organization and Architecture,False,canonical form
isro_w_cover::3.19.9,Computer Organization and Architecture,Pipelining,Computer Organization and Architecture,False,canonical form
isro_w_cover::3.19.10,Computer Organization and Architecture,CO and Architecture,Computer Organization and Architecture,False,canonical form
isro_w_cover::3.20.1,Computer Organization and Architecture,CO and Architecture,Computer Organization and Architecture,False,canonical form
isro_w_cover::3.20.2,Computer Organization and Architecture,CO and Architecture,Computer Organization and Architecture,False,canonical form
isro_w_cover::3.21.1,Computer Organization and Architecture,CO and Architecture,Computer Organization and Architecture,False,canonical form
isro_w_cover::4.0.2,Compiler Design,Compiler Design,Compiler Design,False,canonical form
isro_w_cover::4.1.1,Compiler Design,Compiler Design,Compiler Design,False,canonical form
isro_w_cover::4.1.2,Compiler Design,Compiler Design,Compiler Design,False,canonical form
isro_w_cover::4.2.1,Compiler Design,Compiler Design,Compiler Design,False,canonical form
isro_w_cover::4.2.2,Compiler Design,Compiler Design,Compiler Design,False,canonical form
isro_w_cover::4.2.3,Compiler Design,Compiler Design,Compiler Design,False,canonical form
isro_w_cover::4.2.4,Compiler Design,Compiler Design,Compiler Design,False,canonical form
isro_w_cover::4.2.5,Compiler Design,Compiler Design,Compiler Design,False,canonical form
isro_w_cover::4.2.6,Compiler Design,Compiler Design,Compiler Design,False,canonical form
isro_w_cover::4.2.7,Compiler Design,Compiler Design,Compiler Design,False,canonical form
isro_w_cover::4.2.8,Compiler Design,Compiler Design,Compiler Design,False,canonical form
isro_w_cover::4.2.9,Compiler Design,Compiler Design,Compiler Design,False,canonical form
isro_w_cover::4.3.1,Compiler Design,Compiler Design,Compiler Design,False,canonical form
isro_w_cover::4.4.1,Compiler Design,Compiler Design,Compiler Design,False,canonical form
isro_w_cover::4.5.1,Compiler Design,Compiler Design,Compiler Design,False,canonical form
isro_w_cover::4.6.1,Compiler Design,Compiler Design,Compiler Design,False,canonical form
isro_w_cover::4.7.1,Compiler Design,Compiler Design,Compiler Design,False,canonical form
isro_w_cover::4.7.2,Compiler Design,Compiler Design,Compiler Design,False,canonical form
isro_w_cover::4.7.3,Compiler Design,Compiler Design,Compiler Design,False,canonical form
isro_w_cover::4.7.4,Compiler Design,Compiler Design,Compiler Design,False,canonical form
isro_w_cover::4.7.5,Compiler Design,Compiler Design,Compiler Design,False,canonical form
isro_w_cover::4.8.1,Programming and Data Structure,Runtime Environment,Programming and Data Structures,False,case/pluralization dupe
isro_w_cover::4.9.1,Compiler Design,Compiler Design,Compiler Design,False,canonical form
isro_w_cover::4.9.2,Compiler Design,Compiler Design,Compiler Design,False,canonical form
isro_w_cover::4.10.1,Compiler Design,Compiler Design,Compiler Design,False,canonical form
isro_w_cover::4.10.2,Compiler Design,Compiler Design,Compiler Design,False,canonical form
isro_w_cover::4.11.1,Operating System,Operating System,Operating Systems,False,case/pluralization dupe
isro_w_cover::4.12.1,Compiler Design,Compiler Design,Compiler Design,False,canonical form
isro_w_cover::4.13.1,Compiler Design,Compiler Design,Compiler Design,False,canonical form
isro_w_cover::4.14.1,Compiler Design,Compiler Design,Compiler Design,False,canonical form
isro_w_cover::4.14.2,Compiler Design,Compiler Design,Compiler Design,False,canonical form
isro_w_cover::4.15.1,Compiler Design,Compiler Design,Compiler Design,False,canonical form
isro_w_cover::4.15.2,Compiler Design,Compiler Design,Compiler Design,False,canonical form
isro_w_cover::4.15.3,Compiler Design,Compiler Design,Compiler Design,False,canonical form
isro_w_cover::4.15.4,Compiler Design,Compiler Design,Compiler Design,False,canonical form
isro_w_cover::4.15.5,Compiler Design,Compiler Design,Compiler Design,False,canonical form
isro_w_cover::4.15.6,Compiler Design,Compiler Design,Compiler Design,False,canonical form
isro_w_cover::4.15.7,Compiler Design,Compiler Design,Compiler Design,False,canonical form
isro_w_cover::4.15.8,Compiler Design,Compiler Design,Compiler Design,False,canonical form
isro_w_cover::4.15.9,Compiler Design,Compiler Design,Compiler Design,False,canonical form
isro_w_cover::4.16.1,Compiler Design,Compiler Design,Compiler Design,False,canonical form
isro_w_cover::4.17.1,Compiler Design,Compiler Design,Compiler Design,False,canonical form
isro_w_cover::4.18.1,Compiler Design,Compiler Design,Compiler Design,False,canonical form
isro_w_cover::5.0.1,Computer Networks,Computer Networks,Computer Networks,False,canonical form
isro_w_cover::5.0.2,Computer Networks,Computer Networks,Computer Networks,False,canonical form
isro_w_cover::5.0.3,Computer Networks,Computer Networks,Computer Networks,False,canonical form
isro_w_cover::5.0.4,Computer Networks,Computer Networks,Computer Networks,False,canonical form
isro_w_cover::5.0.5,Computer Networks,Computer Networks,Computer Networks,False,canonical form
isro_w_cover::5.0.6,Computer Networks,Computer Networks,Computer Networks,False,canonical form
isro_w_cover::5.0.7,Computer Networks,Computer Networks,Computer Networks,False,canonical form
isro_w_cover::5.0.8,Computer Networks,Computer Networks,Computer Networks,False,canonical form
isro_w_cover::5.0.9,Computer Networks,Computer Networks,Computer Networks,False,canonical form
isro_w_cover::5.0.10,Computer Networks,Computer Networks,Computer Networks,False,canonical form
isro_w_cover::5.0.11,Computer Networks,Computer Networks,Computer Networks,False,canonical form
isro_w_cover::5.1.1,Computer Networks,Application Layer Protocols,Computer Networks,False,canonical form
isro_w_cover::5.2.2,Computer Networks,CRC Polynomial,Computer Networks,False,canonical form
isro_w_cover::5.2.3,Computer Networks,CRC Polynomial,Computer Networks,False,canonical form
isro_w_cover::5.2.4,Computer Networks,CRC Polynomial,Computer Networks,False,canonical form
isro_w_cover::5.3.1,Computer Networks,CSMA CD,Computer Networks,False,canonical form
isro_w_cover::5.3.2,Computer Networks,CSMA CD,Computer Networks,False,canonical form
isro_w_cover::5.4.1,Computer Networks,Communication,Computer Networks,False,canonical form
isro_w_cover::5.4.2,Computer Networks,Communication,Computer Networks,False,canonical form
isro_w_cover::5.4.3,Computer Networks,Communication,Computer Networks,False,canonical form
isro_w_cover::5.4.4,Computer Networks,Communication,Computer Networks,False,canonical form
isro_w_cover::5.4.5,Computer Networks,Communication,Computer Networks,False,canonical form
isro_w_cover::5.4.6,Computer Networks,Communication,Computer Networks,False,canonical form
isro_w_cover::5.4.7,Computer Networks,Communication,Computer Networks,False,canonical form
isro_w_cover::5.5.1,Computer Networks,Cryptography,Computer Networks,False,canonical form
isro_w_cover::5.5.2,Computer Networks,Cryptography,Computer Networks,False,canonical form
isro_w_cover::5.5.3,Computer Networks,Cryptography,Computer Networks,False,canonical form
isro_w_cover::5.5.4,Computer Networks,Cryptography,Computer Networks,False,canonical form
isro_w_cover::5.5.5,Computer Networks,Cryptography,Computer Networks,False,canonical form
isro_w_cover::5.5.6,Computer Networks,Cryptography,Computer Networks,False,canonical form
isro_w_cover::5.5.7,Computer Networks,Cryptography,Computer Networks,False,canonical form
isro_w_cover::5.5.8,Computer Networks,Cryptography,Computer Networks,False,canonical form
isro_w_cover::5.6.1,Computer Networks,CSMA CD,Computer Networks,False,canonical form
isro_w_cover::5.7.1,Computer Networks,Distance Vector Routing,Computer Networks,False,canonical form
isro_w_cover::5.8.1,Computer Networks,DNS,Computer Networks,False,canonical form
isro_w_cover::5.8.2,Computer Networks,DNS,Computer Networks,False,canonical form
isro_w_cover::5.9.1,Computer Networks,Encoding,Computer Networks,False,canonical form
isro_w_cover::5.9.2,Computer Networks,Encoding,Computer Networks,False,canonical form
isro_w_cover::5.10.1,Computer Networks,Error Correction,Computer Networks,False,canonical form
isro_w_cover::5.10.2,Computer Networks,Error Correction,Computer Networks,False,canonical form
isro_w_cover::5.11.1,Computer Networks,Error Detection,Computer Networks,False,canonical form
isro_w_cover::5.11.2,Computer Networks,Error Detection,Computer Networks,False,canonical form
isro_w_cover::5.11.3,Computer Networks,Error Detection,Computer Networks,False,canonical form
isro_w_cover::5.11.4,Computer Networks,Error Detection,Computer Networks,False,canonical form
isro_w_cover::5.12.1,Computer Networks,Ethernet,Computer Networks,False,canonical form
isro_w_cover::5.12.2,Computer Networks,Ethernet,Computer Networks,False,canonical form
isro_w_cover::5.12.3,Computer Networks,Ethernet,Computer Networks,False,canonical form
isro_w_cover::5.12.4,Computer Networks,Ethernet,Computer Networks,False,canonical form
isro_w_cover::5.12.5,Computer Networks,Ethernet,Computer Networks,False,canonical form
isro_w_cover::5.12.6,Computer Networks,Ethernet,Computer Networks,False,canonical form
isro_w_cover::5.13.1,Computer Networks,Firewall,Computer Networks,False,canonical form
isro_w_cover::5.14.1,Computer Networks,IP Addressing,Computer Networks,False,canonical form
isro_w_cover::5.14.2,Computer Networks,IP Addressing,Computer Networks,False,canonical form
isro_w_cover::5.14.3,Computer Networks,IP Addressing,Computer Networks,False,canonical form
isro_w_cover::5.15.1,Computer Networks,IP Packet,Computer Networks,False,canonical form
isro_w_cover::5.15.2,Computer Networks,IP Packet,Computer Networks,False,canonical form
isro_w_cover::5.15.3,Computer Networks,IP Packet,Computer Networks,False,canonical form
isro_w_cover::5.16.1,Computer Networks,Inter Process Communication,Computer Networks,False,canonical form
isro_w_cover::5.17.1,Computer Networks,IPv6,Computer Networks,False,canonical form
isro_w_cover::5.18.1,Computer Networks,LAN Technologies,Computer Networks,False,canonical form
isro_w_cover::5.19.1,Computer Networks,Link State Routing,Computer Networks,False,canonical form
isro_w_cover::5.20.1,Computer Networks,MAC Protocol,Computer Networks,False,canonical form
isro_w_cover::5.20.2,Computer Networks,MAC Protocol,Computer Networks,False,canonical form
isro_w_cover::5.20.3,Computer Networks,MAC Protocol,Computer Networks,False,canonical form
isro_w_cover::5.20.4,Computer Networks,MAC Protocol,Computer Networks,False,canonical form
isro_w_cover::5.21.1,Computer Networks,Network Layer,Computer Networks,False,canonical form
isro_w_cover::5.21.2,Computer Networks,Network Layer,Computer Networks,False,canonical form
isro_w_cover::5.22.1,Computer Networks,Network Layering,Computer Networks,False,canonical form
isro_w_cover::5.22.2,Computer Networks,Network Layering,Computer Networks,False,canonical form
isro_w_cover::5.22.3,Computer Networks,Network Layering,Computer Networks,False,canonical form
isro_w_cover::5.23.1,Computer Networks,Network Protocols,Computer Networks,False,canonical form
isro_w_cover::5.23.2,Computer Networks,Network Protocols,Computer Networks,False,canonical form
isro_w_cover::5.23.3,Computer Networks,Network Protocols,Computer Networks,False,canonical form
isro_w_cover::5.23.4,Computer Networks,Network Protocols,Computer Networks,False,canonical form
isro_w_cover::5.23.5,Computer Networks,Network Protocols,Computer Networks,False,canonical form
isro_w_cover::5.23.6,Computer Networks,Network Protocols,Computer Networks,False,canonical form
isro_w_cover::5.23.7,Computer Networks,Network Protocols,Computer Networks,False,canonical form
isro_w_cover::5.23.8,Computer Networks,Network Protocols,Computer Networks,False,canonical form
isro_w_cover::5.23.9,Computer Networks,Network Security,Computer Networks,False,canonical form
isro_w_cover::5.23.10,Computer Networks,Network Protocols,Computer Networks,False,canonical form
isro_w_cover::5.23.11,Computer Networks,Network Protocols,Computer Networks,False,canonical form
isro_w_cover::5.24.1,Computer Networks,Network Security,Computer Networks,False,canonical form
isro_w_cover::5.24.2,Computer Networks,Network Security,Computer Networks,False,canonical form
isro_w_cover::5.24.3,Computer Networks,Network Security,Computer Networks,False,canonical form
isro_w_cover::5.24.4,Computer Networks,Network Security,Computer Networks,False,canonical form
isro_w_cover::5.24.5,Computer Networks,Network Security,Computer Networks,False,canonical form
isro_w_cover::5.24.6,Computer Networks,Network Security,Computer Networks,False,canonical form
isro_w_cover::5.24.7,Computer Networks,Network Security,Computer Networks,False,canonical form
isro_w_cover::5.24.8,Computer Networks,Network Security,Computer Networks,False,canonical form
isro_w_cover::5.24.9,Computer Networks,Network Security,Computer Networks,False,canonical form
isro_w_cover::5.24.10,Computer Networks,Network Security,Computer Networks,False,canonical form
isro_w_cover::5.24.11,Computer Networks,Network Security,Computer Networks,False,canonical form
isro_w_cover::5.24.12,Computer Networks,Network Security,Computer Networks,False,canonical form
isro_w_cover::5.25.1,Computer Networks,Network Topologies,Computer Networks,False,canonical form
isro_w_cover::5.25.2,Computer Networks,Network Topologies,Computer Networks,False,canonical form
isro_w_cover::5.26.1,Computer Networks,Serial Communication,Computer Networks,False,canonical form
isro_w_cover::5.27.1,Computer Networks,Routers Bridge Hubs Switches,Computer Networks,False,canonical form
isro_w_cover::5.27.2,Computer Networks,Routers Bridge Hubs Switches,Computer Networks,False,canonical form
isro_w_cover::5.28.1,Computer Networks,Routing,Computer Networks,False,canonical form
isro_w_cover::5.28.2,Computer Networks,Routing,Computer Networks,False,canonical form
isro_w_cover::5.29.1,Computer Networks,Sliding Window,Computer Networks,False,canonical form
isro_w_cover::5.29.2,Computer Networks,Sliding Window,Computer Networks,False,canonical form
isro_w_cover::5.29.3,Computer Networks,Data Link Layer,Computer Networks,False,canonical form
isro_w_cover::5.30.1,Computer Networks,Data Link Layer,Computer Networks,False,canonical form
isro_w_cover::5.31.1,Computer Networks,Data Link Layer,Computer Networks,False,canonical form
isro_w_cover::5.32.1,Computer Networks,Network Layer,Computer Networks,False,canonical form
isro_w_cover::5.32.2,Computer Networks,Network Layer,Computer Networks,False,canonical form
isro_w_cover::5.32.5,Computer Networks,Network Layer,Computer Networks,False,canonical form
isro_w_cover::5.32.6,Computer Networks,Network Layer,Computer Networks,False,canonical form
isro_w_cover::5.32.7,Computer Networks,Network Layer,Computer Networks,False,canonical form
isro_w_cover::5.32.8,Computer Networks,Network Layer,Computer Networks,False,canonical form
isro_w_cover::5.32.9,Computer Networks,Network Layer,Computer Networks,False,canonical form
isro_w_cover::5.32.10,Computer Networks,Network Layer,Computer Networks,False,canonical form
isro_w_cover::5.32.11,Computer Networks,Network Layer,Computer Networks,False,canonical form
isro_w_cover::5.33.1,Computer Networks,Network Layer,Computer Networks,False,canonical form
isro_w_cover::5.34.1,Computer Networks,Transport Layer,Computer Networks,False,canonical form
isro_w_cover::5.34.2,Computer Networks,Transport Layer,Computer Networks,False,canonical form
isro_w_cover::5.34.3,Computer Networks,Transport Layer,Computer Networks,False,canonical form
isro_w_cover::5.34.4,Computer Networks,Transport Layer,Computer Networks,False,canonical form
isro_w_cover::5.34.5,Computer Networks,Network Layer,Computer Networks,False,canonical form
isro_w_cover::5.34.6,Computer Networks,Transport Layer,Computer Networks,False,canonical form
isro_w_cover::5.35.1,Computer Networks,Transport Layer,Computer Networks,False,canonical form
isro_w_cover::5.35.2,Computer Networks,Data Link Layer,Computer Networks,False,canonical form
isro_w_cover::5.36.1,Computer Networks,Data Link Layer,Computer Networks,False,canonical form
isro_w_cover::5.37.1,Computer Networks,Transport Layer,Computer Networks,False,canonical form
isro_w_cover::5.38.1,Computer Networks,Application Layer,Computer Networks,False,canonical form
isro_w_cover::5.39.1,Computer Networks,Network Security,Computer Networks,False,canonical form
isro_w_cover::5.40.1,Computer Networks,Network Protocols,Computer Networks,False,canonical form
isro_w_cover::5.41.1,Computer Networks,Network Protocols,Computer Networks,False,canonical form
isro_w_cover::6.0.1,Data Mining and Warehousing,Data Warehousing,Data Mining and Warehousing,False,canonical form
isro_w_cover::6.1.1,Artificial Intelligence,Knowledge Representation,Artificial Intelligence,False,canonical form (GATE DA)
isro_w_cover::6.1.2,Artificial Intelligence,Machine Learning,Artificial Intelligence,False,canonical form (GATE DA)
isro_w_cover::7.0.1,Databases,Database Fundamentals,Databases,False,canonical form
isro_w_cover::7.0.2,Databases,Database Connectivity,Databases,False,canonical form
isro_w_cover::7.1.1,Databases,Indexing,Databases,False,canonical form
isro_w_cover::7.1.2,Databases,Indexing,Databases,False,canonical form
isro_w_cover::7.1.3,Databases,Indexing,Databases,False,canonical form
isro_w_cover::7.1.4,Databases,Indexing,Databases,False,canonical form
isro_w_cover::7.1.5,Databases,File Organization,Databases,False,canonical form
isro_w_cover::7.1.6,Databases,Indexing,Databases,False,canonical form
isro_w_cover::7.2.1,Databases,Indexing,Databases,False,canonical form
isro_w_cover::7.3.1,Databases,ER Model,Databases,False,canonical form
isro_w_cover::7.4.1,Databases,Database Normalization,Databases,False,canonical form
isro_w_cover::7.4.2,Databases,Database Normalization,Databases,False,canonical form
isro_w_cover::7.4.3,Databases,Database Normalization,Databases,False,canonical form
isro_w_cover::7.4.4,Databases,Database Normalization,Databases,False,canonical form
isro_w_cover::7.4.5,Databases,Database Normalization,Databases,False,canonical form
isro_w_cover::7.4.6,Databases,Database Normalization,Databases,False,canonical form
isro_w_cover::7.4.8,Databases,Database Normalization,Databases,False,canonical form
isro_w_cover::7.4.10,Databases,Database Normalization,Databases,False,canonical form
isro_w_cover::7.4.11,Databases,Database Normalization,Databases,False,canonical form
isro_w_cover::7.4.12,Databases,Database Normalization,Databases,False,canonical form
isro_w_cover::7.4.13,Databases,Database Normalization,Databases,False,canonical form
isro_w_cover::7.5.1,Databases,Distributed Computing,Databases,False,canonical form
isro_w_cover::7.6.1,Databases,Relational Algebra,Databases,False,canonical form
isro_w_cover::7.7.1,Databases,ER Diagram,Databases,False,canonical form
isro_w_cover::7.7.2,Databases,ER Diagram,Databases,False,canonical form
isro_w_cover::7.7.3,Databases,ER Diagram,Databases,False,canonical form
isro_w_cover::7.7.4,Databases,ER Diagram,Databases,False,canonical form
isro_w_cover::7.8.1,Databases,File System,Databases,False,canonical form
isro_w_cover::7.8.2,Databases,File System,Databases,False,canonical form
isro_w_cover::7.8.3,Databases,File System,Databases,False,canonical form
isro_w_cover::7.8.4,Databases,File System,Databases,False,canonical form
isro_w_cover::7.8.5,Databases,File System,Databases,False,canonical form
isro_w_cover::7.8.6,Databases,File System,Databases,False,canonical form
isro_w_cover::7.9.1,Databases,Database Normalization,Databases,False,canonical form
isro_w_cover::7.10.2,Databases,Indexing,Databases,False,canonical form
isro_w_cover::7.10.3,Databases,Indexing,Databases,False,canonical form
isro_w_cover::7.10.4,Databases,Indexing,Databases,False,canonical form
isro_w_cover::7.11.1,Databases,SQL,Databases,False,canonical form
isro_w_cover::7.13.1,Databases,SQL,Databases,False,canonical form
isro_w_cover::7.13.2,Databases,SQL,Databases,False,canonical form
isro_w_cover::7.14.1,Databases,RDBMS,Databases,False,canonical form
isro_w_cover::7.14.2,Databases,RDBMS,Databases,False,canonical form
isro_w_cover::7.15.1,Databases,Referential Integrity,Databases,False,canonical form
isro_w_cover::7.15.2,Databases,Referential Integrity,Databases,False,canonical form
isro_w_cover::7.16.1,Databases,Relational Algebra,Databases,False,canonical form
isro_w_cover::7.16.2,Databases,Relational Algebra,Databases,False,canonical form
isro_w_cover::7.16.3,Databases,Relational Algebra,Databases,False,canonical form
isro_w_cover::7.16.4,Databases,Relational Algebra,Databases,False,canonical form
isro_w_cover::7.17.1,Databases,Relational Model,Databases,False,canonical form
isro_w_cover::7.17.2,Databases,Relational Model,Databases,False,canonical form
isro_w_cover::7.18.1,Databases,SQL,Databases,False,canonical form
isro_w_cover::7.18.2,Databases,SQL,Databases,False,canonical form
isro_w_cover::7.18.3,Databases,SQL,Databases,False,canonical form
isro_w_cover::7.18.5,Databases,SQL,Databases,False,canonical form
isro_w_cover::7.18.6,Databases,SQL,Databases,False,canonical form
isro_w_cover::7.18.7,Databases,SQL,Databases,False,canonical form
isro_w_cover::7.18.8,Databases,SQL,Databases,False,canonical form
isro_w_cover::7.18.9,Databases,SQL,Databases,False,canonical form
isro_w_cover::7.18.10,Databases,SQL,Databases,False,canonical form
isro_w_cover::7.18.12,Databases,SQL,Databases,False,canonical form
isro_w_cover::7.18.13,Databases,SQL,Databases,False,canonical form
isro_w_cover::7.18.14,Databases,SQL,Databases,False,canonical form
isro_w_cover::7.19.2,Databases,Transaction and Concurrency,Databases,False,canonical form
isro_w_cover::7.19.3,Databases,Transaction and Concurrency,Databases,False,canonical form
isro_w_cover::7.19.4,Databases,Transaction and Concurrency,Databases,False,canonical form
isro_w_cover::7.19.5,Databases,Transaction and Concurrency,Databases,False,canonical form
isro_w_cover::7.19.7,Databases,Transaction and Concurrency,Databases,False,canonical form
isro_w_cover::7.19.8,Databases,Transaction and Concurrency,Databases,False,canonical form
isro_w_cover::7.19.9,Databases,Transaction and Concurrency,Databases,False,canonical form
isro_w_cover::7.19.10,Databases,Transaction and Concurrency,Databases,False,canonical form
isro_w_cover::7.19.11,Databases,Transaction and Concurrency,Databases,False,canonical form
isro_w_cover::7.19.12,Databases,Transaction and Concurrency,Databases,False,canonical form
isro_w_cover::8.0.1,Digital Logic,Number Systems,Digital Logic,False,canonical form
isro_w_cover::8.0.2,Digital Logic,Logic Gates,Digital Logic,False,canonical form
isro_w_cover::8.0.3,Digital Logic,Number Systems,Digital Logic,False,canonical form
isro_w_cover::8.0.5,Digital Logic,Boolean Algebra,Digital Logic,False,canonical form
isro_w_cover::8.0.6,Digital Logic,Logic Gates,Digital Logic,False,canonical form
isro_w_cover::8.1.2,Digital Logic,Combinational Circuits,Digital Logic,False,canonical form
isro_w_cover::8.1.3,Digital Logic,Combinational Circuits,Digital Logic,False,canonical form
isro_w_cover::8.1.4,Digital Logic,Combinational Circuits,Digital Logic,False,canonical form
isro_w_cover::8.1.5,Digital Logic,Combinational Circuits,Digital Logic,False,canonical form
isro_w_cover::8.1.6,Digital Logic,Combinational Circuits,Digital Logic,False,canonical form
isro_w_cover::8.2.1,Digital Logic,Number Systems,Digital Logic,False,canonical form
isro_w_cover::8.3.1,Digital Logic,Boolean Algebra,Digital Logic,False,canonical form
isro_w_cover::8.3.2,Digital Logic,Boolean Algebra,Digital Logic,False,canonical form
isro_w_cover::8.3.3,Digital Logic,Boolean Algebra,Digital Logic,False,canonical form
isro_w_cover::8.3.4,Digital Logic,Boolean Algebra,Digital Logic,False,canonical form
isro_w_cover::8.3.5,Digital Logic,Boolean Algebra,Digital Logic,False,canonical form
isro_w_cover::8.3.6,Digital Logic,Boolean Algebra,Digital Logic,False,canonical form
isro_w_cover::8.3.7,Digital Logic,Boolean Algebra,Digital Logic,False,canonical form
isro_w_cover::8.3.8,Digital Logic,Boolean Algebra,Digital Logic,False,canonical form
isro_w_cover::8.3.9,Digital Logic,Boolean Algebra,Digital Logic,False,canonical form
isro_w_cover::8.3.11,Digital Logic,Boolean Algebra,Digital Logic,False,canonical form
isro_w_cover::8.3.12,Digital Logic,Boolean Algebra,Digital Logic,False,canonical form
isro_w_cover::8.3.13,Digital Logic,Boolean Algebra,Digital Logic,False,canonical form
isro_w_cover::8.4.1,Digital Logic,Computer Arithmetic,Digital Logic,False,canonical form
isro_w_cover::8.5.1,Digital Logic,CO and Architecture,Digital Logic,False,canonical form
isro_w_cover::8.5.2,Digital Logic,Combinational Circuits,Digital Logic,False,canonical form
isro_w_cover::8.6.1,Digital Logic,Canonical Normal Form,Digital Logic,False,canonical form
isro_w_cover::8.6.2,Digital Logic,Canonical Normal Form,Digital Logic,False,canonical form
isro_w_cover::8.7.11,Digital Logic,Circuit Output,Digital Logic,False,canonical form
isro_w_cover::8.9.1,Digital Logic,Decoder,Digital Logic,False,canonical form
isro_w_cover::8.10.1,Digital Logic,Digital Circuits,Digital Logic,False,canonical form
isro_w_cover::8.10.2,Digital Logic,Digital Circuits,Digital Logic,False,canonical form
isro_w_cover::8.11.1,Digital Logic,Digital Counter,Digital Logic,False,canonical form
isro_w_cover::8.11.2,Digital Logic,Digital Counter,Digital Logic,False,canonical form
isro_w_cover::8.12.1,Digital Logic,Flip Flop,Digital Logic,False,canonical form
isro_w_cover::8.12.2,Digital Logic,Flip Flop,Digital Logic,False,canonical form
isro_w_cover::8.12.3,Digital Logic,Flip Flop,Digital Logic,False,canonical form
isro_w_cover::8.12.4,Digital Logic,Flip Flop,Digital Logic,False,canonical form
isro_w_cover::8.12.6,Digital Logic,Flip Flop,Digital Logic,False,canonical form
isro_w_cover::8.13.1,Digital Logic,Number Systems,Digital Logic,False,canonical form
isro_w_cover::8.13.2,Digital Logic,Floating Point Representation,Digital Logic,False,canonical form
isro_w_cover::8.13.3,Digital Logic,Floating Point Representation,Digital Logic,False,canonical form
isro_w_cover::8.13.4,Digital Logic,Floating Point Representation,Digital Logic,False,canonical form
isro_w_cover::8.13.5,Digital Logic,Floating Point Representation,Digital Logic,False,canonical form
isro_w_cover::8.13.6,Digital Logic,Floating Point Representation,Digital Logic,False,canonical form
isro_w_cover::8.14.1,Digital Logic,Functional Completeness,Digital Logic,False,canonical form
isro_w_cover::8.14.2,Digital Logic,Functional Completeness,Digital Logic,False,canonical form
isro_w_cover::8.15.1,Digital Logic,Hazards,Digital Logic,False,canonical form
isro_w_cover::8.16.1,Digital Logic,IEEE Representation,Digital Logic,False,canonical form
isro_w_cover::8.17.1,Digital Logic,Interrupts,Digital Logic,False,canonical form
isro_w_cover::8.18.1,Digital Logic,K Map,Digital Logic,False,canonical form
isro_w_cover::8.19.1,Digital Logic,Logic Gates,Digital Logic,False,canonical form
isro_w_cover::8.20.1,Algorithms,Time Complexity,Algorithms,False,canonical form (kept distinct from PDS per GATE syllabus)
isro_w_cover::8.21.1,Digital Logic,Memory Interfacing,Digital Logic,False,canonical form
isro_w_cover::8.21.2,Digital Logic,Memory Interfacing,Digital Logic,False,canonical form
isro_w_cover::8.22.1,Digital Logic,Min No Gates,Digital Logic,False,canonical form
isro_w_cover::8.22.2,Digital Logic,Min No Gates,Digital Logic,False,canonical form
isro_w_cover::8.23.1,Digital Logic,Multiplexer,Digital Logic,False,canonical form
isro_w_cover::8.23.3,Digital Logic,Multiplexer,Digital Logic,False,canonical form
isro_w_cover::8.23.4,Digital Logic,Multiplexer,Digital Logic,False,canonical form
isro_w_cover::8.24.1,Digital Logic,Number Representation,Digital Logic,False,canonical form
isro_w_cover::8.24.2,Digital Logic,Number Representation,Digital Logic,False,canonical form
isro_w_cover::8.24.3,Digital Logic,Number Representation,Digital Logic,False,canonical form
isro_w_cover::8.24.4,Digital Logic,Number Representation,Digital Logic,False,canonical form
isro_w_cover::8.24.5,Digital Logic,Number Representation,Digital Logic,False,canonical form
isro_w_cover::8.24.6,Digital Logic,Number Representation,Digital Logic,False,canonical form
isro_w_cover::8.24.7,Digital Logic,Number Representation,Digital Logic,False,canonical form
isro_w_cover::8.24.8,Digital Logic,Number Representation,Digital Logic,False,canonical form
isro_w_cover::8.24.9,Digital Logic,Number Representation,Digital Logic,False,canonical form
isro_w_cover::8.24.10,Digital Logic,Number Representation,Digital Logic,False,canonical form
isro_w_cover::8.24.11,Digital Logic,Number Representation,Digital Logic,False,canonical form
isro_w_cover::8.24.12,Digital Logic,Number Representation,Digital Logic,False,canonical form
isro_w_cover::8.24.13,Digital Logic,Number Representation,Digital Logic,False,canonical form
isro_w_cover::8.24.14,Digital Logic,Number Representation,Digital Logic,False,canonical form
isro_w_cover::8.24.15,Digital Logic,Number Representation,Digital Logic,False,canonical form
isro_w_cover::8.24.16,Digital Logic,Number Representation,Digital Logic,False,canonical form
isro_w_cover::8.24.17,Digital Logic,Number Representation,Digital Logic,False,canonical form
isro_w_cover::8.24.18,Digital Logic,Number Representation,Digital Logic,False,canonical form
isro_w_cover::8.24.19,Digital Logic,Number Representation,Digital Logic,False,canonical form
isro_w_cover::8.24.20,Digital Logic,Number Representation,Digital Logic,False,canonical form
isro_w_cover::8.24.21,Digital Logic,Number Representation,Digital Logic,False,canonical form
isro_w_cover::8.24.22,Digital Logic,Number Representation,Digital Logic,False,canonical form
isro_w_cover::8.24.23,Digital Logic,Number Representation,Digital Logic,False,canonical form
isro_w_cover::8.24.24,Digital Logic,Number Representation,Digital Logic,False,canonical form
isro_w_cover::8.24.25,Digital Logic,Number Representation,Digital Logic,False,canonical form
isro_w_cover::8.25.1,Digital Logic,PLA,Digital Logic,False,canonical form
isro_w_cover::8.26.1,Digital Logic,Shift Registers,Digital Logic,False,canonical form
isro_w_cover::9.1.1,Discrete Mathematics,Combinatorics,Discrete Mathematics,False,"canonical form, kept distinct (large, coherent bucket)"
isro_w_cover::9.2.1,Discrete Mathematics,Process Scheduling,Discrete Mathematics,False,"canonical form, kept distinct (large, coherent bucket)"
isro_w_cover::10.0.1,Discrete Mathematics,Graph Theory,Discrete Mathematics,False,"canonical form, kept distinct (large, coherent bucket)"
isro_w_cover::10.0.2,Discrete Mathematics,Graph Theory,Discrete Mathematics,False,"canonical form, kept distinct (large, coherent bucket)"
isro_w_cover::10.0.3,Discrete Mathematics,Graph Theory,Discrete Mathematics,False,"canonical form, kept distinct (large, coherent bucket)"
isro_w_cover::10.1.1,Discrete Mathematics,Graph Theory,Discrete Mathematics,False,"canonical form, kept distinct (large, coherent bucket)"
isro_w_cover::10.2.1,Discrete Mathematics,Graph Theory,Discrete Mathematics,False,"canonical form, kept distinct (large, coherent bucket)"
isro_w_cover::10.2.2,Discrete Mathematics,Graph Theory,Discrete Mathematics,False,"canonical form, kept distinct (large, coherent bucket)"
isro_w_cover::10.3.1,Discrete Mathematics,Graph Theory,Discrete Mathematics,False,"canonical form, kept distinct (large, coherent bucket)"
isro_w_cover::10.4.1,Discrete Mathematics,Graph Theory,Discrete Mathematics,False,"canonical form, kept distinct (large, coherent bucket)"
isro_w_cover::10.4.2,Discrete Mathematics,Graph Theory,Discrete Mathematics,False,"canonical form, kept distinct (large, coherent bucket)"
isro_w_cover::10.4.3,Discrete Mathematics,Graph Theory,Discrete Mathematics,False,"canonical form, kept distinct (large, coherent bucket)"
isro_w_cover::10.4.4,Discrete Mathematics,Graph Theory,Discrete Mathematics,False,"canonical form, kept distinct (large, coherent bucket)"
isro_w_cover::10.4.6,Discrete Mathematics,Graph Theory,Discrete Mathematics,False,"canonical form, kept distinct (large, coherent bucket)"
isro_w_cover::10.4.7,Discrete Mathematics,Graph Theory,Discrete Mathematics,False,"canonical form, kept distinct (large, coherent bucket)"
isro_w_cover::10.4.8,Discrete Mathematics,Graph Theory,Discrete Mathematics,False,"canonical form, kept distinct (large, coherent bucket)"
isro_w_cover::10.4.9,Discrete Mathematics,Graph Theory,Discrete Mathematics,False,"canonical form, kept distinct (large, coherent bucket)"
isro_w_cover::10.4.10,Discrete Mathematics,Graph Theory,Discrete Mathematics,False,"canonical form, kept distinct (large, coherent bucket)"
isro_w_cover::10.5.1,Discrete Mathematics,Graph Theory,Discrete Mathematics,False,"canonical form, kept distinct (large, coherent bucket)"
isro_w_cover::11.0.1,Discrete Mathematics,Mathematical Logic,Discrete Mathematics,False,"canonical form, kept distinct (large, coherent bucket)"
isro_w_cover::11.1.2,Discrete Mathematics,Mathematical Logic,Discrete Mathematics,False,"canonical form, kept distinct (large, coherent bucket)"
isro_w_cover::11.2.1,Discrete Mathematics,Mathematical Logic,Discrete Mathematics,False,"canonical form, kept distinct (large, coherent bucket)"
isro_w_cover::12.1.1,Discrete Mathematics,Set Theory & Algebra,Discrete Mathematics,False,"canonical form, kept distinct (large, coherent bucket)"
isro_w_cover::12.2.1,Discrete Mathematics,Set Theory & Algebra,Discrete Mathematics,False,"canonical form, kept distinct (large, coherent bucket)"
isro_w_cover::12.3.1,Discrete Mathematics,Set Theory & Algebra,Discrete Mathematics,False,"canonical form, kept distinct (large, coherent bucket)"
isro_w_cover::12.3.2,Discrete Mathematics,Set Theory & Algebra,Discrete Mathematics,False,"canonical form, kept distinct (large, coherent bucket)"
isro_w_cover::12.4.1,Discrete Mathematics,Set Theory & Algebra,Discrete Mathematics,False,"canonical form, kept distinct (large, coherent bucket)"
isro_w_cover::12.5.1,Discrete Mathematics,Set Theory & Algebra,Discrete Mathematics,False,"canonical form, kept distinct (large, coherent bucket)"
isro_w_cover::12.6.1,Discrete Mathematics,Set Theory & Algebra,Discrete Mathematics,False,"canonical form, kept distinct (large, coherent bucket)"
isro_w_cover::12.6.2,Discrete Mathematics,Set Theory & Algebra,Discrete Mathematics,False,"canonical form, kept distinct (large, coherent bucket)"
isro_w_cover::12.6.3,Discrete Mathematics,Set Theory & Algebra,Discrete Mathematics,False,"canonical form, kept distinct (large, coherent bucket)"
isro_w_cover::12.7.1,Discrete Mathematics,Set Theory & Algebra,Discrete Mathematics,False,"canonical form, kept distinct (large, coherent bucket)"
isro_w_cover::12.7.2,Discrete Mathematics,Set Theory & Algebra,Discrete Mathematics,False,"canonical form, kept distinct (large, coherent bucket)"
isro_w_cover::12.7.3,Discrete Mathematics,Set Theory & Algebra,Discrete Mathematics,False,"canonical form, kept distinct (large, coherent bucket)"
isro_w_cover::12.7.4,Discrete Mathematics,Set Theory & Algebra,Discrete Mathematics,False,"canonical form, kept distinct (large, coherent bucket)"
isro_w_cover::12.7.5,Discrete Mathematics,Set Theory & Algebra,Discrete Mathematics,False,"canonical form, kept distinct (large, coherent bucket)"
isro_w_cover::13.0.1,Engineering Mathematics,Calculus,Engineering Mathematics,False,canonical form
isro_w_cover::13.1.1,Engineering Mathematics,Calculus,Engineering Mathematics,False,canonical form
isro_w_cover::13.2.1,Engineering Mathematics,Calculus,Engineering Mathematics,False,canonical form
isro_w_cover::13.3.1,Engineering Mathematics,Calculus,Engineering Mathematics,False,canonical form
isro_w_cover::13.4.1,Engineering Mathematics,Calculus,Engineering Mathematics,False,canonical form
isro_w_cover::13.5.1,Engineering Mathematics,Calculus,Engineering Mathematics,False,canonical form
isro_w_cover::13.5.2,Engineering Mathematics,Calculus,Engineering Mathematics,False,canonical form
isro_w_cover::13.6.1,Engineering Mathematics,Calculus,Engineering Mathematics,False,canonical form
isro_w_cover::14.1.1,Engineering Mathematics,Linear Algebra,Engineering Mathematics,False,canonical form
isro_w_cover::14.1.2,Engineering Mathematics,Linear Algebra,Engineering Mathematics,False,canonical form
isro_w_cover::14.2.1,Engineering Mathematics,Linear Algebra,Engineering Mathematics,False,canonical form
isro_w_cover::14.2.2,Engineering Mathematics,Linear Algebra,Engineering Mathematics,False,canonical form
isro_w_cover::14.3.1,Engineering Mathematics,Linear Algebra,Engineering Mathematics,False,canonical form
isro_w_cover::14.3.2,Engineering Mathematics,Linear Algebra,Engineering Mathematics,False,canonical form
isro_w_cover::14.3.3,Engineering Mathematics,Linear Algebra,Engineering Mathematics,False,canonical form
isro_w_cover::14.3.4,Engineering Mathematics,Linear Algebra,Engineering Mathematics,False,canonical form
isro_w_cover::14.3.5,Engineering Mathematics,Linear Algebra,Engineering Mathematics,False,canonical form
isro_w_cover::14.3.6,Engineering Mathematics,Linear Algebra,Engineering Mathematics,False,canonical form
isro_w_cover::14.5.1,Engineering Mathematics,Linear Algebra,Engineering Mathematics,False,canonical form
isro_w_cover::15.1.1,Engineering Mathematics,Probability,Engineering Mathematics,False,canonical form
isro_w_cover::15.2.1,Engineering Mathematics,Probability,Engineering Mathematics,False,canonical form
isro_w_cover::15.3.1,Engineering Mathematics,Probability,Engineering Mathematics,False,canonical form
isro_w_cover::15.3.2,Engineering Mathematics,Probability,Engineering Mathematics,False,canonical form
isro_w_cover::15.3.3,Engineering Mathematics,Probability,Engineering Mathematics,False,canonical form
isro_w_cover::15.4.1,Engineering Mathematics,Probability,Engineering Mathematics,False,canonical form
isro_w_cover::15.5.1,Engineering Mathematics,Probability,Engineering Mathematics,False,canonical form
isro_w_cover::15.6.1,Engineering Mathematics,Probability,Engineering Mathematics,False,canonical form
isro_w_cover::15.7.1,Engineering Mathematics,Probability,Engineering Mathematics,False,canonical form
isro_w_cover::15.7.2,Engineering Mathematics,Probability,Engineering Mathematics,False,canonical form
isro_w_cover::15.7.3,Engineering Mathematics,Probability,Engineering Mathematics,False,canonical form
isro_w_cover::15.7.4,Engineering Mathematics,Probability,Engineering Mathematics,False,canonical form
isro_w_cover::15.7.5,Engineering Mathematics,Probability,Engineering Mathematics,False,canonical form
isro_w_cover::15.9.1,Engineering Mathematics,Probability,Engineering Mathematics,False,canonical form
isro_w_cover::16.0.1,General Aptitude,Analytical Aptitude,General Aptitude,False,canonical form
isro_w_cover::16.2.1,General Aptitude,Analytical Aptitude,General Aptitude,False,canonical form
isro_w_cover::16.3.1,General Aptitude,Analytical Aptitude,General Aptitude,False,canonical form
isro_w_cover::16.4.1,General Aptitude,Analytical Aptitude,General Aptitude,False,canonical form
isro_w_cover::16.5.1,General Aptitude,Analytical Aptitude,General Aptitude,False,canonical form
isro_w_cover::16.6.1,General Aptitude,Analytical Aptitude,General Aptitude,False,canonical form
isro_w_cover::17.1.1,General Aptitude,Quantitative Aptitude,General Aptitude,False,canonical form
isro_w_cover::17.2.1,General Aptitude,Quantitative Aptitude,General Aptitude,False,canonical form
isro_w_cover::17.3.1,General Aptitude,Quantitative Aptitude,General Aptitude,False,canonical form
isro_w_cover::17.4.1,General Aptitude,Quantitative Aptitude,General Aptitude,False,canonical form
isro_w_cover::17.6.1,General Aptitude,Quantitative Aptitude,General Aptitude,False,canonical form
isro_w_cover::19.1.1,General Aptitude,Verbal Aptitude,General Aptitude,False,canonical form
isro_w_cover::20.1.1,Big Data Systems,Hadoop / HDFS,Big Data Systems,False,canonical form
isro_w_cover::21.1.1,Cloud Computing,Cloud Computing,Cloud Computing,False,canonical form
isro_w_cover::21.1.2,Computer Science,Cloud Computing,Computer Science (Miscellaneous),True,mixed grab-bag: Software Eng/OOP/Java/Graphics/Web/Cloud topics; not force-merged into any single GATE subject
isro_w_cover::21.1.3,Computer Science,Cloud Computing,Computer Science (Miscellaneous),True,mixed grab-bag: Software Eng/OOP/Java/Graphics/Web/Cloud topics; not force-merged into any single GATE subject
isro_w_cover::22.1.1,Computer Science,Computer Graphics,Computer Science (Miscellaneous),True,mixed grab-bag: Software Eng/OOP/Java/Graphics/Web/Cloud topics; not force-merged into any single GATE subject
isro_w_cover::22.1.2,Computer Science,Computer Graphics,Computer Science (Miscellaneous),True,mixed grab-bag: Software Eng/OOP/Java/Graphics/Web/Cloud topics; not force-merged into any single GATE subject
isro_w_cover::22.1.3,Computer Science,Computer Graphics,Computer Science (Miscellaneous),True,mixed grab-bag: Software Eng/OOP/Java/Graphics/Web/Cloud topics; not force-merged into any single GATE subject
isro_w_cover::22.1.4,Computer Science,Computer Graphics,Computer Science (Miscellaneous),True,mixed grab-bag: Software Eng/OOP/Java/Graphics/Web/Cloud topics; not force-merged into any single GATE subject
isro_w_cover::22.1.5,Computer Science,Computer Graphics,Computer Science (Miscellaneous),True,mixed grab-bag: Software Eng/OOP/Java/Graphics/Web/Cloud topics; not force-merged into any single GATE subject
isro_w_cover::22.1.6,Computer Science,Computer Graphics,Computer Science (Miscellaneous),True,mixed grab-bag: Software Eng/OOP/Java/Graphics/Web/Cloud topics; not force-merged into any single GATE subject
isro_w_cover::22.1.7,Computer Science,Computer Graphics,Computer Science (Miscellaneous),True,mixed grab-bag: Software Eng/OOP/Java/Graphics/Web/Cloud topics; not force-merged into any single GATE subject
isro_w_cover::22.2.1,Computer Science,Computer Graphics,Computer Science (Miscellaneous),True,mixed grab-bag: Software Eng/OOP/Java/Graphics/Web/Cloud topics; not force-merged into any single GATE subject
isro_w_cover::22.3.1,Computer Science,Operating System,Computer Science (Miscellaneous),True,mixed grab-bag: Software Eng/OOP/Java/Graphics/Web/Cloud topics; not force-merged into any single GATE subject
isro_w_cover::23.1.1,Computer Science,Computer Peripherals,Computer Science (Miscellaneous),True,mixed grab-bag: Software Eng/OOP/Java/Graphics/Web/Cloud topics; not force-merged into any single GATE subject
isro_w_cover::23.1.2,Computer Science,Computer Peripherals,Computer Science (Miscellaneous),True,mixed grab-bag: Software Eng/OOP/Java/Graphics/Web/Cloud topics; not force-merged into any single GATE subject
isro_w_cover::23.1.3,Computer Science,Computer Peripherals,Computer Science (Miscellaneous),True,mixed grab-bag: Software Eng/OOP/Java/Graphics/Web/Cloud topics; not force-merged into any single GATE subject
isro_w_cover::23.1.4,Computer Science,Computer Peripherals,Computer Science (Miscellaneous),True,mixed grab-bag: Software Eng/OOP/Java/Graphics/Web/Cloud topics; not force-merged into any single GATE subject
isro_w_cover::23.1.5,Computer Science,Computer Peripherals,Computer Science (Miscellaneous),True,mixed grab-bag: Software Eng/OOP/Java/Graphics/Web/Cloud topics; not force-merged into any single GATE subject
isro_w_cover::23.2.1,Computer Science,Computer Peripherals,Computer Science (Miscellaneous),True,mixed grab-bag: Software Eng/OOP/Java/Graphics/Web/Cloud topics; not force-merged into any single GATE subject
isro_w_cover::24.1.1,Computer Science,Digital Image Processing,Computer Science (Miscellaneous),True,mixed grab-bag: Software Eng/OOP/Java/Graphics/Web/Cloud topics; not force-merged into any single GATE subject
isro_w_cover::24.1.2,Computer Science,Digital Image Processing,Computer Science (Miscellaneous),True,mixed grab-bag: Software Eng/OOP/Java/Graphics/Web/Cloud topics; not force-merged into any single GATE subject
isro_w_cover::24.1.3,Computer Science,Digital Image Processing,Computer Science (Miscellaneous),True,mixed grab-bag: Software Eng/OOP/Java/Graphics/Web/Cloud topics; not force-merged into any single GATE subject
isro_w_cover::24.2.1,Computer Science,Digital Image Processing,Computer Science (Miscellaneous),True,mixed grab-bag: Software Eng/OOP/Java/Graphics/Web/Cloud topics; not force-merged into any single GATE subject
isro_w_cover::25.1.1,Computer Science,Digital Signal Processing,Computer Science (Miscellaneous),True,mixed grab-bag: Software Eng/OOP/Java/Graphics/Web/Cloud topics; not force-merged into any single GATE subject
isro_w_cover::26.1.1,Computer Science,Distributed Computing,Computer Science (Miscellaneous),True,mixed grab-bag: Software Eng/OOP/Java/Graphics/Web/Cloud topics; not force-merged into any single GATE subject
isro_w_cover::27.1.1,Mathematics,Geometry,Engineering Mathematics,True,fallback for non-discrete-math topics; see TOPIC_OVERRIDES for the Discrete-Math split
isro_w_cover::27.2.2,Mathematics,Geometry,Engineering Mathematics,True,fallback for non-discrete-math topics; see TOPIC_OVERRIDES for the Discrete-Math split
isro_w_cover::27.2.3,Mathematics,Geometry,Engineering Mathematics,True,fallback for non-discrete-math topics; see TOPIC_OVERRIDES for the Discrete-Math split
isro_w_cover::28.1.1,Digital Electronics,Integrated Circuits,Digital Logic,True,same GATE syllabus section as Digital Logic
isro_w_cover::28.1.2,Digital Electronics,Integrated Circuits,Digital Logic,True,same GATE syllabus section as Digital Logic
isro_w_cover::28.1.3,Digital Electronics,Integrated Circuits,Digital Logic,True,same GATE syllabus section as Digital Logic
isro_w_cover::28.1.4,Digital Electronics,Integrated Circuits,Digital Logic,True,same GATE syllabus section as Digital Logic
isro_w_cover::29.1.1,Computer Science,Software Engineering,Computer Science (Miscellaneous),True,mixed grab-bag: Software Eng/OOP/Java/Graphics/Web/Cloud topics; not force-merged into any single GATE subject
isro_w_cover::29.2.3,Computer Science,Software Engineering,Computer Science (Miscellaneous),True,mixed grab-bag: Software Eng/OOP/Java/Graphics/Web/Cloud topics; not force-merged into any single GATE subject
isro_w_cover::29.2.4,Computer Science,Software Engineering,Computer Science (Miscellaneous),True,mixed grab-bag: Software Eng/OOP/Java/Graphics/Web/Cloud topics; not force-merged into any single GATE subject
isro_w_cover::29.2.5,Computer Science,Software Engineering,Computer Science (Miscellaneous),True,mixed grab-bag: Software Eng/OOP/Java/Graphics/Web/Cloud topics; not force-merged into any single GATE subject
isro_w_cover::29.2.6,Computer Science,Software Engineering,Computer Science (Miscellaneous),True,mixed grab-bag: Software Eng/OOP/Java/Graphics/Web/Cloud topics; not force-merged into any single GATE subject
isro_w_cover::29.3.1,Computer Science,Software Engineering,Computer Science (Miscellaneous),True,mixed grab-bag: Software Eng/OOP/Java/Graphics/Web/Cloud topics; not force-merged into any single GATE subject
isro_w_cover::29.3.2,Computer Science,Software Engineering,Computer Science (Miscellaneous),True,mixed grab-bag: Software Eng/OOP/Java/Graphics/Web/Cloud topics; not force-merged into any single GATE subject
isro_w_cover::29.3.3,Computer Science,Software Engineering,Computer Science (Miscellaneous),True,mixed grab-bag: Software Eng/OOP/Java/Graphics/Web/Cloud topics; not force-merged into any single GATE subject
isro_w_cover::29.3.4,Computer Science,Software Engineering,Computer Science (Miscellaneous),True,mixed grab-bag: Software Eng/OOP/Java/Graphics/Web/Cloud topics; not force-merged into any single GATE subject
isro_w_cover::29.3.5,Computer Science,Software Engineering,Computer Science (Miscellaneous),True,mixed grab-bag: Software Eng/OOP/Java/Graphics/Web/Cloud topics; not force-merged into any single GATE subject
isro_w_cover::29.3.6,Computer Science,Software Engineering,Computer Science (Miscellaneous),True,mixed grab-bag: Software Eng/OOP/Java/Graphics/Web/Cloud topics; not force-merged into any single GATE subject
isro_w_cover::29.3.7,Computer Science,Software Engineering,Computer Science (Miscellaneous),True,mixed grab-bag: Software Eng/OOP/Java/Graphics/Web/Cloud topics; not force-merged into any single GATE subject
isro_w_cover::29.3.8,Computer Science,Software Engineering,Computer Science (Miscellaneous),True,mixed grab-bag: Software Eng/OOP/Java/Graphics/Web/Cloud topics; not force-merged into any single GATE subject
isro_w_cover::29.3.9,Computer Science,Software Engineering,Computer Science (Miscellaneous),True,mixed grab-bag: Software Eng/OOP/Java/Graphics/Web/Cloud topics; not force-merged into any single GATE subject
isro_w_cover::29.3.10,Computer Science,Software Engineering,Computer Science (Miscellaneous),True,mixed grab-bag: Software Eng/OOP/Java/Graphics/Web/Cloud topics; not force-merged into any single GATE subject
isro_w_cover::29.3.11,Computer Science,Software Engineering,Computer Science (Miscellaneous),True,mixed grab-bag: Software Eng/OOP/Java/Graphics/Web/Cloud topics; not force-merged into any single GATE subject
isro_w_cover::29.3.12,Computer Science,Software Engineering,Computer Science (Miscellaneous),True,mixed grab-bag: Software Eng/OOP/Java/Graphics/Web/Cloud topics; not force-merged into any single GATE subject
isro_w_cover::29.3.13,Computer Science,Software Engineering,Computer Science (Miscellaneous),True,mixed grab-bag: Software Eng/OOP/Java/Graphics/Web/Cloud topics; not force-merged into any single GATE subject
isro_w_cover::29.3.14,Computer Science,Software Engineering,Computer Science (Miscellaneous),True,mixed grab-bag: Software Eng/OOP/Java/Graphics/Web/Cloud topics; not force-merged into any single GATE subject
isro_w_cover::29.3.15,Computer Science,Software Engineering,Computer Science (Miscellaneous),True,mixed grab-bag: Software Eng/OOP/Java/Graphics/Web/Cloud topics; not force-merged into any single GATE subject
isro_w_cover::29.3.16,Computer Science,Software Engineering,Computer Science (Miscellaneous),True,mixed grab-bag: Software Eng/OOP/Java/Graphics/Web/Cloud topics; not force-merged into any single GATE subject
isro_w_cover::29.3.17,Computer Science,Software Engineering,Computer Science (Miscellaneous),True,mixed grab-bag: Software Eng/OOP/Java/Graphics/Web/Cloud topics; not force-merged into any single GATE subject
isro_w_cover::29.3.18,Computer Science,Software Engineering,Computer Science (Miscellaneous),True,mixed grab-bag: Software Eng/OOP/Java/Graphics/Web/Cloud topics; not force-merged into any single GATE subject
isro_w_cover::29.3.19,Computer Science,Software Engineering,Computer Science (Miscellaneous),True,mixed grab-bag: Software Eng/OOP/Java/Graphics/Web/Cloud topics; not force-merged into any single GATE subject
isro_w_cover::29.3.20,Computer Science,Software Engineering,Computer Science (Miscellaneous),True,mixed grab-bag: Software Eng/OOP/Java/Graphics/Web/Cloud topics; not force-merged into any single GATE subject
isro_w_cover::29.3.21,Computer Science,Software Engineering,Computer Science (Miscellaneous),True,mixed grab-bag: Software Eng/OOP/Java/Graphics/Web/Cloud topics; not force-merged into any single GATE subject
isro_w_cover::29.3.22,Computer Science,Software Engineering,Computer Science (Miscellaneous),True,mixed grab-bag: Software Eng/OOP/Java/Graphics/Web/Cloud topics; not force-merged into any single GATE subject
isro_w_cover::29.3.23,Computer Science,Software Engineering,Computer Science (Miscellaneous),True,mixed grab-bag: Software Eng/OOP/Java/Graphics/Web/Cloud topics; not force-merged into any single GATE subject
isro_w_cover::29.4.1,Computer Science,Software Engineering,Computer Science (Miscellaneous),True,mixed grab-bag: Software Eng/OOP/Java/Graphics/Web/Cloud topics; not force-merged into any single GATE subject
isro_w_cover::29.6.1,Computer Science,Software Engineering,Computer Science (Miscellaneous),True,mixed grab-bag: Software Eng/OOP/Java/Graphics/Web/Cloud topics; not force-merged into any single GATE subject
isro_w_cover::29.7.1,Computer Science,Software Engineering,Computer Science (Miscellaneous),True,mixed grab-bag: Software Eng/OOP/Java/Graphics/Web/Cloud topics; not force-merged into any single GATE subject
isro_w_cover::29.8.1,Computer Science,Software Engineering,Computer Science (Miscellaneous),True,mixed grab-bag: Software Eng/OOP/Java/Graphics/Web/Cloud topics; not force-merged into any single GATE subject
isro_w_cover::29.9.1,Computer Science,Software Engineering,Computer Science (Miscellaneous),True,mixed grab-bag: Software Eng/OOP/Java/Graphics/Web/Cloud topics; not force-merged into any single GATE subject
isro_w_cover::29.10.1,Computer Science,Software Engineering,Computer Science (Miscellaneous),True,mixed grab-bag: Software Eng/OOP/Java/Graphics/Web/Cloud topics; not force-merged into any single GATE subject
isro_w_cover::29.10.2,Computer Science,Software Engineering,Computer Science (Miscellaneous),True,mixed grab-bag: Software Eng/OOP/Java/Graphics/Web/Cloud topics; not force-merged into any single GATE subject
isro_w_cover::29.10.3,Computer Science,Software Engineering,Computer Science (Miscellaneous),True,mixed grab-bag: Software Eng/OOP/Java/Graphics/Web/Cloud topics; not force-merged into any single GATE subject
isro_w_cover::29.10.4,Computer Science,Software Engineering,Computer Science (Miscellaneous),True,mixed grab-bag: Software Eng/OOP/Java/Graphics/Web/Cloud topics; not force-merged into any single GATE subject
isro_w_cover::29.10.5,Mathematics,Probability,Engineering Mathematics,True,fallback for non-discrete-math topics; see TOPIC_OVERRIDES for the Discrete-Math split
isro_w_cover::29.10.6,Mathematics,Probability,Engineering Mathematics,True,fallback for non-discrete-math topics; see TOPIC_OVERRIDES for the Discrete-Math split
isro_w_cover::29.10.7,Computer Science,Software Engineering,Computer Science (Miscellaneous),True,mixed grab-bag: Software Eng/OOP/Java/Graphics/Web/Cloud topics; not force-merged into any single GATE subject
isro_w_cover::29.10.8,Computer Science,Software Engineering,Computer Science (Miscellaneous),True,mixed grab-bag: Software Eng/OOP/Java/Graphics/Web/Cloud topics; not force-merged into any single GATE subject
isro_w_cover::29.10.9,Computer Science,Software Engineering,Computer Science (Miscellaneous),True,mixed grab-bag: Software Eng/OOP/Java/Graphics/Web/Cloud topics; not force-merged into any single GATE subject
isro_w_cover::29.10.10,Computer Science,Software Engineering,Computer Science (Miscellaneous),True,mixed grab-bag: Software Eng/OOP/Java/Graphics/Web/Cloud topics; not force-merged into any single GATE subject
isro_w_cover::29.10.11,Computer Science,Software Engineering,Computer Science (Miscellaneous),True,mixed grab-bag: Software Eng/OOP/Java/Graphics/Web/Cloud topics; not force-merged into any single GATE subject
isro_w_cover::29.10.12,Computer Science,Software Engineering,Computer Science (Miscellaneous),True,mixed grab-bag: Software Eng/OOP/Java/Graphics/Web/Cloud topics; not force-merged into any single GATE subject
isro_w_cover::29.11.1,Computer Science,Software Engineering,Computer Science (Miscellaneous),True,mixed grab-bag: Software Eng/OOP/Java/Graphics/Web/Cloud topics; not force-merged into any single GATE subject
isro_w_cover::29.12.1,Computer Science,Software Engineering,Computer Science (Miscellaneous),True,mixed grab-bag: Software Eng/OOP/Java/Graphics/Web/Cloud topics; not force-merged into any single GATE subject
isro_w_cover::29.12.2,Computer Science,Software Engineering,Computer Science (Miscellaneous),True,mixed grab-bag: Software Eng/OOP/Java/Graphics/Web/Cloud topics; not force-merged into any single GATE subject
isro_w_cover::30.1.1,Computer Science,Java Programming,Computer Science (Miscellaneous),True,mixed grab-bag: Software Eng/OOP/Java/Graphics/Web/Cloud topics; not force-merged into any single GATE subject
isro_w_cover::30.1.2,Computer Science,Java Programming,Computer Science (Miscellaneous),True,mixed grab-bag: Software Eng/OOP/Java/Graphics/Web/Cloud topics; not force-merged into any single GATE subject
isro_w_cover::30.1.3,Computer Science,Java Programming,Computer Science (Miscellaneous),True,mixed grab-bag: Software Eng/OOP/Java/Graphics/Web/Cloud topics; not force-merged into any single GATE subject
isro_w_cover::30.1.4,Computer Science,Java Programming,Computer Science (Miscellaneous),True,mixed grab-bag: Software Eng/OOP/Java/Graphics/Web/Cloud topics; not force-merged into any single GATE subject
isro_w_cover::30.1.5,Computer Science,Java Programming,Computer Science (Miscellaneous),True,mixed grab-bag: Software Eng/OOP/Java/Graphics/Web/Cloud topics; not force-merged into any single GATE subject
isro_w_cover::30.1.6,Computer Science,Java Programming,Computer Science (Miscellaneous),True,mixed grab-bag: Software Eng/OOP/Java/Graphics/Web/Cloud topics; not force-merged into any single GATE subject
isro_w_cover::30.1.7,Computer Science,Java Programming,Computer Science (Miscellaneous),True,mixed grab-bag: Software Eng/OOP/Java/Graphics/Web/Cloud topics; not force-merged into any single GATE subject
isro_w_cover::31.1.1,Computer Science,Multimedia,Computer Science (Miscellaneous),True,mixed grab-bag: Software Eng/OOP/Java/Graphics/Web/Cloud topics; not force-merged into any single GATE subject
isro_w_cover::31.1.2,Computer Science,Multimedia,Computer Science (Miscellaneous),True,mixed grab-bag: Software Eng/OOP/Java/Graphics/Web/Cloud topics; not force-merged into any single GATE subject
isro_w_cover::32.1.1,Mathematics,Numerical Methods,Engineering Mathematics,True,fallback for non-discrete-math topics; see TOPIC_OVERRIDES for the Discrete-Math split
isro_w_cover::32.2.1,Mathematics,Numerical Methods,Engineering Mathematics,True,fallback for non-discrete-math topics; see TOPIC_OVERRIDES for the Discrete-Math split
isro_w_cover::32.3.1,Mathematics,Numerical Methods,Engineering Mathematics,True,fallback for non-discrete-math topics; see TOPIC_OVERRIDES for the Discrete-Math split
isro_w_cover::32.4.1,Mathematics,Numerical Methods,Engineering Mathematics,True,fallback for non-discrete-math topics; see TOPIC_OVERRIDES for the Discrete-Math split
isro_w_cover::32.4.2,Mathematics,Numerical Methods,Engineering Mathematics,True,fallback for non-discrete-math topics; see TOPIC_OVERRIDES for the Discrete-Math split
isro_w_cover::32.4.3,Mathematics,Numerical Methods,Engineering Mathematics,True,fallback for non-discrete-math topics; see TOPIC_OVERRIDES for the Discrete-Math split
isro_w_cover::32.4.4,Mathematics,Numerical Methods,Engineering Mathematics,True,fallback for non-discrete-math topics; see TOPIC_OVERRIDES for the Discrete-Math split
isro_w_cover::32.4.5,Mathematics,Numerical Methods,Engineering Mathematics,True,fallback for non-discrete-math topics; see TOPIC_OVERRIDES for the Discrete-Math split
isro_w_cover::32.5.1,Mathematics,Numerical Methods,Engineering Mathematics,True,fallback for non-discrete-math topics; see TOPIC_OVERRIDES for the Discrete-Math split
isro_w_cover::33.1.1,Computer Science,Object Oriented Programming,Computer Science (Miscellaneous),True,mixed grab-bag: Software Eng/OOP/Java/Graphics/Web/Cloud topics; not force-merged into any single GATE subject
isro_w_cover::33.2.1,Computer Science,Object Oriented Programming,Computer Science (Miscellaneous),True,mixed grab-bag: Software Eng/OOP/Java/Graphics/Web/Cloud topics; not force-merged into any single GATE subject
isro_w_cover::33.3.1,Computer Science,Object Oriented Programming,Computer Science (Miscellaneous),True,mixed grab-bag: Software Eng/OOP/Java/Graphics/Web/Cloud topics; not force-merged into any single GATE subject
isro_w_cover::33.3.2,Computer Science,Object Oriented Programming,Computer Science (Miscellaneous),True,mixed grab-bag: Software Eng/OOP/Java/Graphics/Web/Cloud topics; not force-merged into any single GATE subject
isro_w_cover::33.3.3,Computer Science,Object Oriented Programming,Computer Science (Miscellaneous),True,mixed grab-bag: Software Eng/OOP/Java/Graphics/Web/Cloud topics; not force-merged into any single GATE subject
isro_w_cover::33.3.4,Computer Science,Object Oriented Programming,Computer Science (Miscellaneous),True,mixed grab-bag: Software Eng/OOP/Java/Graphics/Web/Cloud topics; not force-merged into any single GATE subject
isro_w_cover::33.3.5,Computer Science,Object Oriented Programming,Computer Science (Miscellaneous),True,mixed grab-bag: Software Eng/OOP/Java/Graphics/Web/Cloud topics; not force-merged into any single GATE subject
isro_w_cover::33.3.6,Computer Science,Object Oriented Programming,Computer Science (Miscellaneous),True,mixed grab-bag: Software Eng/OOP/Java/Graphics/Web/Cloud topics; not force-merged into any single GATE subject
isro_w_cover::33.3.7,Computer Science,Object Oriented Programming,Computer Science (Miscellaneous),True,mixed grab-bag: Software Eng/OOP/Java/Graphics/Web/Cloud topics; not force-merged into any single GATE subject
isro_w_cover::33.4.1,Computer Science,Object Oriented Programming,Computer Science (Miscellaneous),True,mixed grab-bag: Software Eng/OOP/Java/Graphics/Web/Cloud topics; not force-merged into any single GATE subject
isro_w_cover::33.5.1,Computer Science,Object Oriented Programming,Computer Science (Miscellaneous),True,mixed grab-bag: Software Eng/OOP/Java/Graphics/Web/Cloud topics; not force-merged into any single GATE subject
isro_w_cover::34.1.1,Computer Science,Computer Peripherals,Computer Science (Miscellaneous),True,mixed grab-bag: Software Eng/OOP/Java/Graphics/Web/Cloud topics; not force-merged into any single GATE subject
isro_w_cover::35.1.1,Computer Science,Web Technologies,Computer Science (Miscellaneous),True,mixed grab-bag: Software Eng/OOP/Java/Graphics/Web/Cloud topics; not force-merged into any single GATE subject
isro_w_cover::35.1.2,Computer Science,Web Technologies,Computer Science (Miscellaneous),True,mixed grab-bag: Software Eng/OOP/Java/Graphics/Web/Cloud topics; not force-merged into any single GATE subject
isro_w_cover::35.1.3,Computer Science,Web Technologies,Computer Science (Miscellaneous),True,mixed grab-bag: Software Eng/OOP/Java/Graphics/Web/Cloud topics; not force-merged into any single GATE subject
isro_w_cover::35.1.4,Computer Science,Web Technologies,Computer Science (Miscellaneous),True,mixed grab-bag: Software Eng/OOP/Java/Graphics/Web/Cloud topics; not force-merged into any single GATE subject
isro_w_cover::35.2.1,Computer Science,Web Technologies,Computer Science (Miscellaneous),True,mixed grab-bag: Software Eng/OOP/Java/Graphics/Web/Cloud topics; not force-merged into any single GATE subject
isro_w_cover::35.3.1,Computer Science,Web Technologies,Computer Science (Miscellaneous),True,mixed grab-bag: Software Eng/OOP/Java/Graphics/Web/Cloud topics; not force-merged into any single GATE subject
isro_w_cover::35.3.2,Computer Science,Web Technologies,Computer Science (Miscellaneous),True,mixed grab-bag: Software Eng/OOP/Java/Graphics/Web/Cloud topics; not force-merged into any single GATE subject
isro_w_cover::35.3.3,Computer Networks,Network Security,Computer Networks,False,canonical form
isro_w_cover::35.4.1,Computer Science,Web Technologies,Computer Science (Miscellaneous),True,mixed grab-bag: Software Eng/OOP/Java/Graphics/Web/Cloud topics; not force-merged into any single GATE subject
isro_w_cover::35.4.2,Computer Science,Web Technologies,Computer Science (Miscellaneous),True,mixed grab-bag: Software Eng/OOP/Java/Graphics/Web/Cloud topics; not force-merged into any single GATE subject
isro_w_cover::36.0.1,Operating System,Operating System,Operating Systems,False,case/pluralization dupe
isro_w_cover::36.0.2,Operating System,Operating System,Operating Systems,False,case/pluralization dupe
isro_w_cover::36.0.3,Operating System,Operating System,Operating Systems,False,case/pluralization dupe
isro_w_cover::36.0.4,Operating System,Operating System,Operating Systems,False,case/pluralization dupe
isro_w_cover::36.0.5,Operating System,Operating System,Operating Systems,False,case/pluralization dupe
isro_w_cover::36.0.6,Operating System,Operating System,Operating Systems,False,case/pluralization dupe
isro_w_cover::36.0.7,Operating System,Operating System,Operating Systems,False,case/pluralization dupe
isro_w_cover::36.0.8,Operating System,Operating System,Operating Systems,False,case/pluralization dupe
isro_w_cover::36.0.9,Operating System,Operating System,Operating Systems,False,case/pluralization dupe
isro_w_cover::36.0.10,Operating System,Operating System,Operating Systems,False,case/pluralization dupe
isro_w_cover::36.1.1,Operating System,Operating System,Operating Systems,False,case/pluralization dupe
isro_w_cover::36.2.1,Operating System,Operating System,Operating Systems,False,case/pluralization dupe
isro_w_cover::36.3.1,Operating System,Operating System,Operating Systems,False,case/pluralization dupe
isro_w_cover::36.4.1,Operating System,Operating System,Operating Systems,False,case/pluralization dupe
isro_w_cover::36.5.1,Operating System,Operating System,Operating Systems,False,case/pluralization dupe
isro_w_cover::36.5.2,Operating System,Deadlock,Operating Systems,False,case/pluralization dupe
isro_w_cover::36.5.3,Operating System,Deadlock,Operating Systems,False,case/pluralization dupe
isro_w_cover::36.5.4,Operating System,Deadlock,Operating Systems,False,case/pluralization dupe
isro_w_cover::36.6.1,Operating System,Disk Storage,Operating Systems,False,case/pluralization dupe
isro_w_cover::36.6.2,Operating System,Disk Storage,Operating Systems,False,case/pluralization dupe
isro_w_cover::36.6.3,Operating System,Disk Storage,Operating Systems,False,case/pluralization dupe
isro_w_cover::36.6.4,Operating System,Disk Storage,Operating Systems,False,case/pluralization dupe
isro_w_cover::36.6.6,Operating System,Disk Storage,Operating Systems,False,case/pluralization dupe
isro_w_cover::36.6.7,Operating System,Disk Storage,Operating Systems,False,case/pluralization dupe
isro_w_cover::36.6.8,Operating System,Disk Storage,Operating Systems,False,case/pluralization dupe
isro_w_cover::36.6.10,Operating System,Disk Scheduling,Operating Systems,False,case/pluralization dupe
isro_w_cover::36.6.11,Operating System,Disk Storage,Operating Systems,False,case/pluralization dupe
isro_w_cover::36.7.1,Operating System,Disk Scheduling,Operating Systems,False,case/pluralization dupe
isro_w_cover::36.7.3,Operating System,Disk Scheduling,Operating Systems,False,case/pluralization dupe
isro_w_cover::36.8.1,Operating System,Page Replacement,Operating Systems,False,case/pluralization dupe
isro_w_cover::36.10.1,Operating System,Process Management,Operating Systems,False,case/pluralization dupe
isro_w_cover::36.10.2,Operating System,Process Management,Operating Systems,False,case/pluralization dupe
isro_w_cover::36.10.3,Operating System,Process Management,Operating Systems,False,case/pluralization dupe
isro_w_cover::36.10.4,Operating System,Process Management,Operating Systems,False,case/pluralization dupe
isro_w_cover::36.11.1,Operating System,Memory Management,Operating Systems,False,case/pluralization dupe
isro_w_cover::36.12.1,General Aptitude,I/O Devices,General Aptitude,False,canonical form
isro_w_cover::36.13.1,Operating System,I/O Handling,Operating Systems,False,case/pluralization dupe
isro_w_cover::36.13.2,Operating System,I/O Handling,Operating Systems,False,case/pluralization dupe
isro_w_cover::36.13.3,Operating System,I/O Handling,Operating Systems,False,case/pluralization dupe
isro_w_cover::36.14.1,Operating System,Process Management,Operating Systems,False,case/pluralization dupe
isro_w_cover::36.15.1,Operating System,Memory Management,Operating Systems,False,case/pluralization dupe
isro_w_cover::36.15.2,Operating System,Memory Management,Operating Systems,False,case/pluralization dupe
isro_w_cover::36.15.3,Operating System,Memory Management,Operating Systems,False,case/pluralization dupe
isro_w_cover::36.15.4,Operating System,Memory Management,Operating Systems,False,case/pluralization dupe
isro_w_cover::36.15.5,Operating System,Memory Management,Operating Systems,False,case/pluralization dupe
isro_w_cover::36.15.6,Operating System,Memory Management,Operating Systems,False,case/pluralization dupe
isro_w_cover::36.17.1,Operating System,Process Synchronization,Operating Systems,False,case/pluralization dupe
isro_w_cover::36.17.2,Operating System,Process Synchronization,Operating Systems,False,case/pluralization dupe
isro_w_cover::36.18.1,Operating System,Page Replacement,Operating Systems,False,case/pluralization dupe
isro_w_cover::36.18.2,Operating System,Page Replacement,Operating Systems,False,case/pluralization dupe
isro_w_cover::36.18.3,Operating System,Page Replacement,Operating Systems,False,case/pluralization dupe
isro_w_cover::36.18.4,Operating System,Page Replacement,Operating Systems,False,case/pluralization dupe
isro_w_cover::36.18.5,Operating System,Page Replacement,Operating Systems,False,case/pluralization dupe
isro_w_cover::36.18.6,Operating System,Page Replacement,Operating Systems,False,case/pluralization dupe
isro_w_cover::36.18.7,Operating System,Page Replacement,Operating Systems,False,case/pluralization dupe
isro_w_cover::36.18.8,Operating System,Page Replacement,Operating Systems,False,case/pluralization dupe
isro_w_cover::36.18.9,Operating System,Page Replacement,Operating Systems,False,case/pluralization dupe
isro_w_cover::36.18.10,Operating System,Page Replacement,Operating Systems,False,case/pluralization dupe
isro_w_cover::36.18.11,Operating System,Page Replacement,Operating Systems,False,case/pluralization dupe
isro_w_cover::36.18.12,Operating System,Page Replacement,Operating Systems,False,case/pluralization dupe
isro_w_cover::36.18.13,Operating System,Page Replacement,Operating Systems,False,case/pluralization dupe
isro_w_cover::36.19.1,Operating System,Process Management,Operating Systems,False,case/pluralization dupe
isro_w_cover::36.20.1,Operating System,Process Management,Operating Systems,False,case/pluralization dupe
isro_w_cover::36.20.2,Operating System,Process Management,Operating Systems,False,case/pluralization dupe
isro_w_cover::36.20.3,Operating System,Process Management,Operating Systems,False,case/pluralization dupe
isro_w_cover::36.20.4,Operating System,Process Management,Operating Systems,False,case/pluralization dupe
isro_w_cover::36.20.6,Operating System,Process Management,Operating Systems,False,case/pluralization dupe
isro_w_cover::36.20.7,Operating System,Process Management,Operating Systems,False,case/pluralization dupe
isro_w_cover::36.20.8,Operating System,Process Management,Operating Systems,False,case/pluralization dupe
isro_w_cover::36.21.1,Operating System,Process Scheduling,Operating Systems,False,case/pluralization dupe
isro_w_cover::36.21.2,Operating System,Process Scheduling,Operating Systems,False,case/pluralization dupe
isro_w_cover::36.21.3,Operating System,Process Scheduling,Operating Systems,False,case/pluralization dupe
isro_w_cover::36.21.4,Operating System,Process Scheduling,Operating Systems,False,case/pluralization dupe
isro_w_cover::36.21.5,Operating System,Process Scheduling,Operating Systems,False,case/pluralization dupe
isro_w_cover::36.21.6,Operating System,Process Scheduling,Operating Systems,False,case/pluralization dupe
isro_w_cover::36.21.7,Operating System,Process Scheduling,Operating Systems,False,case/pluralization dupe
isro_w_cover::36.21.8,Operating System,Process Scheduling,Operating Systems,False,case/pluralization dupe
isro_w_cover::36.21.9,Operating System,Process Scheduling,Operating Systems,False,case/pluralization dupe
isro_w_cover::36.21.12,Operating System,Process Scheduling,Operating Systems,False,case/pluralization dupe
isro_w_cover::36.21.13,Operating System,Process Scheduling,Operating Systems,False,case/pluralization dupe
isro_w_cover::36.21.14,Operating System,Process Scheduling,Operating Systems,False,case/pluralization dupe
isro_w_cover::36.21.15,Operating System,Process Scheduling,Operating Systems,False,case/pluralization dupe
isro_w_cover::36.21.16,Operating System,Process Scheduling,Operating Systems,False,case/pluralization dupe
isro_w_cover::36.21.17,Operating System,Process Scheduling,Operating Systems,False,case/pluralization dupe
isro_w_cover::36.21.19,Operating System,Process Scheduling,Operating Systems,False,case/pluralization dupe
isro_w_cover::36.21.20,Operating System,Process Scheduling,Operating Systems,False,case/pluralization dupe
isro_w_cover::36.21.21,Operating System,Process Scheduling,Operating Systems,False,case/pluralization dupe
isro_w_cover::36.21.22,Operating System,Process Scheduling,Operating Systems,False,case/pluralization dupe
isro_w_cover::36.21.23,Operating System,Process Scheduling,Operating Systems,False,case/pluralization dupe
isro_w_cover::36.22.1,Operating System,Process Synchronization,Operating Systems,False,case/pluralization dupe
isro_w_cover::36.22.4,Operating System,Process Synchronization,Operating Systems,False,case/pluralization dupe
isro_w_cover::36.22.5,Operating System,Process Synchronization,Operating Systems,False,case/pluralization dupe
isro_w_cover::36.22.6,Operating System,Process Synchronization,Operating Systems,False,case/pluralization dupe
isro_w_cover::36.22.7,Operating System,Process Synchronization,Operating Systems,False,case/pluralization dupe
isro_w_cover::36.23.1,Operating System,Process Management,Operating Systems,False,case/pluralization dupe
isro_w_cover::36.24.1,Operating System,Process Management,Operating Systems,False,case/pluralization dupe
isro_w_cover::36.25.1,Operating System,Resource Allocation,Operating Systems,False,case/pluralization dupe
isro_w_cover::36.25.2,Operating System,Resource Allocation,Operating Systems,False,case/pluralization dupe
isro_w_cover::36.25.3,Operating System,Resource Allocation,Operating Systems,False,case/pluralization dupe
isro_w_cover::36.25.4,Operating System,Resource Allocation,Operating Systems,False,case/pluralization dupe
isro_w_cover::36.25.5,Operating System,Resource Allocation,Operating Systems,False,case/pluralization dupe
isro_w_cover::36.25.6,Operating System,Resource Allocation,Operating Systems,False,case/pluralization dupe
isro_w_cover::36.25.8,Operating System,Resource Allocation,Operating Systems,False,case/pluralization dupe
isro_w_cover::36.28.1,Operating System,Process Synchronization,Operating Systems,False,case/pluralization dupe
isro_w_cover::36.28.2,Operating System,Process Synchronization,Operating Systems,False,case/pluralization dupe
isro_w_cover::36.28.3,Operating System,Process Synchronization,Operating Systems,False,case/pluralization dupe
isro_w_cover::36.28.4,Operating System,Process Synchronization,Operating Systems,False,case/pluralization dupe
isro_w_cover::36.28.5,Operating System,Process Synchronization,Operating Systems,False,case/pluralization dupe
isro_w_cover::36.28.6,Operating System,Process Synchronization,Operating Systems,False,case/pluralization dupe
isro_w_cover::36.29.1,Operating System,Virtual Memory,Operating Systems,False,case/pluralization dupe
isro_w_cover::36.30.1,Operating System,Memory Management,Operating Systems,False,case/pluralization dupe
isro_w_cover::36.30.2,Operating System,Process Management,Operating Systems,False,case/pluralization dupe
isro_w_cover::36.30.3,Operating System,Process Synchronization,Operating Systems,False,case/pluralization dupe
isro_w_cover::36.31.1,Operating System,Process Management,Operating Systems,False,case/pluralization dupe
isro_w_cover::36.32.1,Operating System,Memory Management,Operating Systems,False,case/pluralization dupe
isro_w_cover::36.32.2,Operating System,Memory Management,Operating Systems,False,case/pluralization dupe
isro_w_cover::36.32.6,Operating System,Page Replacement,Operating Systems,False,case/pluralization dupe
isro_w_cover::36.32.7,Computer Organization and Architecture,Memory Management,Computer Organization and Architecture,False,canonical form
isro_w_cover::36.32.8,Operating System,Memory Management,Operating Systems,False,case/pluralization dupe
isro_w_cover::36.32.9,Operating System,Memory Management,Operating Systems,False,case/pluralization dupe
isro_w_cover::36.32.10,Operating System,Virtualization,Operating Systems,False,case/pluralization dupe
isro_w_cover::37.1.1,Computer Organization and Architecture,Bit Manipulation,Computer Organization and Architecture,False,canonical form
isro_w_cover::37.2.1,General Aptitude,Programming,General Aptitude,False,canonical form
isro_w_cover::38.1.1,Programming and Data Structure,Data Structures,Programming and Data Structures,False,case/pluralization dupe
isro_w_cover::38.1.2,Programming and Data Structure,Data Structures,Programming and Data Structures,False,case/pluralization dupe
isro_w_cover::38.1.3,Programming and Data Structure,Data Structures,Programming and Data Structures,False,case/pluralization dupe
isro_w_cover::38.2.1,Programming and Data Structure,Data Structures,Programming and Data Structures,False,case/pluralization dupe
isro_w_cover::38.2.2,Programming and Data Structure,Data Structures,Programming and Data Structures,False,case/pluralization dupe
isro_w_cover::38.2.3,Mathematics,Arrays,Engineering Mathematics,True,fallback for non-discrete-math topics; see TOPIC_OVERRIDES for the Discrete-Math split
isro_w_cover::38.3.1,Programming and Data Structure,Data Structures,Programming and Data Structures,False,case/pluralization dupe
isro_w_cover::38.3.2,Programming and Data Structure,Data Structures,Programming and Data Structures,False,case/pluralization dupe
isro_w_cover::38.4.1,Programming and Data Structure,Data Structures,Programming and Data Structures,False,case/pluralization dupe
isro_w_cover::38.4.3,Programming and Data Structure,Data Structures,Programming and Data Structures,False,case/pluralization dupe
isro_w_cover::38.4.4,Programming and Data Structure,Data Structures,Programming and Data Structures,False,case/pluralization dupe
isro_w_cover::38.4.5,Programming and Data Structure,Data Structures,Programming and Data Structures,False,case/pluralization dupe
isro_w_cover::38.4.9,Programming and Data Structure,Data Structures,Programming and Data Structures,False,case/pluralization dupe
isro_w_cover::38.4.10,Programming and Data Structure,Data Structures,Programming and Data Structures,False,case/pluralization dupe
isro_w_cover::38.5.1,Programming and Data Structure,Data Structures,Programming and Data Structures,False,case/pluralization dupe
isro_w_cover::38.5.2,Programming and Data Structure,Data Structures,Programming and Data Structures,False,case/pluralization dupe
isro_w_cover::38.5.4,Programming and Data Structure,Data Structures,Programming and Data Structures,False,case/pluralization dupe
isro_w_cover::38.5.5,Programming and Data Structure,Data Structures,Programming and Data Structures,False,case/pluralization dupe
isro_w_cover::38.5.7,Programming and Data Structure,Data Structures,Programming and Data Structures,False,case/pluralization dupe
isro_w_cover::38.8.4,Programming and Data Structure,Data Structures,Programming and Data Structures,False,case/pluralization dupe
isro_w_cover::38.9.2,Programming and Data Structure,Data Structures,Programming and Data Structures,False,case/pluralization dupe
isro_w_cover::38.9.4,Programming and Data Structure,Data Structures,Programming and Data Structures,False,case/pluralization dupe
isro_w_cover::38.9.5,Programming and Data Structure,Data Structures,Programming and Data Structures,False,case/pluralization dupe
isro_w_cover::38.9.7,Programming and Data Structure,Data Structures,Programming and Data Structures,False,case/pluralization dupe
isro_w_cover::38.9.8,Programming and Data Structure,Data Structures,Programming and Data Structures,False,case/pluralization dupe
isro_w_cover::38.9.9,Programming and Data Structure,Data Structures,Programming and Data Structures,False,case/pluralization dupe
isro_w_cover::38.10.1,Computer Organization and Architecture,Expression Evaluation,Computer Organization and Architecture,False,canonical form
isro_w_cover::38.11.1,Programming and Data Structure,Data Structures,Programming and Data Structures,False,case/pluralization dupe
isro_w_cover::38.14.2,Programming and Data Structure,Data Structures,Programming and Data Structures,False,case/pluralization dupe
isro_w_cover::38.14.3,Programming and Data Structure,Data Structures,Programming and Data Structures,False,case/pluralization dupe
isro_w_cover::38.14.6,Programming and Data Structure,Data Structures,Programming and Data Structures,False,case/pluralization dupe
isro_w_cover::38.14.7,Programming and Data Structure,Data Structures,Programming and Data Structures,False,case/pluralization dupe
isro_w_cover::38.15.1,Programming and Data Structure,Data Structures,Programming and Data Structures,False,case/pluralization dupe
isro_w_cover::38.15.4,Programming and Data Structure,Data Structures,Programming and Data Structures,False,case/pluralization dupe
isro_w_cover::38.15.5,Programming and Data Structure,Data Structures,Programming and Data Structures,False,case/pluralization dupe
isro_w_cover::38.16.1,Programming and Data Structure,Data Structures,Programming and Data Structures,False,case/pluralization dupe
isro_w_cover::38.16.2,Programming and Data Structure,Data Structures,Programming and Data Structures,False,case/pluralization dupe
isro_w_cover::39.1.1,Programming and Data Structure,Programming,Programming and Data Structures,False,case/pluralization dupe
isro_w_cover::39.2.1,Programming and Data Structure,Array,Programming and Data Structures,False,case/pluralization dupe
isro_w_cover::39.2.2,Programming and Data Structure,Array,Programming and Data Structures,False,case/pluralization dupe
isro_w_cover::39.4.2,General Aptitude,Programming,General Aptitude,False,canonical form
isro_w_cover::39.5.1,Programming and Data Structure,Programming in C,Programming and Data Structures,False,case/pluralization dupe
isro_w_cover::39.6.1,Programming and Data Structure,Programming in C,Programming and Data Structures,False,case/pluralization dupe
isro_w_cover::39.6.2,Programming and Data Structure,Programming in C,Programming and Data Structures,False,case/pluralization dupe
isro_w_cover::39.6.3,Programming and Data Structure,Programming in C,Programming and Data Structures,False,case/pluralization dupe
isro_w_cover::39.6.4,Programming and Data Structure,Programming in C,Programming and Data Structures,False,case/pluralization dupe
isro_w_cover::39.6.5,Programming and Data Structure,Programming in C,Programming and Data Structures,False,case/pluralization dupe
isro_w_cover::39.6.6,Programming and Data Structure,Programming in C,Programming and Data Structures,False,case/pluralization dupe
isro_w_cover::39.6.7,Programming and Data Structure,Programming in C,Programming and Data Structures,False,case/pluralization dupe
isro_w_cover::39.7.1,Programming and Data Structure,Programming in C,Programming and Data Structures,False,case/pluralization dupe
isro_w_cover::39.8.1,Programming and Data Structure,Programming in C,Programming and Data Structures,False,case/pluralization dupe
isro_w_cover::39.8.2,Programming and Data Structure,Programming in C,Programming and Data Structures,False,case/pluralization dupe
isro_w_cover::39.9.1,Programming and Data Structure,Programming in C,Programming and Data Structures,False,case/pluralization dupe
isro_w_cover::39.9.2,Programming and Data Structure,Programming in C,Programming and Data Structures,False,case/pluralization dupe
isro_w_cover::39.9.3,Programming and Data Structure,Programming in C,Programming and Data Structures,False,case/pluralization dupe
isro_w_cover::39.9.4,Programming and Data Structure,Programming in C,Programming and Data Structures,False,case/pluralization dupe
isro_w_cover::39.9.5,Programming and Data Structure,Programming in C,Programming and Data Structures,False,case/pluralization dupe
isro_w_cover::39.10.1,Compiler Design,Programming,Compiler Design,False,canonical form
isro_w_cover::39.11.1,Programming and Data Structure,Programming in C,Programming and Data Structures,False,case/pluralization dupe
isro_w_cover::39.11.2,Programming and Data Structure,Programming in C,Programming and Data Structures,False,case/pluralization dupe
isro_w_cover::39.11.3,Programming and Data Structure,Programming in C,Programming and Data Structures,False,case/pluralization dupe
isro_w_cover::39.11.4,Programming and Data Structure,Programming in C,Programming and Data Structures,False,case/pluralization dupe
isro_w_cover::39.11.5,Programming and Data Structure,Programming in C,Programming and Data Structures,False,case/pluralization dupe
isro_w_cover::39.11.6,Programming and Data Structure,Programming in C,Programming and Data Structures,False,case/pluralization dupe
isro_w_cover::39.11.7,Programming and Data Structure,Programming in C,Programming and Data Structures,False,case/pluralization dupe
isro_w_cover::39.12.1,Programming and Data Structure,Programming in C,Programming and Data Structures,False,case/pluralization dupe
isro_w_cover::39.12.2,Programming and Data Structure,Programming in C,Programming and Data Structures,False,case/pluralization dupe
isro_w_cover::39.12.3,Programming and Data Structure,Programming in C,Programming and Data Structures,False,case/pluralization dupe
isro_w_cover::39.12.5,Programming and Data Structure,Programming in C,Programming and Data Structures,False,case/pluralization dupe
isro_w_cover::39.12.6,Programming and Data Structure,Programming in C,Programming and Data Structures,False,case/pluralization dupe
isro_w_cover::39.12.7,Programming and Data Structure,Programming in C,Programming and Data Structures,False,case/pluralization dupe
isro_w_cover::39.13.1,Programming and Data Structure,Programming in C,Programming and Data Structures,False,case/pluralization dupe
isro_w_cover::39.13.2,Programming and Data Structure,Programming in C,Programming and Data Structures,False,case/pluralization dupe
isro_w_cover::39.13.3,Programming and Data Structure,Programming in C,Programming and Data Structures,False,case/pluralization dupe
isro_w_cover::39.14.1,Programming and Data Structure,Programming Languages,Programming and Data Structures,False,case/pluralization dupe
isro_w_cover::39.14.2,Programming and Data Structure,Programming in C,Programming and Data Structures,False,case/pluralization dupe
isro_w_cover::39.14.3,Programming and Data Structure,Programming in C,Programming and Data Structures,False,case/pluralization dupe
isro_w_cover::39.15.1,Compiler Design,Semantic Analysis,Compiler Design,False,canonical form
isro_w_cover::39.16.2,Programming and Data Structure,Programming in C,Programming and Data Structures,False,case/pluralization dupe
isro_w_cover::39.17.1,Programming and Data Structure,Programming in C,Programming and Data Structures,False,case/pluralization dupe
isro_w_cover::39.18.1,Programming and Data Structure,Programming in C,Programming and Data Structures,False,case/pluralization dupe
isro_w_cover::40.1.1,Theory of Computation,Closure Properties,Theory of Computation,False,canonical form
isro_w_cover::40.1.2,Theory of Computation,Closure Properties,Theory of Computation,False,canonical form
isro_w_cover::40.2.2,Theory of Computation,Context Free Grammar,Theory of Computation,False,canonical form
isro_w_cover::40.2.4,Theory of Computation,Context Free Grammar,Theory of Computation,False,canonical form
isro_w_cover::40.2.5,Theory of Computation,Context Free Grammar,Theory of Computation,False,canonical form
isro_w_cover::40.3.1,Theory of Computation,Context Free Language,Theory of Computation,False,canonical form
isro_w_cover::40.3.2,Theory of Computation,Context Free Language,Theory of Computation,False,canonical form
isro_w_cover::40.3.3,Theory of Computation,Context Free Language,Theory of Computation,False,canonical form
isro_w_cover::40.3.4,Theory of Computation,Context Free Language,Theory of Computation,False,canonical form
isro_w_cover::40.4.1,Theory of Computation,Chomsky Hierarchy,Theory of Computation,False,canonical form
isro_w_cover::40.5.1,Theory of Computation,Finite Automata,Theory of Computation,False,canonical form
isro_w_cover::40.5.4,Theory of Computation,Finite Automata,Theory of Computation,False,canonical form
isro_w_cover::40.6.1,Mathematics,Mathematical Logic,Discrete Mathematics,False,"topic content is discrete-math, not calculus/probability/linear-algebra"
isro_w_cover::40.7.1,Theory of Computation,Grammar,Theory of Computation,False,canonical form
isro_w_cover::40.7.2,Theory of Computation,Grammar,Theory of Computation,False,canonical form
isro_w_cover::40.7.3,Theory of Computation,Grammar,Theory of Computation,False,canonical form
isro_w_cover::40.8.1,Theory of Computation,Chomsky Hierarchy,Theory of Computation,False,canonical form
isro_w_cover::40.8.2,Theory of Computation,Chomsky Hierarchy,Theory of Computation,False,canonical form
isro_w_cover::40.9.1,Theory of Computation,Finite Automata,Theory of Computation,False,canonical form
isro_w_cover::40.10.1,Theory of Computation,Pushdown Automata,Theory of Computation,False,canonical form
isro_w_cover::40.11.1,Theory of Computation,Recursive and Recursively Enumerable Languages,Theory of Computation,False,canonical form
isro_w_cover::40.11.2,Theory of Computation,Recursive and Recursively Enumerable Languages,Theory of Computation,False,canonical form
isro_w_cover::40.11.3,Theory of Computation,Recursive and Recursively Enumerable Languages,Theory of Computation,False,canonical form
isro_w_cover::40.12.1,Theory of Computation,Recursively Enumerable Languages,Theory of Computation,False,canonical form
isro_w_cover::40.13.1,Theory of Computation,Regular Expression,Theory of Computation,False,canonical form
isro_w_cover::40.13.2,Theory of Computation,Regular Expression,Theory of Computation,False,canonical form
isro_w_cover::40.13.5,Theory of Computation,Regular Expression,Theory of Computation,False,canonical form
isro_w_cover::40.14.1,Theory of Computation,Regular Language,Theory of Computation,False,canonical form
isro_w_cover::40.14.2,Theory of Computation,Regular Language,Theory of Computation,False,canonical form
isro_w_cover::40.14.3,Theory of Computation,Regular Language,Theory of Computation,False,canonical form
isro_w_cover::40.15.1,General Aptitude,Combinatorics,General Aptitude,False,canonical form
isro_w_cover::40.16.1,Theory of Computation,Turing Machine,Theory of Computation,False,canonical form
isro_w_cover::40.16.2,Theory of Computation,Turing Machine,Theory of Computation,False,canonical form
isro_w_cover::40.16.3,Theory of Computation,Turing Machine,Theory of Computation,False,canonical form
volume1::1.1.1,Discrete Mathematics,Combinatorics,Discrete Mathematics,False,"canonical form, kept distinct (large, coherent bucket)"
volume1::1.1.2,Discrete Mathematics,Combinatorics,Discrete Mathematics,False,"canonical form, kept distinct (large, coherent bucket)"
volume1::1.1.3,Discrete Mathematics,Combinatorics,Discrete Mathematics,False,"canonical form, kept distinct (large, coherent bucket)"
volume1::1.1.4,Discrete Mathematics,Combinatorics,Discrete Mathematics,False,"canonical form, kept distinct (large, coherent bucket)"
volume1::1.2.1,Discrete Mathematics,Combinatorics,Discrete Mathematics,False,"canonical form, kept distinct (large, coherent bucket)"
volume1::1.2.10,Discrete Mathematics,Combinatorics,Discrete Mathematics,False,"canonical form, kept distinct (large, coherent bucket)"
volume1::1.2.11,Discrete Mathematics,Combinatorics,Discrete Mathematics,False,"canonical form, kept distinct (large, coherent bucket)"
volume1::1.2.12,Discrete Mathematics,Combinatorics,Discrete Mathematics,False,"canonical form, kept distinct (large, coherent bucket)"
volume1::1.2.13,Discrete Mathematics,Combinatorics,Discrete Mathematics,False,"canonical form, kept distinct (large, coherent bucket)"
volume1::1.2.14,Discrete Mathematics,Combinatorics,Discrete Mathematics,False,"canonical form, kept distinct (large, coherent bucket)"
volume1::1.2.15,Discrete Mathematics,Combinatorics,Discrete Mathematics,False,"canonical form, kept distinct (large, coherent bucket)"
volume1::1.2.16,Discrete Mathematics,Combinatorics,Discrete Mathematics,False,"canonical form, kept distinct (large, coherent bucket)"
volume1::1.2.17,Discrete Mathematics,Combinatorics,Discrete Mathematics,False,"canonical form, kept distinct (large, coherent bucket)"
volume1::1.2.18,Discrete Mathematics,Combinatorics,Discrete Mathematics,False,"canonical form, kept distinct (large, coherent bucket)"
volume1::1.2.19,Discrete Mathematics,Combinatorics,Discrete Mathematics,False,"canonical form, kept distinct (large, coherent bucket)"
volume1::1.2.2,Discrete Mathematics,Combinatorics,Discrete Mathematics,False,"canonical form, kept distinct (large, coherent bucket)"
volume1::1.2.20,Discrete Mathematics,Combinatorics,Discrete Mathematics,False,"canonical form, kept distinct (large, coherent bucket)"
volume1::1.2.21,Computer Organization and Architecture,Combinatorics,Computer Organization and Architecture,False,canonical form
volume1::1.2.22,Discrete Mathematics,Combinatorics,Discrete Mathematics,False,"canonical form, kept distinct (large, coherent bucket)"
volume1::1.2.3,Discrete Mathematics,Combinatorics,Discrete Mathematics,False,"canonical form, kept distinct (large, coherent bucket)"
volume1::1.2.5,Discrete Mathematics,Combinatorics,Discrete Mathematics,False,"canonical form, kept distinct (large, coherent bucket)"
volume1::1.2.6,Discrete Mathematics,Combinatorics,Discrete Mathematics,False,"canonical form, kept distinct (large, coherent bucket)"
volume1::1.2.7,Discrete Mathematics,Combinatorics,Discrete Mathematics,False,"canonical form, kept distinct (large, coherent bucket)"
volume1::1.2.8,Discrete Mathematics,Combinatorics,Discrete Mathematics,False,"canonical form, kept distinct (large, coherent bucket)"
volume1::1.2.9,Discrete Mathematics,Combinatorics,Discrete Mathematics,False,"canonical form, kept distinct (large, coherent bucket)"
volume1::1.3.1,Discrete Mathematics,Combinatorics,Discrete Mathematics,False,"canonical form, kept distinct (large, coherent bucket)"
volume1::1.3.2,Discrete Mathematics,Combinatorics,Discrete Mathematics,False,"canonical form, kept distinct (large, coherent bucket)"
volume1::1.3.3,Discrete Mathematics,Combinatorics,Discrete Mathematics,False,"canonical form, kept distinct (large, coherent bucket)"
volume1::1.3.4,Discrete Mathematics,Combinatorics,Discrete Mathematics,False,"canonical form, kept distinct (large, coherent bucket)"
volume1::1.4.1,Discrete Mathematics,Generating Functions,Discrete Mathematics,False,"canonical form, kept distinct (large, coherent bucket)"
volume1::1.4.2,Discrete Mathematics,Generating Functions,Discrete Mathematics,False,"canonical form, kept distinct (large, coherent bucket)"
volume1::1.4.3,Discrete Mathematics,Generating Functions,Discrete Mathematics,False,"canonical form, kept distinct (large, coherent bucket)"
volume1::1.4.4,Discrete Mathematics,Generating Functions,Discrete Mathematics,False,"canonical form, kept distinct (large, coherent bucket)"
volume1::1.4.5,Discrete Mathematics,Generating Functions,Discrete Mathematics,False,"canonical form, kept distinct (large, coherent bucket)"
volume1::1.4.6,Discrete Mathematics,Generating Functions,Discrete Mathematics,False,"canonical form, kept distinct (large, coherent bucket)"
volume1::1.5.1,Discrete Mathematics,Modular Arithmetic,Discrete Mathematics,False,"canonical form, kept distinct (large, coherent bucket)"
volume1::1.5.2,Discrete Mathematics,Modular Arithmetic,Discrete Mathematics,False,"canonical form, kept distinct (large, coherent bucket)"
volume1::1.6.1,Discrete Mathematics,Pigeonhole Principle,Discrete Mathematics,False,"canonical form, kept distinct (large, coherent bucket)"
volume1::1.6.2,Discrete Mathematics,Pigeonhole Principle,Discrete Mathematics,False,"canonical form, kept distinct (large, coherent bucket)"
volume1::1.7.1,Discrete Mathematics,Recurrence Relation,Discrete Mathematics,False,"canonical form, kept distinct (large, coherent bucket)"
volume1::1.7.2,Discrete Mathematics,Recurrence Relation,Discrete Mathematics,False,"canonical form, kept distinct (large, coherent bucket)"
volume1::1.7.3,Discrete Mathematics,Recurrence Relation,Discrete Mathematics,False,"canonical form, kept distinct (large, coherent bucket)"
volume1::1.7.4,Discrete Mathematics,Recurrence Relation,Discrete Mathematics,False,"canonical form, kept distinct (large, coherent bucket)"
volume1::1.7.5,Discrete Mathematics,Recurrence Relation,Discrete Mathematics,False,"canonical form, kept distinct (large, coherent bucket)"
volume1::1.7.6,Discrete Mathematics,Recurrence Relation,Discrete Mathematics,False,"canonical form, kept distinct (large, coherent bucket)"
volume1::1.7.7,Discrete Mathematics,Recurrence Relation,Discrete Mathematics,False,"canonical form, kept distinct (large, coherent bucket)"
volume1::1.8.2,Discrete Mathematics,Combinatorics,Discrete Mathematics,False,"canonical form, kept distinct (large, coherent bucket)"
volume1::1.8.3,Discrete Mathematics,Combinatorics,Discrete Mathematics,False,"canonical form, kept distinct (large, coherent bucket)"
volume1::10.6.11,General Aptitude,Spatial Aptitude,General Aptitude,False,canonical form
volume1::10.6.6,General Aptitude,Spatial Aptitude,General Aptitude,False,canonical form
volume1::10.6.8,General Aptitude,Spatial Aptitude,General Aptitude,False,canonical form
volume1::10.6.9,General Aptitude,Spatial Aptitude,General Aptitude,False,canonical form
volume1::10.7.1,General Aptitude,Spatial Aptitude,General Aptitude,False,canonical form
volume1::10.7.2,General Aptitude,Spatial Aptitude,General Aptitude,False,canonical form
volume1::10.7.3,General Aptitude,Spatial Aptitude,General Aptitude,False,canonical form
volume1::10.7.5,General Aptitude,Spatial Aptitude,General Aptitude,False,canonical form
volume1::10.7.8,General Aptitude,Spatial Aptitude,General Aptitude,False,canonical form
volume1::10.8.6,General Aptitude,Spatial Aptitude,General Aptitude,False,canonical form
volume1::11.1.2,General Aptitude,Verbal Aptitude,General Aptitude,False,canonical form
volume1::11.10.10,General Aptitude,Verbal Aptitude,General Aptitude,False,canonical form
volume1::11.10.11,General Aptitude,Verbal Aptitude,General Aptitude,False,canonical form
volume1::11.10.14,General Aptitude,Verbal Aptitude,General Aptitude,False,canonical form
volume1::11.10.15,General Aptitude,Verbal Aptitude,General Aptitude,False,canonical form
volume1::11.10.16,General Aptitude,Verbal Aptitude,General Aptitude,False,canonical form
volume1::11.10.17,General Aptitude,Verbal Aptitude,General Aptitude,False,canonical form
volume1::11.10.18,General Aptitude,Verbal Aptitude,General Aptitude,False,canonical form
volume1::11.10.19,General Aptitude,Verbal Aptitude,General Aptitude,False,canonical form
volume1::11.10.20,General Aptitude,Verbal Aptitude,General Aptitude,False,canonical form
volume1::11.10.21,General Aptitude,Verbal Aptitude,General Aptitude,False,canonical form
volume1::11.10.22,General Aptitude,Verbal Aptitude,General Aptitude,False,canonical form
volume1::11.10.23,General Aptitude,Verbal Aptitude,General Aptitude,False,canonical form
volume1::11.10.24,General Aptitude,Verbal Aptitude,General Aptitude,False,canonical form
volume1::11.10.25,General Aptitude,Verbal Aptitude,General Aptitude,False,canonical form
volume1::11.10.26,General Aptitude,Verbal Aptitude,General Aptitude,False,canonical form
volume1::11.10.27,General Aptitude,Verbal Aptitude,General Aptitude,False,canonical form
volume1::11.10.28,General Aptitude,Verbal Aptitude,General Aptitude,False,canonical form
volume1::11.10.29,General Aptitude,Verbal Aptitude,General Aptitude,False,canonical form
volume1::11.10.30,General Aptitude,Verbal Aptitude,General Aptitude,False,canonical form
volume1::11.10.33,General Aptitude,Verbal Aptitude,General Aptitude,False,canonical form
volume1::11.10.34,General Aptitude,Verbal Aptitude,General Aptitude,False,canonical form
volume1::11.10.35,General Aptitude,Verbal Aptitude,General Aptitude,False,canonical form
volume1::11.10.36,General Aptitude,Verbal Aptitude,General Aptitude,False,canonical form
volume1::11.10.37,General Aptitude,Verbal Aptitude,General Aptitude,False,canonical form
volume1::11.10.38,General Aptitude,Verbal Aptitude,General Aptitude,False,canonical form
volume1::11.10.39,General Aptitude,Verbal Aptitude,General Aptitude,False,canonical form
volume1::11.10.4,General Aptitude,Verbal Aptitude,General Aptitude,False,canonical form
volume1::11.10.40,General Aptitude,Verbal Aptitude,General Aptitude,False,canonical form
volume1::11.10.41,General Aptitude,Verbal Aptitude,General Aptitude,False,canonical form
volume1::11.10.42,General Aptitude,Verbal Aptitude,General Aptitude,False,canonical form
volume1::11.10.43,General Aptitude,Verbal Aptitude,General Aptitude,False,canonical form
volume1::11.10.44,General Aptitude,Verbal Aptitude,General Aptitude,False,canonical form
volume1::11.10.45,General Aptitude,Verbal Aptitude,General Aptitude,False,canonical form
volume1::11.10.47,General Aptitude,Verbal Aptitude,General Aptitude,False,canonical form
volume1::11.10.48,General Aptitude,Verbal Aptitude,General Aptitude,False,canonical form
volume1::11.10.49,General Aptitude,Verbal Aptitude,General Aptitude,False,canonical form
volume1::11.10.50,General Aptitude,Verbal Aptitude,General Aptitude,False,canonical form
volume1::11.10.51,General Aptitude,Verbal Aptitude,General Aptitude,False,canonical form
volume1::11.10.53,General Aptitude,Verbal Aptitude,General Aptitude,False,canonical form
volume1::11.10.54,General Aptitude,Verbal Aptitude,General Aptitude,False,canonical form
volume1::11.10.55,General Aptitude,Verbal Aptitude,General Aptitude,False,canonical form
volume1::11.10.56,General Aptitude,Verbal Aptitude,General Aptitude,False,canonical form
volume1::11.10.57,General Aptitude,Verbal Aptitude,General Aptitude,False,canonical form
volume1::11.10.6,General Aptitude,Verbal Aptitude,General Aptitude,False,canonical form
volume1::11.10.7,General Aptitude,Verbal Aptitude,General Aptitude,False,canonical form
volume1::11.10.8,General Aptitude,Verbal Aptitude,General Aptitude,False,canonical form
volume1::11.10.9,General Aptitude,Verbal Aptitude,General Aptitude,False,canonical form
volume1::11.11.1,General Aptitude,Verbal Aptitude,General Aptitude,False,canonical form
volume1::11.11.2,General Aptitude,Verbal Aptitude,General Aptitude,False,canonical form
volume1::11.12.1,General Aptitude,Verbal Aptitude,General Aptitude,False,canonical form
volume1::11.12.6,General Aptitude,Verbal Aptitude,General Aptitude,False,canonical form
volume1::11.12.8,General Aptitude,Verbal Aptitude,General Aptitude,False,canonical form
volume1::11.13.6,General Aptitude,Verbal Aptitude,General Aptitude,False,canonical form
volume1::11.14.4,General Aptitude,Verbal Aptitude,General Aptitude,False,canonical form
volume1::11.18.11,General Aptitude,Verbal Aptitude,General Aptitude,False,canonical form
volume1::11.18.15,General Aptitude,Verbal Aptitude,General Aptitude,False,canonical form
volume1::11.18.6,General Aptitude,Verbal Aptitude,General Aptitude,False,canonical form
volume1::11.18.7,General Aptitude,Verbal Aptitude,General Aptitude,False,canonical form
volume1::11.18.8,General Aptitude,Verbal Aptitude,General Aptitude,False,canonical form
volume1::11.19.10,General Aptitude,Verbal Aptitude,General Aptitude,False,canonical form
volume1::11.19.11,General Aptitude,Verbal Aptitude,General Aptitude,False,canonical form
volume1::11.19.12,General Aptitude,Verbal Aptitude,General Aptitude,False,canonical form
volume1::11.19.13,General Aptitude,Verbal Aptitude,General Aptitude,False,canonical form
volume1::11.19.14,General Aptitude,Verbal Aptitude,General Aptitude,False,canonical form
volume1::11.19.15,General Aptitude,Verbal Aptitude,General Aptitude,False,canonical form
volume1::11.19.17,General Aptitude,Verbal Aptitude,General Aptitude,False,canonical form
volume1::11.19.19,General Aptitude,Verbal Aptitude,General Aptitude,False,canonical form
volume1::11.19.2,General Aptitude,Verbal Aptitude,General Aptitude,False,canonical form
volume1::11.19.20,General Aptitude,Verbal Aptitude,General Aptitude,False,canonical form
volume1::11.19.23,General Aptitude,Verbal Aptitude,General Aptitude,False,canonical form
volume1::11.19.24,General Aptitude,Verbal Aptitude,General Aptitude,False,canonical form
volume1::11.19.25,General Aptitude,Verbal Aptitude,General Aptitude,False,canonical form
volume1::11.19.3,General Aptitude,Verbal Aptitude,General Aptitude,False,canonical form
volume1::11.19.4,General Aptitude,Verbal Aptitude,General Aptitude,False,canonical form
volume1::11.19.5,General Aptitude,Verbal Aptitude,General Aptitude,False,canonical form
volume1::11.19.7,General Aptitude,Verbal Aptitude,General Aptitude,False,canonical form
volume1::11.19.8,General Aptitude,Verbal Aptitude,General Aptitude,False,canonical form
volume1::11.19.9,General Aptitude,Verbal Aptitude,General Aptitude,False,canonical form
volume1::11.2.4,General Aptitude,Verbal Aptitude,General Aptitude,False,canonical form
volume1::11.2.5,General Aptitude,Verbal Aptitude,General Aptitude,False,canonical form
volume1::11.2.6,General Aptitude,Verbal Aptitude,General Aptitude,False,canonical form
volume1::11.2.7,General Aptitude,Verbal Aptitude,General Aptitude,False,canonical form
volume1::11.20.1,General Aptitude,Verbal Aptitude,General Aptitude,False,canonical form
volume1::11.20.12,General Aptitude,Verbal Aptitude,General Aptitude,False,canonical form
volume1::11.20.14,General Aptitude,Verbal Aptitude,General Aptitude,False,canonical form
volume1::11.20.15,General Aptitude,Verbal Aptitude,General Aptitude,False,canonical form
volume1::11.20.17,General Aptitude,Verbal Aptitude,General Aptitude,False,canonical form
volume1::11.20.18,General Aptitude,Verbal Aptitude,General Aptitude,False,canonical form
volume1::11.20.19,General Aptitude,Verbal Aptitude,General Aptitude,False,canonical form
volume1::11.20.28,General Aptitude,Verbal Aptitude,General Aptitude,False,canonical form
volume1::11.20.29,General Aptitude,Verbal Aptitude,General Aptitude,False,canonical form
volume1::11.20.30,General Aptitude,Verbal Aptitude,General Aptitude,False,canonical form
volume1::11.20.31,General Aptitude,Verbal Aptitude,General Aptitude,False,canonical form
volume1::11.20.32,General Aptitude,Verbal Aptitude,General Aptitude,False,canonical form
volume1::11.20.34,General Aptitude,Verbal Aptitude,General Aptitude,False,canonical form
volume1::11.20.36,General Aptitude,Verbal Aptitude,General Aptitude,False,canonical form
volume1::11.20.38,General Aptitude,Verbal Aptitude,General Aptitude,False,canonical form
volume1::11.20.39,General Aptitude,Verbal Aptitude,General Aptitude,False,canonical form
volume1::11.20.5,General Aptitude,Verbal Aptitude,General Aptitude,False,canonical form
volume1::11.20.7,General Aptitude,Verbal Aptitude,General Aptitude,False,canonical form
volume1::11.20.9,General Aptitude,Verbal Aptitude,General Aptitude,False,canonical form
volume1::11.21.10,General Aptitude,Verbal Aptitude,General Aptitude,False,canonical form
volume1::11.21.12,General Aptitude,Verbal Aptitude,General Aptitude,False,canonical form
volume1::11.21.14,General Aptitude,Verbal Aptitude,General Aptitude,False,canonical form
volume1::11.21.16,General Aptitude,Verbal Aptitude,General Aptitude,False,canonical form
volume1::11.21.6,General Aptitude,Verbal Aptitude,General Aptitude,False,canonical form
volume1::11.21.8,General Aptitude,Verbal Aptitude,General Aptitude,False,canonical form
volume1::11.21.9,General Aptitude,Verbal Aptitude,General Aptitude,False,canonical form
volume1::11.22.11,General Aptitude,Verbal Aptitude,General Aptitude,False,canonical form
volume1::11.22.14,General Aptitude,Verbal Aptitude,General Aptitude,False,canonical form
volume1::11.22.18,General Aptitude,Verbal Aptitude,General Aptitude,False,canonical form
volume1::11.22.20,General Aptitude,Verbal Aptitude,General Aptitude,False,canonical form
volume1::11.22.22,General Aptitude,Verbal Aptitude,General Aptitude,False,canonical form
volume1::11.22.25,General Aptitude,Verbal Aptitude,General Aptitude,False,canonical form
volume1::11.22.26,General Aptitude,Verbal Aptitude,General Aptitude,False,canonical form
volume1::11.22.27,General Aptitude,Verbal Aptitude,General Aptitude,False,canonical form
volume1::11.22.28,General Aptitude,Verbal Aptitude,General Aptitude,False,canonical form
volume1::11.22.29,General Aptitude,Verbal Aptitude,General Aptitude,False,canonical form
volume1::11.22.30,General Aptitude,Verbal Aptitude,General Aptitude,False,canonical form
volume1::11.22.7,General Aptitude,Verbal Aptitude,General Aptitude,False,canonical form
volume1::11.22.8,General Aptitude,Verbal Aptitude,General Aptitude,False,canonical form
volume1::11.22.9,General Aptitude,Verbal Aptitude,General Aptitude,False,canonical form
volume1::11.3.1,General Aptitude,Verbal Aptitude,General Aptitude,False,canonical form
volume1::11.3.10,General Aptitude,Verbal Aptitude,General Aptitude,False,canonical form
volume1::11.3.11,General Aptitude,Verbal Aptitude,General Aptitude,False,canonical form
volume1::11.3.2,General Aptitude,Verbal Aptitude,General Aptitude,False,canonical form
volume1::11.3.3,General Aptitude,Verbal Aptitude,General Aptitude,False,canonical form
volume1::11.3.4,General Aptitude,Verbal Aptitude,General Aptitude,False,canonical form
volume1::11.3.5,General Aptitude,Verbal Aptitude,General Aptitude,False,canonical form
volume1::11.3.6,General Aptitude,Verbal Aptitude,General Aptitude,False,canonical form
volume1::11.3.7,General Aptitude,Verbal Aptitude,General Aptitude,False,canonical form
volume1::11.3.8,General Aptitude,Verbal Aptitude,General Aptitude,False,canonical form
volume1::11.4.1,General Aptitude,Verbal Aptitude,General Aptitude,False,canonical form
volume1::11.4.2,General Aptitude,Verbal Aptitude,General Aptitude,False,canonical form
volume1::11.4.3,General Aptitude,Verbal Aptitude,General Aptitude,False,canonical form
volume1::11.4.4,General Aptitude,Verbal Aptitude,General Aptitude,False,canonical form
volume1::11.4.5,General Aptitude,Verbal Aptitude,General Aptitude,False,canonical form
volume1::11.4.6,General Aptitude,Verbal Aptitude,General Aptitude,False,canonical form
volume1::11.4.7,General Aptitude,Verbal Aptitude,General Aptitude,False,canonical form
volume1::11.4.8,General Aptitude,Verbal Aptitude,General Aptitude,False,canonical form
volume1::11.4.9,General Aptitude,Verbal Aptitude,General Aptitude,False,canonical form
volume1::11.5.1,General Aptitude,Verbal Aptitude,General Aptitude,False,canonical form
volume1::11.5.2,General Aptitude,Verbal Aptitude,General Aptitude,False,canonical form
volume1::11.5.3,General Aptitude,Verbal Aptitude,General Aptitude,False,canonical form
volume1::11.5.4,General Aptitude,Verbal Aptitude,General Aptitude,False,canonical form
volume1::11.5.5,General Aptitude,Verbal Aptitude,General Aptitude,False,canonical form
volume1::11.6.1,General Aptitude,Verbal Aptitude,General Aptitude,False,canonical form
volume1::11.6.10,General Aptitude,Verbal Aptitude,General Aptitude,False,canonical form
volume1::11.6.106,General Aptitude,Verbal Aptitude,General Aptitude,False,canonical form
volume1::11.6.107,General Aptitude,Verbal Aptitude,General Aptitude,False,canonical form
volume1::11.6.11,General Aptitude,Verbal Aptitude,General Aptitude,False,canonical form
volume1::11.6.110,General Aptitude,Verbal Aptitude,General Aptitude,False,canonical form
volume1::11.6.13,General Aptitude,Verbal Aptitude,General Aptitude,False,canonical form
volume1::11.6.15,General Aptitude,Verbal Aptitude,General Aptitude,False,canonical form
volume1::11.6.16,General Aptitude,Verbal Aptitude,General Aptitude,False,canonical form
volume1::11.6.17,General Aptitude,Verbal Aptitude,General Aptitude,False,canonical form
volume1::11.6.19,General Aptitude,Verbal Aptitude,General Aptitude,False,canonical form
volume1::11.6.2,General Aptitude,Verbal Aptitude,General Aptitude,False,canonical form
volume1::11.6.23,General Aptitude,Verbal Aptitude,General Aptitude,False,canonical form
volume1::11.6.28,General Aptitude,Verbal Aptitude,General Aptitude,False,canonical form
volume1::11.6.29,General Aptitude,Verbal Aptitude,General Aptitude,False,canonical form
volume1::11.6.35,General Aptitude,Verbal Aptitude,General Aptitude,False,canonical form
volume1::11.6.36,General Aptitude,Verbal Aptitude,General Aptitude,False,canonical form
volume1::11.6.37,General Aptitude,Verbal Aptitude,General Aptitude,False,canonical form
volume1::11.6.38,General Aptitude,Verbal Aptitude,General Aptitude,False,canonical form
volume1::11.6.40,General Aptitude,Verbal Aptitude,General Aptitude,False,canonical form
volume1::11.6.42,General Aptitude,Verbal Aptitude,General Aptitude,False,canonical form
volume1::11.6.44,General Aptitude,Verbal Aptitude,General Aptitude,False,canonical form
volume1::11.6.48,General Aptitude,Verbal Aptitude,General Aptitude,False,canonical form
volume1::11.6.51,General Aptitude,Verbal Aptitude,General Aptitude,False,canonical form
volume1::11.6.52,General Aptitude,Verbal Aptitude,General Aptitude,False,canonical form
volume1::11.6.53,General Aptitude,Verbal Aptitude,General Aptitude,False,canonical form
volume1::11.6.54,General Aptitude,Verbal Aptitude,General Aptitude,False,canonical form
volume1::11.6.55,General Aptitude,Verbal Aptitude,General Aptitude,False,canonical form
volume1::11.6.56,General Aptitude,Verbal Aptitude,General Aptitude,False,canonical form
volume1::11.6.57,General Aptitude,Verbal Aptitude,General Aptitude,False,canonical form
volume1::11.6.58,General Aptitude,Verbal Aptitude,General Aptitude,False,canonical form
volume1::11.6.59,General Aptitude,Verbal Aptitude,General Aptitude,False,canonical form
volume1::11.6.6,General Aptitude,Verbal Aptitude,General Aptitude,False,canonical form
volume1::11.6.60,General Aptitude,Verbal Aptitude,General Aptitude,False,canonical form
volume1::11.6.61,General Aptitude,Verbal Aptitude,General Aptitude,False,canonical form
volume1::11.6.62,General Aptitude,Verbal Aptitude,General Aptitude,False,canonical form
volume1::11.6.63,General Aptitude,Verbal Aptitude,General Aptitude,False,canonical form
volume1::11.6.64,General Aptitude,Verbal Aptitude,General Aptitude,False,canonical form
volume1::11.6.65,General Aptitude,Verbal Aptitude,General Aptitude,False,canonical form
volume1::11.6.66,General Aptitude,Verbal Aptitude,General Aptitude,False,canonical form
volume1::11.6.67,General Aptitude,Verbal Aptitude,General Aptitude,False,canonical form
volume1::11.6.69,General Aptitude,Verbal Aptitude,General Aptitude,False,canonical form
volume1::11.6.7,General Aptitude,Verbal Aptitude,General Aptitude,False,canonical form
volume1::11.6.71,General Aptitude,Verbal Aptitude,General Aptitude,False,canonical form
volume1::11.6.72,General Aptitude,Verbal Aptitude,General Aptitude,False,canonical form
volume1::11.6.73,General Aptitude,Verbal Aptitude,General Aptitude,False,canonical form
volume1::11.6.74,General Aptitude,Verbal Aptitude,General Aptitude,False,canonical form
volume1::11.6.75,General Aptitude,Verbal Aptitude,General Aptitude,False,canonical form
volume1::11.6.76,General Aptitude,Verbal Aptitude,General Aptitude,False,canonical form
volume1::11.6.77,General Aptitude,Verbal Aptitude,General Aptitude,False,canonical form
volume1::11.6.78,General Aptitude,Verbal Aptitude,General Aptitude,False,canonical form
volume1::11.6.79,General Aptitude,Verbal Aptitude,General Aptitude,False,canonical form
volume1::11.6.80,General Aptitude,Verbal Aptitude,General Aptitude,False,canonical form
volume1::11.6.81,General Aptitude,Verbal Aptitude,General Aptitude,False,canonical form
volume1::11.6.82,General Aptitude,Verbal Aptitude,General Aptitude,False,canonical form
volume1::11.6.83,General Aptitude,Verbal Aptitude,General Aptitude,False,canonical form
volume1::11.6.84,General Aptitude,Verbal Aptitude,General Aptitude,False,canonical form
volume1::11.6.85,General Aptitude,Verbal Aptitude,General Aptitude,False,canonical form
volume1::11.6.86,General Aptitude,Verbal Aptitude,General Aptitude,False,canonical form
volume1::11.6.87,General Aptitude,Verbal Aptitude,General Aptitude,False,canonical form
volume1::11.6.88,General Aptitude,Verbal Aptitude,General Aptitude,False,canonical form
volume1::11.6.89,General Aptitude,Verbal Aptitude,General Aptitude,False,canonical form
volume1::11.6.90,General Aptitude,Verbal Aptitude,General Aptitude,False,canonical form
volume1::11.6.91,General Aptitude,Verbal Aptitude,General Aptitude,False,canonical form
volume1::11.6.96,General Aptitude,Verbal Aptitude,General Aptitude,False,canonical form
volume1::11.6.98,General Aptitude,Verbal Aptitude,General Aptitude,False,canonical form
volume1::11.6.99,General Aptitude,Verbal Aptitude,General Aptitude,False,canonical form
volume1::11.8.1,General Aptitude,Verbal Aptitude,General Aptitude,False,canonical form
volume1::11.8.3,General Aptitude,Verbal Aptitude,General Aptitude,False,canonical form
volume1::11.9.1,General Aptitude,Verbal Aptitude,General Aptitude,False,canonical form
volume1::11.9.4,General Aptitude,Verbal Aptitude,General Aptitude,False,canonical form
volume1::11.9.5,General Aptitude,Verbal Aptitude,General Aptitude,False,canonical form
volume1::2.1.1,Discrete Mathematics,Graph Theory,Discrete Mathematics,False,"canonical form, kept distinct (large, coherent bucket)"
volume1::2.1.2,Discrete Mathematics,Graph Theory,Discrete Mathematics,False,"canonical form, kept distinct (large, coherent bucket)"
volume1::2.1.3,Discrete Mathematics,Graph Theory,Discrete Mathematics,False,"canonical form, kept distinct (large, coherent bucket)"
volume1::2.2.1,Discrete Mathematics,Graph Theory,Discrete Mathematics,False,"canonical form, kept distinct (large, coherent bucket)"
volume1::2.2.10,Discrete Mathematics,Graph Theory,Discrete Mathematics,False,"canonical form, kept distinct (large, coherent bucket)"
volume1::2.2.11,Discrete Mathematics,Graph Theory,Discrete Mathematics,False,"canonical form, kept distinct (large, coherent bucket)"
volume1::2.2.12,Discrete Mathematics,Graph Theory,Discrete Mathematics,False,"canonical form, kept distinct (large, coherent bucket)"
volume1::2.2.2,Discrete Mathematics,Graph Theory,Discrete Mathematics,False,"canonical form, kept distinct (large, coherent bucket)"
volume1::2.2.3,Discrete Mathematics,Graph Theory,Discrete Mathematics,False,"canonical form, kept distinct (large, coherent bucket)"
volume1::2.2.4,Discrete Mathematics,Graph Theory,Discrete Mathematics,False,"canonical form, kept distinct (large, coherent bucket)"
volume1::2.2.5,Discrete Mathematics,Graph Theory,Discrete Mathematics,False,"canonical form, kept distinct (large, coherent bucket)"
volume1::2.2.6,Discrete Mathematics,Graph Theory,Discrete Mathematics,False,"canonical form, kept distinct (large, coherent bucket)"
volume1::2.2.7,Discrete Mathematics,Graph Theory,Discrete Mathematics,False,"canonical form, kept distinct (large, coherent bucket)"
volume1::2.2.8,Discrete Mathematics,Graph Theory,Discrete Mathematics,False,"canonical form, kept distinct (large, coherent bucket)"
volume1::2.2.9,Discrete Mathematics,Graph Theory,Discrete Mathematics,False,"canonical form, kept distinct (large, coherent bucket)"
volume1::2.3.1,Discrete Mathematics,Graph Theory,Discrete Mathematics,False,"canonical form, kept distinct (large, coherent bucket)"
volume1::2.3.10,Discrete Mathematics,Graph Theory,Discrete Mathematics,False,"canonical form, kept distinct (large, coherent bucket)"
volume1::2.3.3,Discrete Mathematics,Graph Theory,Discrete Mathematics,False,"canonical form, kept distinct (large, coherent bucket)"
volume1::2.3.4,Discrete Mathematics,Graph Theory,Discrete Mathematics,False,"canonical form, kept distinct (large, coherent bucket)"
volume1::2.3.6,Discrete Mathematics,Graph Theory,Discrete Mathematics,False,"canonical form, kept distinct (large, coherent bucket)"
volume1::2.3.7,Discrete Mathematics,Graph Theory,Discrete Mathematics,False,"canonical form, kept distinct (large, coherent bucket)"
volume1::2.3.8,Discrete Mathematics,Graph Theory,Discrete Mathematics,False,"canonical form, kept distinct (large, coherent bucket)"
volume1::2.4.10,Discrete Mathematics,Graph Theory,Discrete Mathematics,False,"canonical form, kept distinct (large, coherent bucket)"
volume1::2.4.14,Discrete Mathematics,Graph Theory,Discrete Mathematics,False,"canonical form, kept distinct (large, coherent bucket)"
volume1::2.4.15,Discrete Mathematics,Graph Theory,Discrete Mathematics,False,"canonical form, kept distinct (large, coherent bucket)"
volume1::2.4.16,Discrete Mathematics,Graph Theory,Discrete Mathematics,False,"canonical form, kept distinct (large, coherent bucket)"
volume1::2.4.17,Discrete Mathematics,Graph Theory,Discrete Mathematics,False,"canonical form, kept distinct (large, coherent bucket)"
volume1::2.4.18,Discrete Mathematics,Graph Theory,Discrete Mathematics,False,"canonical form, kept distinct (large, coherent bucket)"
volume1::2.4.19,Discrete Mathematics,Graph Theory,Discrete Mathematics,False,"canonical form, kept distinct (large, coherent bucket)"
volume1::2.4.20,Discrete Mathematics,Graph Theory,Discrete Mathematics,False,"canonical form, kept distinct (large, coherent bucket)"
volume1::2.4.21,Discrete Mathematics,Graph Theory,Discrete Mathematics,False,"canonical form, kept distinct (large, coherent bucket)"
volume1::2.4.22,Discrete Mathematics,Graph Theory,Discrete Mathematics,False,"canonical form, kept distinct (large, coherent bucket)"
volume1::2.4.23,Discrete Mathematics,Graph Theory,Discrete Mathematics,False,"canonical form, kept distinct (large, coherent bucket)"
volume1::2.4.24,Discrete Mathematics,Graph Theory,Discrete Mathematics,False,"canonical form, kept distinct (large, coherent bucket)"
volume1::2.4.25,Discrete Mathematics,Graph Theory,Discrete Mathematics,False,"canonical form, kept distinct (large, coherent bucket)"
volume1::2.4.26,Discrete Mathematics,Graph Theory,Discrete Mathematics,False,"canonical form, kept distinct (large, coherent bucket)"
volume1::2.4.28,Discrete Mathematics,Graph Theory,Discrete Mathematics,False,"canonical form, kept distinct (large, coherent bucket)"
volume1::2.4.29,Discrete Mathematics,Graph Theory,Discrete Mathematics,False,"canonical form, kept distinct (large, coherent bucket)"
volume1::2.4.3,Discrete Mathematics,Graph Theory,Discrete Mathematics,False,"canonical form, kept distinct (large, coherent bucket)"
volume1::2.4.30,Discrete Mathematics,Graph Theory,Discrete Mathematics,False,"canonical form, kept distinct (large, coherent bucket)"
volume1::2.4.31,Discrete Mathematics,Graph Theory,Discrete Mathematics,False,"canonical form, kept distinct (large, coherent bucket)"
volume1::2.4.32,Discrete Mathematics,Graph Theory,Discrete Mathematics,False,"canonical form, kept distinct (large, coherent bucket)"
volume1::2.4.33,Discrete Mathematics,Graph Theory,Discrete Mathematics,False,"canonical form, kept distinct (large, coherent bucket)"
volume1::2.4.34,Discrete Mathematics,Graph Theory,Discrete Mathematics,False,"canonical form, kept distinct (large, coherent bucket)"
volume1::2.4.35,Discrete Mathematics,Graph Theory,Discrete Mathematics,False,"canonical form, kept distinct (large, coherent bucket)"
volume1::2.4.36,Discrete Mathematics,Graph Theory,Discrete Mathematics,False,"canonical form, kept distinct (large, coherent bucket)"
volume1::2.4.37,Discrete Mathematics,Graph Theory,Discrete Mathematics,False,"canonical form, kept distinct (large, coherent bucket)"
volume1::2.4.38,Discrete Mathematics,Graph Theory,Discrete Mathematics,False,"canonical form, kept distinct (large, coherent bucket)"
volume1::2.4.39,Discrete Mathematics,Graph Theory,Discrete Mathematics,False,"canonical form, kept distinct (large, coherent bucket)"
volume1::2.4.4,Discrete Mathematics,Graph Theory,Discrete Mathematics,False,"canonical form, kept distinct (large, coherent bucket)"
volume1::2.4.40,Discrete Mathematics,Graph Theory,Discrete Mathematics,False,"canonical form, kept distinct (large, coherent bucket)"
volume1::2.4.5,Discrete Mathematics,Graph Theory,Discrete Mathematics,False,"canonical form, kept distinct (large, coherent bucket)"
volume1::2.4.6,Discrete Mathematics,Graph Theory,Discrete Mathematics,False,"canonical form, kept distinct (large, coherent bucket)"
volume1::2.4.8,Discrete Mathematics,Graph Theory,Discrete Mathematics,False,"canonical form, kept distinct (large, coherent bucket)"
volume1::2.4.9,Discrete Mathematics,Graph Theory,Discrete Mathematics,False,"canonical form, kept distinct (large, coherent bucket)"
volume1::2.5.2,Discrete Mathematics,Graph Theory,Discrete Mathematics,False,"canonical form, kept distinct (large, coherent bucket)"
volume1::2.6.1,Discrete Mathematics,Graph Theory,Discrete Mathematics,False,"canonical form, kept distinct (large, coherent bucket)"
volume1::2.7.1,Discrete Mathematics,Graph Theory,Discrete Mathematics,False,"canonical form, kept distinct (large, coherent bucket)"
volume1::2.7.10,Discrete Mathematics,Graph Theory,Discrete Mathematics,False,"canonical form, kept distinct (large, coherent bucket)"
volume1::2.7.11,Discrete Mathematics,Graph Theory,Discrete Mathematics,False,"canonical form, kept distinct (large, coherent bucket)"
volume1::2.7.12,Discrete Mathematics,Graph Theory,Discrete Mathematics,False,"canonical form, kept distinct (large, coherent bucket)"
volume1::2.7.13,Discrete Mathematics,Graph Theory,Discrete Mathematics,False,"canonical form, kept distinct (large, coherent bucket)"
volume1::2.7.3,Discrete Mathematics,Graph Theory,Discrete Mathematics,False,"canonical form, kept distinct (large, coherent bucket)"
volume1::2.7.4,Discrete Mathematics,Graph Theory,Discrete Mathematics,False,"canonical form, kept distinct (large, coherent bucket)"
volume1::2.7.5,Discrete Mathematics,Graph Theory,Discrete Mathematics,False,"canonical form, kept distinct (large, coherent bucket)"
volume1::2.7.6,Discrete Mathematics,Graph Theory,Discrete Mathematics,False,"canonical form, kept distinct (large, coherent bucket)"
volume1::2.7.8,Discrete Mathematics,Graph Theory,Discrete Mathematics,False,"canonical form, kept distinct (large, coherent bucket)"
volume1::3.1.1,Discrete Mathematics,Mathematical Logic,Discrete Mathematics,False,"canonical form, kept distinct (large, coherent bucket)"
volume1::3.1.10,Discrete Mathematics,Mathematical Logic,Discrete Mathematics,False,"canonical form, kept distinct (large, coherent bucket)"
volume1::3.1.11,Discrete Mathematics,Mathematical Logic,Discrete Mathematics,False,"canonical form, kept distinct (large, coherent bucket)"
volume1::3.1.13,Discrete Mathematics,Mathematical Logic,Discrete Mathematics,False,"canonical form, kept distinct (large, coherent bucket)"
volume1::3.1.17,Discrete Mathematics,Mathematical Logic,Discrete Mathematics,False,"canonical form, kept distinct (large, coherent bucket)"
volume1::3.1.18,Discrete Mathematics,Mathematical Logic,Discrete Mathematics,False,"canonical form, kept distinct (large, coherent bucket)"
volume1::3.1.19,Discrete Mathematics,Mathematical Logic,Discrete Mathematics,False,"canonical form, kept distinct (large, coherent bucket)"
volume1::3.1.20,Discrete Mathematics,Mathematical Logic,Discrete Mathematics,False,"canonical form, kept distinct (large, coherent bucket)"
volume1::3.1.21,Discrete Mathematics,Mathematical Logic,Discrete Mathematics,False,"canonical form, kept distinct (large, coherent bucket)"
volume1::3.1.22,Discrete Mathematics,Mathematical Logic,Discrete Mathematics,False,"canonical form, kept distinct (large, coherent bucket)"
volume1::3.1.25,Discrete Mathematics,Mathematical Logic,Discrete Mathematics,False,"canonical form, kept distinct (large, coherent bucket)"
volume1::3.1.26,Discrete Mathematics,Mathematical Logic,Discrete Mathematics,False,"canonical form, kept distinct (large, coherent bucket)"
volume1::3.1.27,Discrete Mathematics,Mathematical Logic,Discrete Mathematics,False,"canonical form, kept distinct (large, coherent bucket)"
volume1::3.1.28,Discrete Mathematics,Mathematical Logic,Discrete Mathematics,False,"canonical form, kept distinct (large, coherent bucket)"
volume1::3.1.29,Discrete Mathematics,Mathematical Logic,Discrete Mathematics,False,"canonical form, kept distinct (large, coherent bucket)"
volume1::3.1.3,Discrete Mathematics,Mathematical Logic,Discrete Mathematics,False,"canonical form, kept distinct (large, coherent bucket)"
volume1::3.1.31,Discrete Mathematics,Mathematical Logic,Discrete Mathematics,False,"canonical form, kept distinct (large, coherent bucket)"
volume1::3.1.32,Discrete Mathematics,Mathematical Logic,Discrete Mathematics,False,"canonical form, kept distinct (large, coherent bucket)"
volume1::3.1.33,Discrete Mathematics,Mathematical Logic,Discrete Mathematics,False,"canonical form, kept distinct (large, coherent bucket)"
volume1::3.1.4,Discrete Mathematics,Mathematical Logic,Discrete Mathematics,False,"canonical form, kept distinct (large, coherent bucket)"
volume1::3.1.5,Discrete Mathematics,Mathematical Logic,Discrete Mathematics,False,"canonical form, kept distinct (large, coherent bucket)"
volume1::3.1.6,Discrete Mathematics,Mathematical Logic,Discrete Mathematics,False,"canonical form, kept distinct (large, coherent bucket)"
volume1::3.1.9,Discrete Mathematics,Mathematical Logic,Discrete Mathematics,False,"canonical form, kept distinct (large, coherent bucket)"
volume1::3.2.2,Discrete Mathematics,Mathematical Logic,Discrete Mathematics,False,"canonical form, kept distinct (large, coherent bucket)"
volume1::3.2.3,Discrete Mathematics,Mathematical Logic,Discrete Mathematics,False,"canonical form, kept distinct (large, coherent bucket)"
volume1::3.3.1,Discrete Mathematics,Mathematical Logic,Discrete Mathematics,False,"canonical form, kept distinct (large, coherent bucket)"
volume1::3.3.10,Discrete Mathematics,Mathematical Logic,Discrete Mathematics,False,"canonical form, kept distinct (large, coherent bucket)"
volume1::3.3.11,Discrete Mathematics,Mathematical Logic,Discrete Mathematics,False,"canonical form, kept distinct (large, coherent bucket)"
volume1::3.3.13,Discrete Mathematics,Mathematical Logic,Discrete Mathematics,False,"canonical form, kept distinct (large, coherent bucket)"
volume1::3.3.14,Discrete Mathematics,Mathematical Logic,Discrete Mathematics,False,"canonical form, kept distinct (large, coherent bucket)"
volume1::3.3.16,Discrete Mathematics,Mathematical Logic,Discrete Mathematics,False,"canonical form, kept distinct (large, coherent bucket)"
volume1::3.3.18,Discrete Mathematics,Mathematical Logic,Discrete Mathematics,False,"canonical form, kept distinct (large, coherent bucket)"
volume1::3.3.19,Discrete Mathematics,Mathematical Logic,Discrete Mathematics,False,"canonical form, kept distinct (large, coherent bucket)"
volume1::3.3.2,Discrete Mathematics,Mathematical Logic,Discrete Mathematics,False,"canonical form, kept distinct (large, coherent bucket)"
volume1::3.3.20,Discrete Mathematics,Mathematical Logic,Discrete Mathematics,False,"canonical form, kept distinct (large, coherent bucket)"
volume1::3.3.21,Discrete Mathematics,Mathematical Logic,Discrete Mathematics,False,"canonical form, kept distinct (large, coherent bucket)"
volume1::3.3.22,Discrete Mathematics,Mathematical Logic,Discrete Mathematics,False,"canonical form, kept distinct (large, coherent bucket)"
volume1::3.3.23,Discrete Mathematics,Mathematical Logic,Discrete Mathematics,False,"canonical form, kept distinct (large, coherent bucket)"
volume1::3.3.24,Discrete Mathematics,Mathematical Logic,Discrete Mathematics,False,"canonical form, kept distinct (large, coherent bucket)"
volume1::3.3.27,Discrete Mathematics,Mathematical Logic,Discrete Mathematics,False,"canonical form, kept distinct (large, coherent bucket)"
volume1::3.3.28,Discrete Mathematics,Mathematical Logic,Discrete Mathematics,False,"canonical form, kept distinct (large, coherent bucket)"
volume1::3.3.30,Discrete Mathematics,Mathematical Logic,Discrete Mathematics,False,"canonical form, kept distinct (large, coherent bucket)"
volume1::3.3.35,Discrete Mathematics,Mathematical Logic,Discrete Mathematics,False,"canonical form, kept distinct (large, coherent bucket)"
volume1::3.3.36,Discrete Mathematics,Mathematical Logic,Discrete Mathematics,False,"canonical form, kept distinct (large, coherent bucket)"
volume1::3.3.37,Discrete Mathematics,Mathematical Logic,Discrete Mathematics,False,"canonical form, kept distinct (large, coherent bucket)"
volume1::3.3.38,Discrete Mathematics,Mathematical Logic,Discrete Mathematics,False,"canonical form, kept distinct (large, coherent bucket)"
volume1::3.3.39,Discrete Mathematics,Mathematical Logic,Discrete Mathematics,False,"canonical form, kept distinct (large, coherent bucket)"
volume1::3.3.40,Discrete Mathematics,Mathematical Logic,Discrete Mathematics,False,"canonical form, kept distinct (large, coherent bucket)"
volume1::3.3.5,Discrete Mathematics,Mathematical Logic,Discrete Mathematics,False,"canonical form, kept distinct (large, coherent bucket)"
volume1::3.3.7,Discrete Mathematics,Mathematical Logic,Discrete Mathematics,False,"canonical form, kept distinct (large, coherent bucket)"
volume1::3.3.8,Discrete Mathematics,Mathematical Logic,Discrete Mathematics,False,"canonical form, kept distinct (large, coherent bucket)"
volume1::4.1.1,Discrete Mathematics,Set Theory & Algebra,Discrete Mathematics,False,"canonical form, kept distinct (large, coherent bucket)"
volume1::4.1.2,Discrete Mathematics,Set Theory & Algebra,Discrete Mathematics,False,"canonical form, kept distinct (large, coherent bucket)"
volume1::4.1.5,Discrete Mathematics,Set Theory & Algebra,Discrete Mathematics,False,"canonical form, kept distinct (large, coherent bucket)"
volume1::4.1.7,Discrete Mathematics,Set Theory & Algebra,Discrete Mathematics,False,"canonical form, kept distinct (large, coherent bucket)"
volume1::4.1.8,Discrete Mathematics,Set Theory & Algebra,Discrete Mathematics,False,"canonical form, kept distinct (large, coherent bucket)"
volume1::4.10.1,Discrete Mathematics,Set Theory & Algebra,Discrete Mathematics,False,"canonical form, kept distinct (large, coherent bucket)"
volume1::4.10.10,Discrete Mathematics,Set Theory & Algebra,Discrete Mathematics,False,"canonical form, kept distinct (large, coherent bucket)"
volume1::4.10.2,Discrete Mathematics,Set Theory & Algebra,Discrete Mathematics,False,"canonical form, kept distinct (large, coherent bucket)"
volume1::4.10.3,Discrete Mathematics,Set Theory & Algebra,Discrete Mathematics,False,"canonical form, kept distinct (large, coherent bucket)"
volume1::4.10.4,Discrete Mathematics,Set Theory & Algebra,Discrete Mathematics,False,"canonical form, kept distinct (large, coherent bucket)"
volume1::4.10.5,Discrete Mathematics,Set Theory & Algebra,Discrete Mathematics,False,"canonical form, kept distinct (large, coherent bucket)"
volume1::4.10.6,Discrete Mathematics,Set Theory & Algebra,Discrete Mathematics,False,"canonical form, kept distinct (large, coherent bucket)"
volume1::4.10.7,Discrete Mathematics,Set Theory & Algebra,Discrete Mathematics,False,"canonical form, kept distinct (large, coherent bucket)"
volume1::4.10.9,Discrete Mathematics,Set Theory & Algebra,Discrete Mathematics,False,"canonical form, kept distinct (large, coherent bucket)"
volume1::4.11.1,Discrete Mathematics,Set Theory & Algebra,Discrete Mathematics,False,"canonical form, kept distinct (large, coherent bucket)"
volume1::4.11.2,Discrete Mathematics,Set Theory & Algebra,Discrete Mathematics,False,"canonical form, kept distinct (large, coherent bucket)"
volume1::4.11.3,Discrete Mathematics,Set Theory & Algebra,Discrete Mathematics,False,"canonical form, kept distinct (large, coherent bucket)"
volume1::4.11.4,Discrete Mathematics,Set Theory & Algebra,Discrete Mathematics,False,"canonical form, kept distinct (large, coherent bucket)"
volume1::4.12.1,Discrete Mathematics,Set Theory & Algebra,Discrete Mathematics,False,"canonical form, kept distinct (large, coherent bucket)"
volume1::4.12.10,Discrete Mathematics,Set Theory & Algebra,Discrete Mathematics,False,"canonical form, kept distinct (large, coherent bucket)"
volume1::4.12.11,Discrete Mathematics,Set Theory & Algebra,Discrete Mathematics,False,"canonical form, kept distinct (large, coherent bucket)"
volume1::4.12.12,Discrete Mathematics,Set Theory & Algebra,Discrete Mathematics,False,"canonical form, kept distinct (large, coherent bucket)"
volume1::4.12.13,Discrete Mathematics,Set Theory & Algebra,Discrete Mathematics,False,"canonical form, kept distinct (large, coherent bucket)"
volume1::4.12.14,Discrete Mathematics,Set Theory & Algebra,Discrete Mathematics,False,"canonical form, kept distinct (large, coherent bucket)"
volume1::4.12.16,Discrete Mathematics,Set Theory & Algebra,Discrete Mathematics,False,"canonical form, kept distinct (large, coherent bucket)"
volume1::4.12.17,Discrete Mathematics,Set Theory & Algebra,Discrete Mathematics,False,"canonical form, kept distinct (large, coherent bucket)"
volume1::4.12.18,Discrete Mathematics,Set Theory & Algebra,Discrete Mathematics,False,"canonical form, kept distinct (large, coherent bucket)"
volume1::4.12.19,Discrete Mathematics,Set Theory & Algebra,Discrete Mathematics,False,"canonical form, kept distinct (large, coherent bucket)"
volume1::4.12.2,Discrete Mathematics,Set Theory & Algebra,Discrete Mathematics,False,"canonical form, kept distinct (large, coherent bucket)"
volume1::4.12.20,Discrete Mathematics,Set Theory & Algebra,Discrete Mathematics,False,"canonical form, kept distinct (large, coherent bucket)"
volume1::4.12.21,Discrete Mathematics,Set Theory & Algebra,Discrete Mathematics,False,"canonical form, kept distinct (large, coherent bucket)"
volume1::4.12.22,Discrete Mathematics,Set Theory & Algebra,Discrete Mathematics,False,"canonical form, kept distinct (large, coherent bucket)"
volume1::4.12.23,Discrete Mathematics,Set Theory & Algebra,Discrete Mathematics,False,"canonical form, kept distinct (large, coherent bucket)"
volume1::4.12.24,Discrete Mathematics,Set Theory & Algebra,Discrete Mathematics,False,"canonical form, kept distinct (large, coherent bucket)"
volume1::4.12.25,Discrete Mathematics,Set Theory & Algebra,Discrete Mathematics,False,"canonical form, kept distinct (large, coherent bucket)"
volume1::4.12.26,Discrete Mathematics,Set Theory & Algebra,Discrete Mathematics,False,"canonical form, kept distinct (large, coherent bucket)"
volume1::4.12.27,Discrete Mathematics,Set Theory & Algebra,Discrete Mathematics,False,"canonical form, kept distinct (large, coherent bucket)"
volume1::4.12.28,Discrete Mathematics,Set Theory & Algebra,Discrete Mathematics,False,"canonical form, kept distinct (large, coherent bucket)"
volume1::4.12.29,Discrete Mathematics,Set Theory & Algebra,Discrete Mathematics,False,"canonical form, kept distinct (large, coherent bucket)"
volume1::4.12.3,Discrete Mathematics,Set Theory & Algebra,Discrete Mathematics,False,"canonical form, kept distinct (large, coherent bucket)"
volume1::4.12.30,Discrete Mathematics,Set Theory & Algebra,Discrete Mathematics,False,"canonical form, kept distinct (large, coherent bucket)"
volume1::4.12.31,Discrete Mathematics,Set Theory & Algebra,Discrete Mathematics,False,"canonical form, kept distinct (large, coherent bucket)"
volume1::4.12.32,Discrete Mathematics,Set Theory & Algebra,Discrete Mathematics,False,"canonical form, kept distinct (large, coherent bucket)"
volume1::4.12.33,Discrete Mathematics,Set Theory & Algebra,Discrete Mathematics,False,"canonical form, kept distinct (large, coherent bucket)"
volume1::4.12.34,Discrete Mathematics,Set Theory & Algebra,Discrete Mathematics,False,"canonical form, kept distinct (large, coherent bucket)"
volume1::4.12.35,Discrete Mathematics,Set Theory & Algebra,Discrete Mathematics,False,"canonical form, kept distinct (large, coherent bucket)"
volume1::4.12.36,Discrete Mathematics,Set Theory & Algebra,Discrete Mathematics,False,"canonical form, kept distinct (large, coherent bucket)"
volume1::4.12.37,Discrete Mathematics,Set Theory & Algebra,Discrete Mathematics,False,"canonical form, kept distinct (large, coherent bucket)"
volume1::4.12.4,Discrete Mathematics,Set Theory & Algebra,Discrete Mathematics,False,"canonical form, kept distinct (large, coherent bucket)"
volume1::4.12.5,Discrete Mathematics,Set Theory & Algebra,Discrete Mathematics,False,"canonical form, kept distinct (large, coherent bucket)"
volume1::4.12.6,Discrete Mathematics,Set Theory & Algebra,Discrete Mathematics,False,"canonical form, kept distinct (large, coherent bucket)"
volume1::4.12.7,Discrete Mathematics,Set Theory & Algebra,Discrete Mathematics,False,"canonical form, kept distinct (large, coherent bucket)"
volume1::4.12.8,Discrete Mathematics,Set Theory & Algebra,Discrete Mathematics,False,"canonical form, kept distinct (large, coherent bucket)"
volume1::4.12.9,Discrete Mathematics,Set Theory & Algebra,Discrete Mathematics,False,"canonical form, kept distinct (large, coherent bucket)"
volume1::4.13.1,Discrete Mathematics,Set Theory & Algebra,Discrete Mathematics,False,"canonical form, kept distinct (large, coherent bucket)"
volume1::4.13.10,Discrete Mathematics,Set Theory & Algebra,Discrete Mathematics,False,"canonical form, kept distinct (large, coherent bucket)"
volume1::4.13.11,Discrete Mathematics,Set Theory & Algebra,Discrete Mathematics,False,"canonical form, kept distinct (large, coherent bucket)"
volume1::4.13.12,Discrete Mathematics,Set Theory & Algebra,Discrete Mathematics,False,"canonical form, kept distinct (large, coherent bucket)"
volume1::4.13.13,Discrete Mathematics,Set Theory & Algebra,Discrete Mathematics,False,"canonical form, kept distinct (large, coherent bucket)"
volume1::4.13.14,Discrete Mathematics,Set Theory & Algebra,Discrete Mathematics,False,"canonical form, kept distinct (large, coherent bucket)"
volume1::4.13.15,Discrete Mathematics,Set Theory & Algebra,Discrete Mathematics,False,"canonical form, kept distinct (large, coherent bucket)"
volume1::4.13.16,Discrete Mathematics,Set Theory & Algebra,Discrete Mathematics,False,"canonical form, kept distinct (large, coherent bucket)"
volume1::4.13.17,Discrete Mathematics,Set Theory & Algebra,Discrete Mathematics,False,"canonical form, kept distinct (large, coherent bucket)"
volume1::4.13.18,Discrete Mathematics,Set Theory & Algebra,Discrete Mathematics,False,"canonical form, kept distinct (large, coherent bucket)"
volume1::4.13.19,Discrete Mathematics,Set Theory & Algebra,Discrete Mathematics,False,"canonical form, kept distinct (large, coherent bucket)"
volume1::4.13.2,Discrete Mathematics,Set Theory & Algebra,Discrete Mathematics,False,"canonical form, kept distinct (large, coherent bucket)"
volume1::4.13.20,Discrete Mathematics,Set Theory & Algebra,Discrete Mathematics,False,"canonical form, kept distinct (large, coherent bucket)"
volume1::4.13.21,Discrete Mathematics,Set Theory & Algebra,Discrete Mathematics,False,"canonical form, kept distinct (large, coherent bucket)"
volume1::4.13.22,Discrete Mathematics,Set Theory & Algebra,Discrete Mathematics,False,"canonical form, kept distinct (large, coherent bucket)"
volume1::4.13.23,Discrete Mathematics,Set Theory & Algebra,Discrete Mathematics,False,"canonical form, kept distinct (large, coherent bucket)"
volume1::4.13.24,Discrete Mathematics,Set Theory & Algebra,Discrete Mathematics,False,"canonical form, kept distinct (large, coherent bucket)"
volume1::4.13.25,Discrete Mathematics,Set Theory & Algebra,Discrete Mathematics,False,"canonical form, kept distinct (large, coherent bucket)"
volume1::4.13.26,Discrete Mathematics,Set Theory & Algebra,Discrete Mathematics,False,"canonical form, kept distinct (large, coherent bucket)"
volume1::4.13.27,Discrete Mathematics,Set Theory & Algebra,Discrete Mathematics,False,"canonical form, kept distinct (large, coherent bucket)"
volume1::4.13.3,Discrete Mathematics,Set Theory & Algebra,Discrete Mathematics,False,"canonical form, kept distinct (large, coherent bucket)"
volume1::4.13.4,Discrete Mathematics,Set Theory & Algebra,Discrete Mathematics,False,"canonical form, kept distinct (large, coherent bucket)"
volume1::4.13.5,Discrete Mathematics,Set Theory & Algebra,Discrete Mathematics,False,"canonical form, kept distinct (large, coherent bucket)"
volume1::4.13.6,Discrete Mathematics,Set Theory & Algebra,Discrete Mathematics,False,"canonical form, kept distinct (large, coherent bucket)"
volume1::4.13.7,Discrete Mathematics,Set Theory & Algebra,Discrete Mathematics,False,"canonical form, kept distinct (large, coherent bucket)"
volume1::4.13.8,Discrete Mathematics,Set Theory & Algebra,Discrete Mathematics,False,"canonical form, kept distinct (large, coherent bucket)"
volume1::4.13.9,Discrete Mathematics,Set Theory & Algebra,Discrete Mathematics,False,"canonical form, kept distinct (large, coherent bucket)"
volume1::4.2.1,Discrete Mathematics,Set Theory & Algebra,Discrete Mathematics,False,"canonical form, kept distinct (large, coherent bucket)"
volume1::4.2.2,Discrete Mathematics,Set Theory & Algebra,Discrete Mathematics,False,"canonical form, kept distinct (large, coherent bucket)"
volume1::4.3.1,Discrete Mathematics,Set Theory & Algebra,Discrete Mathematics,False,"canonical form, kept distinct (large, coherent bucket)"
volume1::4.3.10,Discrete Mathematics,Set Theory & Algebra,Discrete Mathematics,False,"canonical form, kept distinct (large, coherent bucket)"
volume1::4.3.11,Discrete Mathematics,Set Theory & Algebra,Discrete Mathematics,False,"canonical form, kept distinct (large, coherent bucket)"
volume1::4.3.12,Discrete Mathematics,Set Theory & Algebra,Discrete Mathematics,False,"canonical form, kept distinct (large, coherent bucket)"
volume1::4.3.13,Discrete Mathematics,Set Theory & Algebra,Discrete Mathematics,False,"canonical form, kept distinct (large, coherent bucket)"
volume1::4.3.14,Discrete Mathematics,Set Theory & Algebra,Discrete Mathematics,False,"canonical form, kept distinct (large, coherent bucket)"
volume1::4.3.15,Discrete Mathematics,Set Theory & Algebra,Discrete Mathematics,False,"canonical form, kept distinct (large, coherent bucket)"
volume1::4.3.16,Discrete Mathematics,Set Theory & Algebra,Discrete Mathematics,False,"canonical form, kept distinct (large, coherent bucket)"
volume1::4.3.17,Discrete Mathematics,Set Theory & Algebra,Discrete Mathematics,False,"canonical form, kept distinct (large, coherent bucket)"
volume1::4.3.18,Discrete Mathematics,Set Theory & Algebra,Discrete Mathematics,False,"canonical form, kept distinct (large, coherent bucket)"
volume1::4.3.19,Discrete Mathematics,Set Theory & Algebra,Discrete Mathematics,False,"canonical form, kept distinct (large, coherent bucket)"
volume1::4.3.2,Discrete Mathematics,Set Theory & Algebra,Discrete Mathematics,False,"canonical form, kept distinct (large, coherent bucket)"
volume1::4.3.20,Discrete Mathematics,Set Theory & Algebra,Discrete Mathematics,False,"canonical form, kept distinct (large, coherent bucket)"
volume1::4.3.21,Discrete Mathematics,Set Theory & Algebra,Discrete Mathematics,False,"canonical form, kept distinct (large, coherent bucket)"
volume1::4.3.22,Discrete Mathematics,Set Theory & Algebra,Discrete Mathematics,False,"canonical form, kept distinct (large, coherent bucket)"
volume1::4.3.23,Discrete Mathematics,Set Theory & Algebra,Discrete Mathematics,False,"canonical form, kept distinct (large, coherent bucket)"
volume1::4.3.24,Discrete Mathematics,Set Theory & Algebra,Discrete Mathematics,False,"canonical form, kept distinct (large, coherent bucket)"
volume1::4.3.25,Discrete Mathematics,Set Theory & Algebra,Discrete Mathematics,False,"canonical form, kept distinct (large, coherent bucket)"
volume1::4.3.26,Discrete Mathematics,Set Theory & Algebra,Discrete Mathematics,False,"canonical form, kept distinct (large, coherent bucket)"
volume1::4.3.27,Discrete Mathematics,Set Theory & Algebra,Discrete Mathematics,False,"canonical form, kept distinct (large, coherent bucket)"
volume1::4.3.28,Discrete Mathematics,Set Theory & Algebra,Discrete Mathematics,False,"canonical form, kept distinct (large, coherent bucket)"
volume1::4.3.29,Discrete Mathematics,Set Theory & Algebra,Discrete Mathematics,False,"canonical form, kept distinct (large, coherent bucket)"
volume1::4.3.3,Discrete Mathematics,Set Theory & Algebra,Discrete Mathematics,False,"canonical form, kept distinct (large, coherent bucket)"
volume1::4.3.4,Discrete Mathematics,Set Theory & Algebra,Discrete Mathematics,False,"canonical form, kept distinct (large, coherent bucket)"
volume1::4.3.5,Discrete Mathematics,Set Theory & Algebra,Discrete Mathematics,False,"canonical form, kept distinct (large, coherent bucket)"
volume1::4.3.6,Discrete Mathematics,Set Theory & Algebra,Discrete Mathematics,False,"canonical form, kept distinct (large, coherent bucket)"
volume1::4.3.7,Discrete Mathematics,Set Theory & Algebra,Discrete Mathematics,False,"canonical form, kept distinct (large, coherent bucket)"
volume1::4.3.8,Discrete Mathematics,Set Theory & Algebra,Discrete Mathematics,False,"canonical form, kept distinct (large, coherent bucket)"
volume1::4.3.9,Discrete Mathematics,Set Theory & Algebra,Discrete Mathematics,False,"canonical form, kept distinct (large, coherent bucket)"
volume1::4.4.1,Discrete Mathematics,Set Theory & Algebra,Discrete Mathematics,False,"canonical form, kept distinct (large, coherent bucket)"
volume1::4.4.10,Discrete Mathematics,Set Theory & Algebra,Discrete Mathematics,False,"canonical form, kept distinct (large, coherent bucket)"
volume1::4.4.11,Discrete Mathematics,Set Theory & Algebra,Discrete Mathematics,False,"canonical form, kept distinct (large, coherent bucket)"
volume1::4.4.12,Discrete Mathematics,Set Theory & Algebra,Discrete Mathematics,False,"canonical form, kept distinct (large, coherent bucket)"
volume1::4.4.13,Discrete Mathematics,Set Theory & Algebra,Discrete Mathematics,False,"canonical form, kept distinct (large, coherent bucket)"
volume1::4.4.14,Discrete Mathematics,Set Theory & Algebra,Discrete Mathematics,False,"canonical form, kept distinct (large, coherent bucket)"
volume1::4.4.15,Discrete Mathematics,Set Theory & Algebra,Discrete Mathematics,False,"canonical form, kept distinct (large, coherent bucket)"
volume1::4.4.17,Discrete Mathematics,Set Theory & Algebra,Discrete Mathematics,False,"canonical form, kept distinct (large, coherent bucket)"
volume1::4.4.19,Discrete Mathematics,Set Theory & Algebra,Discrete Mathematics,False,"canonical form, kept distinct (large, coherent bucket)"
volume1::4.4.20,Discrete Mathematics,Set Theory & Algebra,Discrete Mathematics,False,"canonical form, kept distinct (large, coherent bucket)"
volume1::4.4.21,Discrete Mathematics,Set Theory & Algebra,Discrete Mathematics,False,"canonical form, kept distinct (large, coherent bucket)"
volume1::4.4.23,Discrete Mathematics,Set Theory & Algebra,Discrete Mathematics,False,"canonical form, kept distinct (large, coherent bucket)"
volume1::4.4.24,Discrete Mathematics,Set Theory & Algebra,Discrete Mathematics,False,"canonical form, kept distinct (large, coherent bucket)"
volume1::4.4.25,Discrete Mathematics,Set Theory & Algebra,Discrete Mathematics,False,"canonical form, kept distinct (large, coherent bucket)"
volume1::4.4.26,Discrete Mathematics,Set Theory & Algebra,Discrete Mathematics,False,"canonical form, kept distinct (large, coherent bucket)"
volume1::4.4.27,Discrete Mathematics,Set Theory & Algebra,Discrete Mathematics,False,"canonical form, kept distinct (large, coherent bucket)"
volume1::4.4.28,Discrete Mathematics,Set Theory & Algebra,Discrete Mathematics,False,"canonical form, kept distinct (large, coherent bucket)"
volume1::4.4.29,Discrete Mathematics,Set Theory & Algebra,Discrete Mathematics,False,"canonical form, kept distinct (large, coherent bucket)"
volume1::4.4.3,Discrete Mathematics,Set Theory & Algebra,Discrete Mathematics,False,"canonical form, kept distinct (large, coherent bucket)"
volume1::4.4.30,Discrete Mathematics,Set Theory & Algebra,Discrete Mathematics,False,"canonical form, kept distinct (large, coherent bucket)"
volume1::4.4.31,Discrete Mathematics,Set Theory & Algebra,Discrete Mathematics,False,"canonical form, kept distinct (large, coherent bucket)"
volume1::4.4.32,Discrete Mathematics,Set Theory & Algebra,Discrete Mathematics,False,"canonical form, kept distinct (large, coherent bucket)"
volume1::4.4.33,Discrete Mathematics,Set Theory & Algebra,Discrete Mathematics,False,"canonical form, kept distinct (large, coherent bucket)"
volume1::4.4.4,Discrete Mathematics,Set Theory & Algebra,Discrete Mathematics,False,"canonical form, kept distinct (large, coherent bucket)"
volume1::4.4.5,Discrete Mathematics,Set Theory & Algebra,Discrete Mathematics,False,"canonical form, kept distinct (large, coherent bucket)"
volume1::4.4.6,Discrete Mathematics,Set Theory & Algebra,Discrete Mathematics,False,"canonical form, kept distinct (large, coherent bucket)"
volume1::4.4.7,Discrete Mathematics,Set Theory & Algebra,Discrete Mathematics,False,"canonical form, kept distinct (large, coherent bucket)"
volume1::4.4.8,Discrete Mathematics,Set Theory & Algebra,Discrete Mathematics,False,"canonical form, kept distinct (large, coherent bucket)"
volume1::4.4.9,Discrete Mathematics,Set Theory & Algebra,Discrete Mathematics,False,"canonical form, kept distinct (large, coherent bucket)"
volume1::4.5.1,Discrete Mathematics,Set Theory & Algebra,Discrete Mathematics,False,"canonical form, kept distinct (large, coherent bucket)"
volume1::4.6.2,Discrete Mathematics,Set Theory & Algebra,Discrete Mathematics,False,"canonical form, kept distinct (large, coherent bucket)"
volume1::4.6.3,Discrete Mathematics,Set Theory & Algebra,Discrete Mathematics,False,"canonical form, kept distinct (large, coherent bucket)"
volume1::4.6.4,Discrete Mathematics,Set Theory & Algebra,Discrete Mathematics,False,"canonical form, kept distinct (large, coherent bucket)"
volume1::4.6.6,Discrete Mathematics,Set Theory & Algebra,Discrete Mathematics,False,"canonical form, kept distinct (large, coherent bucket)"
volume1::4.7.1,Discrete Mathematics,Set Theory & Algebra,Discrete Mathematics,False,"canonical form, kept distinct (large, coherent bucket)"
volume1::4.7.2,Discrete Mathematics,Set Theory & Algebra,Discrete Mathematics,False,"canonical form, kept distinct (large, coherent bucket)"
volume1::4.8.1,Discrete Mathematics,Set Theory & Algebra,Discrete Mathematics,False,"canonical form, kept distinct (large, coherent bucket)"
volume1::4.8.2,Discrete Mathematics,Set Theory & Algebra,Discrete Mathematics,False,"canonical form, kept distinct (large, coherent bucket)"
volume1::4.8.3,Discrete Mathematics,Set Theory & Algebra,Discrete Mathematics,False,"canonical form, kept distinct (large, coherent bucket)"
volume1::4.8.4,Discrete Mathematics,Set Theory & Algebra,Discrete Mathematics,False,"canonical form, kept distinct (large, coherent bucket)"
volume1::4.8.5,Discrete Mathematics,Set Theory & Algebra,Discrete Mathematics,False,"canonical form, kept distinct (large, coherent bucket)"
volume1::4.8.6,Discrete Mathematics,Set Theory & Algebra,Discrete Mathematics,False,"canonical form, kept distinct (large, coherent bucket)"
volume1::4.8.7,Discrete Mathematics,Set Theory & Algebra,Discrete Mathematics,False,"canonical form, kept distinct (large, coherent bucket)"
volume1::4.9.1,Discrete Mathematics,Set Theory & Algebra,Discrete Mathematics,False,"canonical form, kept distinct (large, coherent bucket)"
volume1::5.1.1,Engineering Mathematics,Calculus,Engineering Mathematics,False,canonical form
volume1::5.1.4,Engineering Mathematics,Calculus,Engineering Mathematics,False,canonical form
volume1::5.1.5,Engineering Mathematics,Calculus,Engineering Mathematics,False,canonical form
volume1::5.1.6,Engineering Mathematics,Calculus,Engineering Mathematics,False,canonical form
volume1::5.1.7,Engineering Mathematics,Calculus,Engineering Mathematics,False,canonical form
volume1::5.1.8,Engineering Mathematics,Calculus,Engineering Mathematics,False,canonical form
volume1::5.1.9,Engineering Mathematics,Calculus,Engineering Mathematics,False,canonical form
volume1::5.2.1,Engineering Mathematics,Calculus,Engineering Mathematics,False,canonical form
volume1::5.2.2,Engineering Mathematics,Calculus,Engineering Mathematics,False,canonical form
volume1::5.2.3,Engineering Mathematics,Calculus,Engineering Mathematics,False,canonical form
volume1::5.3.1,Engineering Mathematics,Calculus,Engineering Mathematics,False,canonical form
volume1::5.3.10,Mathematics,Calculus,Engineering Mathematics,True,fallback for non-discrete-math topics; see TOPIC_OVERRIDES for the Discrete-Math split
volume1::5.3.2,Engineering Mathematics,Calculus,Engineering Mathematics,False,canonical form
volume1::5.3.5,Engineering Mathematics,Calculus,Engineering Mathematics,False,canonical form
volume1::5.3.6,Engineering Mathematics,Calculus,Engineering Mathematics,False,canonical form
volume1::5.3.7,Engineering Mathematics,Calculus,Engineering Mathematics,False,canonical form
volume1::5.3.8,Engineering Mathematics,Calculus,Engineering Mathematics,False,canonical form
volume1::5.3.9,Engineering Mathematics,Calculus,Engineering Mathematics,False,canonical form
volume1::5.4.1,Mathematics,Calculus,Engineering Mathematics,True,fallback for non-discrete-math topics; see TOPIC_OVERRIDES for the Discrete-Math split
volume1::5.4.10,Mathematics,Calculus,Engineering Mathematics,True,fallback for non-discrete-math topics; see TOPIC_OVERRIDES for the Discrete-Math split
volume1::5.4.11,Mathematics,Calculus,Engineering Mathematics,True,fallback for non-discrete-math topics; see TOPIC_OVERRIDES for the Discrete-Math split
volume1::5.4.3,Mathematics,Calculus,Engineering Mathematics,True,fallback for non-discrete-math topics; see TOPIC_OVERRIDES for the Discrete-Math split
volume1::5.4.4,Mathematics,Calculus,Engineering Mathematics,True,fallback for non-discrete-math topics; see TOPIC_OVERRIDES for the Discrete-Math split
volume1::5.4.7,Mathematics,Calculus,Engineering Mathematics,True,fallback for non-discrete-math topics; see TOPIC_OVERRIDES for the Discrete-Math split
volume1::5.4.8,Mathematics,Calculus,Engineering Mathematics,True,fallback for non-discrete-math topics; see TOPIC_OVERRIDES for the Discrete-Math split
volume1::5.4.9,Mathematics,Calculus,Engineering Mathematics,True,fallback for non-discrete-math topics; see TOPIC_OVERRIDES for the Discrete-Math split
volume1::5.5.1,Mathematics,Calculus,Engineering Mathematics,True,fallback for non-discrete-math topics; see TOPIC_OVERRIDES for the Discrete-Math split
volume1::5.5.10,Mathematics,Calculus,Engineering Mathematics,True,fallback for non-discrete-math topics; see TOPIC_OVERRIDES for the Discrete-Math split
volume1::5.5.11,Mathematics,Calculus,Engineering Mathematics,True,fallback for non-discrete-math topics; see TOPIC_OVERRIDES for the Discrete-Math split
volume1::5.5.13,Mathematics,Calculus,Engineering Mathematics,True,fallback for non-discrete-math topics; see TOPIC_OVERRIDES for the Discrete-Math split
volume1::5.5.14,Mathematics,Calculus,Engineering Mathematics,True,fallback for non-discrete-math topics; see TOPIC_OVERRIDES for the Discrete-Math split
volume1::5.5.2,Mathematics,Calculus,Engineering Mathematics,True,fallback for non-discrete-math topics; see TOPIC_OVERRIDES for the Discrete-Math split
volume1::5.5.4,Mathematics,Calculus,Engineering Mathematics,True,fallback for non-discrete-math topics; see TOPIC_OVERRIDES for the Discrete-Math split
volume1::5.5.5,Mathematics,Calculus,Engineering Mathematics,True,fallback for non-discrete-math topics; see TOPIC_OVERRIDES for the Discrete-Math split
volume1::5.5.6,Mathematics,Calculus,Engineering Mathematics,True,fallback for non-discrete-math topics; see TOPIC_OVERRIDES for the Discrete-Math split
volume1::5.5.7,Mathematics,Calculus,Engineering Mathematics,True,fallback for non-discrete-math topics; see TOPIC_OVERRIDES for the Discrete-Math split
volume1::5.6.1,Mathematics,Calculus,Engineering Mathematics,True,fallback for non-discrete-math topics; see TOPIC_OVERRIDES for the Discrete-Math split
volume1::5.6.10,Mathematics,Calculus,Engineering Mathematics,True,fallback for non-discrete-math topics; see TOPIC_OVERRIDES for the Discrete-Math split
volume1::5.6.11,Mathematics,Calculus,Engineering Mathematics,True,fallback for non-discrete-math topics; see TOPIC_OVERRIDES for the Discrete-Math split
volume1::5.6.12,Mathematics,Calculus,Engineering Mathematics,True,fallback for non-discrete-math topics; see TOPIC_OVERRIDES for the Discrete-Math split
volume1::5.6.13,Mathematics,Calculus,Engineering Mathematics,True,fallback for non-discrete-math topics; see TOPIC_OVERRIDES for the Discrete-Math split
volume1::5.6.8,Mathematics,Calculus,Engineering Mathematics,True,fallback for non-discrete-math topics; see TOPIC_OVERRIDES for the Discrete-Math split
volume1::6.1.1,Mathematics,Linear Algebra,Engineering Mathematics,True,fallback for non-discrete-math topics; see TOPIC_OVERRIDES for the Discrete-Math split
volume1::6.10.1,Mathematics,Linear Algebra,Engineering Mathematics,True,fallback for non-discrete-math topics; see TOPIC_OVERRIDES for the Discrete-Math split
volume1::6.11.1,Mathematics,Linear Algebra,Engineering Mathematics,True,fallback for non-discrete-math topics; see TOPIC_OVERRIDES for the Discrete-Math split
volume1::6.11.11,Mathematics,Linear Algebra,Engineering Mathematics,True,fallback for non-discrete-math topics; see TOPIC_OVERRIDES for the Discrete-Math split
volume1::6.11.13,Mathematics,Linear Algebra,Engineering Mathematics,True,fallback for non-discrete-math topics; see TOPIC_OVERRIDES for the Discrete-Math split
volume1::6.11.16,Mathematics,Linear Algebra,Engineering Mathematics,True,fallback for non-discrete-math topics; see TOPIC_OVERRIDES for the Discrete-Math split
volume1::6.11.17,Mathematics,Linear Algebra,Engineering Mathematics,True,fallback for non-discrete-math topics; see TOPIC_OVERRIDES for the Discrete-Math split
volume1::6.11.4,Mathematics,Linear Algebra,Engineering Mathematics,True,fallback for non-discrete-math topics; see TOPIC_OVERRIDES for the Discrete-Math split
volume1::6.11.6,Mathematics,Linear Algebra,Engineering Mathematics,True,fallback for non-discrete-math topics; see TOPIC_OVERRIDES for the Discrete-Math split
volume1::6.11.7,Mathematics,Linear Algebra,Engineering Mathematics,True,fallback for non-discrete-math topics; see TOPIC_OVERRIDES for the Discrete-Math split
volume1::6.11.8,Mathematics,Linear Algebra,Engineering Mathematics,True,fallback for non-discrete-math topics; see TOPIC_OVERRIDES for the Discrete-Math split
volume1::6.11.9,Mathematics,Linear Algebra,Engineering Mathematics,True,fallback for non-discrete-math topics; see TOPIC_OVERRIDES for the Discrete-Math split
volume1::6.12.2,Mathematics,Linear Algebra,Engineering Mathematics,True,fallback for non-discrete-math topics; see TOPIC_OVERRIDES for the Discrete-Math split
volume1::6.12.4,Mathematics,Linear Algebra,Engineering Mathematics,True,fallback for non-discrete-math topics; see TOPIC_OVERRIDES for the Discrete-Math split
volume1::6.2.1,Mathematics,Linear Algebra,Engineering Mathematics,True,fallback for non-discrete-math topics; see TOPIC_OVERRIDES for the Discrete-Math split
volume1::6.2.11,Mathematics,Linear Algebra,Engineering Mathematics,True,fallback for non-discrete-math topics; see TOPIC_OVERRIDES for the Discrete-Math split
volume1::6.2.2,Mathematics,Linear Algebra,Engineering Mathematics,True,fallback for non-discrete-math topics; see TOPIC_OVERRIDES for the Discrete-Math split
volume1::6.2.4,Mathematics,Linear Algebra,Engineering Mathematics,True,fallback for non-discrete-math topics; see TOPIC_OVERRIDES for the Discrete-Math split
volume1::6.2.6,Mathematics,Linear Algebra,Engineering Mathematics,True,fallback for non-discrete-math topics; see TOPIC_OVERRIDES for the Discrete-Math split
volume1::6.2.7,Mathematics,Linear Algebra,Engineering Mathematics,True,fallback for non-discrete-math topics; see TOPIC_OVERRIDES for the Discrete-Math split
volume1::6.2.9,Mathematics,Linear Algebra,Engineering Mathematics,True,fallback for non-discrete-math topics; see TOPIC_OVERRIDES for the Discrete-Math split
volume1::6.3.1,Mathematics,Linear Algebra,Engineering Mathematics,True,fallback for non-discrete-math topics; see TOPIC_OVERRIDES for the Discrete-Math split
volume1::6.3.10,Mathematics,Linear Algebra,Engineering Mathematics,True,fallback for non-discrete-math topics; see TOPIC_OVERRIDES for the Discrete-Math split
volume1::6.3.12,Mathematics,Linear Algebra,Engineering Mathematics,True,fallback for non-discrete-math topics; see TOPIC_OVERRIDES for the Discrete-Math split
volume1::6.3.13,Mathematics,Linear Algebra,Engineering Mathematics,True,fallback for non-discrete-math topics; see TOPIC_OVERRIDES for the Discrete-Math split
volume1::6.3.14,Mathematics,Linear Algebra,Engineering Mathematics,True,fallback for non-discrete-math topics; see TOPIC_OVERRIDES for the Discrete-Math split
volume1::6.3.16,Mathematics,Linear Algebra,Engineering Mathematics,True,fallback for non-discrete-math topics; see TOPIC_OVERRIDES for the Discrete-Math split
volume1::6.3.17,Mathematics,Linear Algebra,Engineering Mathematics,True,fallback for non-discrete-math topics; see TOPIC_OVERRIDES for the Discrete-Math split
volume1::6.3.18,Mathematics,Linear Algebra,Engineering Mathematics,True,fallback for non-discrete-math topics; see TOPIC_OVERRIDES for the Discrete-Math split
volume1::6.3.19,Mathematics,Linear Algebra,Engineering Mathematics,True,fallback for non-discrete-math topics; see TOPIC_OVERRIDES for the Discrete-Math split
volume1::6.3.2,Mathematics,Linear Algebra,Engineering Mathematics,True,fallback for non-discrete-math topics; see TOPIC_OVERRIDES for the Discrete-Math split
volume1::6.3.20,Mathematics,Linear Algebra,Engineering Mathematics,True,fallback for non-discrete-math topics; see TOPIC_OVERRIDES for the Discrete-Math split
volume1::6.3.21,Mathematics,Linear Algebra,Engineering Mathematics,True,fallback for non-discrete-math topics; see TOPIC_OVERRIDES for the Discrete-Math split
volume1::6.3.22,Mathematics,Linear Algebra,Engineering Mathematics,True,fallback for non-discrete-math topics; see TOPIC_OVERRIDES for the Discrete-Math split
volume1::6.3.23,Mathematics,Linear Algebra,Engineering Mathematics,True,fallback for non-discrete-math topics; see TOPIC_OVERRIDES for the Discrete-Math split
volume1::6.3.24,Mathematics,Linear Algebra,Engineering Mathematics,True,fallback for non-discrete-math topics; see TOPIC_OVERRIDES for the Discrete-Math split
volume1::6.3.26,Mathematics,Linear Algebra,Engineering Mathematics,True,fallback for non-discrete-math topics; see TOPIC_OVERRIDES for the Discrete-Math split
volume1::6.3.27,Mathematics,Linear Algebra,Engineering Mathematics,True,fallback for non-discrete-math topics; see TOPIC_OVERRIDES for the Discrete-Math split
volume1::6.3.29,Mathematics,Linear Algebra,Engineering Mathematics,True,fallback for non-discrete-math topics; see TOPIC_OVERRIDES for the Discrete-Math split
volume1::6.3.3,Mathematics,Linear Algebra,Engineering Mathematics,True,fallback for non-discrete-math topics; see TOPIC_OVERRIDES for the Discrete-Math split
volume1::6.3.30,Mathematics,Linear Algebra,Engineering Mathematics,True,fallback for non-discrete-math topics; see TOPIC_OVERRIDES for the Discrete-Math split
volume1::6.3.31,Mathematics,Linear Algebra,Engineering Mathematics,True,fallback for non-discrete-math topics; see TOPIC_OVERRIDES for the Discrete-Math split
volume1::6.3.32,Mathematics,Linear Algebra,Engineering Mathematics,True,fallback for non-discrete-math topics; see TOPIC_OVERRIDES for the Discrete-Math split
volume1::6.3.33,Mathematics,Linear Algebra,Engineering Mathematics,True,fallback for non-discrete-math topics; see TOPIC_OVERRIDES for the Discrete-Math split
volume1::6.3.4,Mathematics,Linear Algebra,Engineering Mathematics,True,fallback for non-discrete-math topics; see TOPIC_OVERRIDES for the Discrete-Math split
volume1::6.3.5,Mathematics,Linear Algebra,Engineering Mathematics,True,fallback for non-discrete-math topics; see TOPIC_OVERRIDES for the Discrete-Math split
volume1::6.3.6,Mathematics,Linear Algebra,Engineering Mathematics,True,fallback for non-discrete-math topics; see TOPIC_OVERRIDES for the Discrete-Math split
volume1::6.3.7,Mathematics,Linear Algebra,Engineering Mathematics,True,fallback for non-discrete-math topics; see TOPIC_OVERRIDES for the Discrete-Math split
volume1::6.3.9,Mathematics,Linear Algebra,Engineering Mathematics,True,fallback for non-discrete-math topics; see TOPIC_OVERRIDES for the Discrete-Math split
volume1::6.5.1,Mathematics,Linear Algebra,Engineering Mathematics,True,fallback for non-discrete-math topics; see TOPIC_OVERRIDES for the Discrete-Math split
volume1::6.6.1,Mathematics,Linear Algebra,Engineering Mathematics,True,fallback for non-discrete-math topics; see TOPIC_OVERRIDES for the Discrete-Math split
volume1::6.6.10,Mathematics,Linear Algebra,Engineering Mathematics,True,fallback for non-discrete-math topics; see TOPIC_OVERRIDES for the Discrete-Math split
volume1::6.6.14,Mathematics,Linear Algebra,Engineering Mathematics,True,fallback for non-discrete-math topics; see TOPIC_OVERRIDES for the Discrete-Math split
volume1::6.6.15,Mathematics,Linear Algebra,Engineering Mathematics,True,fallback for non-discrete-math topics; see TOPIC_OVERRIDES for the Discrete-Math split
volume1::6.6.16,Mathematics,Linear Algebra,Engineering Mathematics,True,fallback for non-discrete-math topics; see TOPIC_OVERRIDES for the Discrete-Math split
volume1::6.6.17,Mathematics,Linear Algebra,Engineering Mathematics,True,fallback for non-discrete-math topics; see TOPIC_OVERRIDES for the Discrete-Math split
volume1::6.6.18,Mathematics,Linear Algebra,Engineering Mathematics,True,fallback for non-discrete-math topics; see TOPIC_OVERRIDES for the Discrete-Math split
volume1::6.6.20,Mathematics,Linear Algebra,Engineering Mathematics,True,fallback for non-discrete-math topics; see TOPIC_OVERRIDES for the Discrete-Math split
volume1::6.6.21,Mathematics,Linear Algebra,Engineering Mathematics,True,fallback for non-discrete-math topics; see TOPIC_OVERRIDES for the Discrete-Math split
volume1::6.6.22,Mathematics,Linear Algebra,Engineering Mathematics,True,fallback for non-discrete-math topics; see TOPIC_OVERRIDES for the Discrete-Math split
volume1::6.6.7,Mathematics,Linear Algebra,Engineering Mathematics,True,fallback for non-discrete-math topics; see TOPIC_OVERRIDES for the Discrete-Math split
volume1::6.6.8,Mathematics,Linear Algebra,Engineering Mathematics,True,fallback for non-discrete-math topics; see TOPIC_OVERRIDES for the Discrete-Math split
volume1::6.6.9,Mathematics,Linear Algebra,Engineering Mathematics,True,fallback for non-discrete-math topics; see TOPIC_OVERRIDES for the Discrete-Math split
volume1::6.7.1,Mathematics,Linear Algebra,Engineering Mathematics,True,fallback for non-discrete-math topics; see TOPIC_OVERRIDES for the Discrete-Math split
volume1::6.7.2,Mathematics,Linear Algebra,Engineering Mathematics,True,fallback for non-discrete-math topics; see TOPIC_OVERRIDES for the Discrete-Math split
volume1::6.8.1,Mathematics,Linear Algebra,Engineering Mathematics,True,fallback for non-discrete-math topics; see TOPIC_OVERRIDES for the Discrete-Math split
volume1::6.8.2,Mathematics,Linear Algebra,Engineering Mathematics,True,fallback for non-discrete-math topics; see TOPIC_OVERRIDES for the Discrete-Math split
volume1::6.8.3,Mathematics,Linear Algebra,Engineering Mathematics,True,fallback for non-discrete-math topics; see TOPIC_OVERRIDES for the Discrete-Math split
volume1::6.8.4,Mathematics,Linear Algebra,Engineering Mathematics,True,fallback for non-discrete-math topics; see TOPIC_OVERRIDES for the Discrete-Math split
volume1::6.8.5,Mathematics,Linear Algebra,Engineering Mathematics,True,fallback for non-discrete-math topics; see TOPIC_OVERRIDES for the Discrete-Math split
volume1::6.8.6,Mathematics,Linear Algebra,Engineering Mathematics,True,fallback for non-discrete-math topics; see TOPIC_OVERRIDES for the Discrete-Math split
volume1::6.9.1,Mathematics,Linear Algebra,Engineering Mathematics,True,fallback for non-discrete-math topics; see TOPIC_OVERRIDES for the Discrete-Math split
volume1::7.1.1,Mathematics,Probability,Engineering Mathematics,True,fallback for non-discrete-math topics; see TOPIC_OVERRIDES for the Discrete-Math split
volume1::7.10.2,Mathematics,Probability,Engineering Mathematics,True,fallback for non-discrete-math topics; see TOPIC_OVERRIDES for the Discrete-Math split
volume1::7.11.3,Mathematics,Probability,Engineering Mathematics,True,fallback for non-discrete-math topics; see TOPIC_OVERRIDES for the Discrete-Math split
volume1::7.11.4,Mathematics,Probability,Engineering Mathematics,True,fallback for non-discrete-math topics; see TOPIC_OVERRIDES for the Discrete-Math split
volume1::7.12.12,Mathematics,Probability,Engineering Mathematics,True,fallback for non-discrete-math topics; see TOPIC_OVERRIDES for the Discrete-Math split
volume1::7.12.13,Mathematics,Probability,Engineering Mathematics,True,fallback for non-discrete-math topics; see TOPIC_OVERRIDES for the Discrete-Math split
volume1::7.12.14,Mathematics,Probability,Engineering Mathematics,True,fallback for non-discrete-math topics; see TOPIC_OVERRIDES for the Discrete-Math split
volume1::7.12.15,Mathematics,Probability,Engineering Mathematics,True,fallback for non-discrete-math topics; see TOPIC_OVERRIDES for the Discrete-Math split
volume1::7.12.16,Mathematics,Probability,Engineering Mathematics,True,fallback for non-discrete-math topics; see TOPIC_OVERRIDES for the Discrete-Math split
volume1::7.12.17,Mathematics,Probability,Engineering Mathematics,True,fallback for non-discrete-math topics; see TOPIC_OVERRIDES for the Discrete-Math split
volume1::7.12.18,Mathematics,Probability,Engineering Mathematics,True,fallback for non-discrete-math topics; see TOPIC_OVERRIDES for the Discrete-Math split
volume1::7.12.19,Mathematics,Probability,Engineering Mathematics,True,fallback for non-discrete-math topics; see TOPIC_OVERRIDES for the Discrete-Math split
volume1::7.12.20,Mathematics,Probability,Engineering Mathematics,True,fallback for non-discrete-math topics; see TOPIC_OVERRIDES for the Discrete-Math split
volume1::7.12.21,Mathematics,Probability,Engineering Mathematics,True,fallback for non-discrete-math topics; see TOPIC_OVERRIDES for the Discrete-Math split
volume1::7.12.23,Mathematics,Probability,Engineering Mathematics,True,fallback for non-discrete-math topics; see TOPIC_OVERRIDES for the Discrete-Math split
volume1::7.12.27,Mathematics,Probability,Engineering Mathematics,True,fallback for non-discrete-math topics; see TOPIC_OVERRIDES for the Discrete-Math split
volume1::7.12.28,Mathematics,Probability,Engineering Mathematics,True,fallback for non-discrete-math topics; see TOPIC_OVERRIDES for the Discrete-Math split
volume1::7.12.4,Mathematics,Probability,Engineering Mathematics,True,fallback for non-discrete-math topics; see TOPIC_OVERRIDES for the Discrete-Math split
volume1::7.14.1,Mathematics,Probability,Engineering Mathematics,True,fallback for non-discrete-math topics; see TOPIC_OVERRIDES for the Discrete-Math split
volume1::7.15.1,Mathematics,Probability,Engineering Mathematics,True,fallback for non-discrete-math topics; see TOPIC_OVERRIDES for the Discrete-Math split
volume1::7.15.2,Mathematics,Probability,Engineering Mathematics,True,fallback for non-discrete-math topics; see TOPIC_OVERRIDES for the Discrete-Math split
volume1::7.15.5,Mathematics,Probability,Engineering Mathematics,True,fallback for non-discrete-math topics; see TOPIC_OVERRIDES for the Discrete-Math split
volume1::7.15.6,Mathematics,Probability,Engineering Mathematics,True,fallback for non-discrete-math topics; see TOPIC_OVERRIDES for the Discrete-Math split
volume1::7.15.8,Mathematics,Probability,Engineering Mathematics,True,fallback for non-discrete-math topics; see TOPIC_OVERRIDES for the Discrete-Math split
volume1::7.16.1,Mathematics,Probability,Engineering Mathematics,True,fallback for non-discrete-math topics; see TOPIC_OVERRIDES for the Discrete-Math split
volume1::7.17.1,Mathematics,Probability,Engineering Mathematics,True,fallback for non-discrete-math topics; see TOPIC_OVERRIDES for the Discrete-Math split
volume1::7.17.2,Mathematics,Probability,Engineering Mathematics,True,fallback for non-discrete-math topics; see TOPIC_OVERRIDES for the Discrete-Math split
volume1::7.18.1,Mathematics,Probability,Engineering Mathematics,True,fallback for non-discrete-math topics; see TOPIC_OVERRIDES for the Discrete-Math split
volume1::7.18.10,Mathematics,Probability,Engineering Mathematics,True,fallback for non-discrete-math topics; see TOPIC_OVERRIDES for the Discrete-Math split
volume1::7.18.2,Mathematics,Probability,Engineering Mathematics,True,fallback for non-discrete-math topics; see TOPIC_OVERRIDES for the Discrete-Math split
volume1::7.18.5,Mathematics,Probability,Engineering Mathematics,True,fallback for non-discrete-math topics; see TOPIC_OVERRIDES for the Discrete-Math split
volume1::7.18.6,Mathematics,Probability,Engineering Mathematics,True,fallback for non-discrete-math topics; see TOPIC_OVERRIDES for the Discrete-Math split
volume1::7.18.7,Mathematics,Probability,Engineering Mathematics,True,fallback for non-discrete-math topics; see TOPIC_OVERRIDES for the Discrete-Math split
volume1::7.18.9,Mathematics,Probability,Engineering Mathematics,True,fallback for non-discrete-math topics; see TOPIC_OVERRIDES for the Discrete-Math split
volume1::7.19.1,Mathematics,Probability,Engineering Mathematics,True,fallback for non-discrete-math topics; see TOPIC_OVERRIDES for the Discrete-Math split
volume1::7.3.1,Mathematics,Probability,Engineering Mathematics,True,fallback for non-discrete-math topics; see TOPIC_OVERRIDES for the Discrete-Math split
volume1::7.4.2,Mathematics,Probability,Engineering Mathematics,True,fallback for non-discrete-math topics; see TOPIC_OVERRIDES for the Discrete-Math split
volume1::7.4.3,Mathematics,Probability,Engineering Mathematics,True,fallback for non-discrete-math topics; see TOPIC_OVERRIDES for the Discrete-Math split
volume1::7.5.1,Mathematics,Probability,Engineering Mathematics,True,fallback for non-discrete-math topics; see TOPIC_OVERRIDES for the Discrete-Math split
volume1::7.5.10,Mathematics,Probability,Engineering Mathematics,True,fallback for non-discrete-math topics; see TOPIC_OVERRIDES for the Discrete-Math split
volume1::7.5.13,Mathematics,Probability,Engineering Mathematics,True,fallback for non-discrete-math topics; see TOPIC_OVERRIDES for the Discrete-Math split
volume1::7.5.3,Mathematics,Probability,Engineering Mathematics,True,fallback for non-discrete-math topics; see TOPIC_OVERRIDES for the Discrete-Math split
volume1::7.5.9,Mathematics,Probability,Engineering Mathematics,True,fallback for non-discrete-math topics; see TOPIC_OVERRIDES for the Discrete-Math split
volume1::7.6.1,Mathematics,Probability,Engineering Mathematics,True,fallback for non-discrete-math topics; see TOPIC_OVERRIDES for the Discrete-Math split
volume1::7.7.11,Mathematics,Probability,Engineering Mathematics,True,fallback for non-discrete-math topics; see TOPIC_OVERRIDES for the Discrete-Math split
volume1::7.7.12,Mathematics,Probability,Engineering Mathematics,True,fallback for non-discrete-math topics; see TOPIC_OVERRIDES for the Discrete-Math split
volume1::7.7.3,Mathematics,Probability,Engineering Mathematics,True,fallback for non-discrete-math topics; see TOPIC_OVERRIDES for the Discrete-Math split
volume1::7.7.6,Mathematics,Probability,Engineering Mathematics,True,fallback for non-discrete-math topics; see TOPIC_OVERRIDES for the Discrete-Math split
volume1::7.7.7,Mathematics,Probability,Engineering Mathematics,True,fallback for non-discrete-math topics; see TOPIC_OVERRIDES for the Discrete-Math split
volume1::7.7.8,Mathematics,Probability,Engineering Mathematics,True,fallback for non-discrete-math topics; see TOPIC_OVERRIDES for the Discrete-Math split
volume1::7.7.9,Mathematics,Probability,Engineering Mathematics,True,fallback for non-discrete-math topics; see TOPIC_OVERRIDES for the Discrete-Math split
volume1::7.8.1,Mathematics,Probability,Engineering Mathematics,True,fallback for non-discrete-math topics; see TOPIC_OVERRIDES for the Discrete-Math split
volume1::7.8.3,Mathematics,Probability,Engineering Mathematics,True,fallback for non-discrete-math topics; see TOPIC_OVERRIDES for the Discrete-Math split
volume1::7.8.4,Mathematics,Probability,Engineering Mathematics,True,fallback for non-discrete-math topics; see TOPIC_OVERRIDES for the Discrete-Math split
volume1::7.8.5,Mathematics,Probability,Engineering Mathematics,True,fallback for non-discrete-math topics; see TOPIC_OVERRIDES for the Discrete-Math split
volume1::7.9.1,Mathematics,Probability,Engineering Mathematics,True,fallback for non-discrete-math topics; see TOPIC_OVERRIDES for the Discrete-Math split
volume1::7.9.5,Mathematics,Probability,Engineering Mathematics,True,fallback for non-discrete-math topics; see TOPIC_OVERRIDES for the Discrete-Math split
volume1::8.1.1,General Aptitude,Analytical Aptitude,General Aptitude,False,canonical form
volume1::8.1.2,General Aptitude,Analytical Aptitude,General Aptitude,False,canonical form
volume1::8.11.4,General Aptitude,Analytical Aptitude,General Aptitude,False,canonical form
volume1::8.11.5,General Aptitude,Analytical Aptitude,General Aptitude,False,canonical form
volume1::8.11.6,General Aptitude,Analytical Aptitude,General Aptitude,False,canonical form
volume1::8.12.1,General Aptitude,Analytical Aptitude,General Aptitude,False,canonical form
volume1::8.12.2,General Aptitude,Analytical Aptitude,General Aptitude,False,canonical form
volume1::8.12.4,General Aptitude,Analytical Aptitude,General Aptitude,False,canonical form
volume1::8.12.6,General Aptitude,Analytical Aptitude,General Aptitude,False,canonical form
volume1::8.13.2,General Aptitude,Analytical Aptitude,General Aptitude,False,canonical form
volume1::8.13.3,General Aptitude,Analytical Aptitude,General Aptitude,False,canonical form
volume1::8.13.5,General Aptitude,Analytical Aptitude,General Aptitude,False,canonical form
volume1::8.14.2,General Aptitude,Analytical Aptitude,General Aptitude,False,canonical form
volume1::8.14.3,General Aptitude,Analytical Aptitude,General Aptitude,False,canonical form
volume1::8.14.4,General Aptitude,Analytical Aptitude,General Aptitude,False,canonical form
volume1::8.15.1,General Aptitude,Analytical Aptitude,General Aptitude,False,canonical form
volume1::8.15.10,General Aptitude,Analytical Aptitude,General Aptitude,False,canonical form
volume1::8.15.11,General Aptitude,Analytical Aptitude,General Aptitude,False,canonical form
volume1::8.15.12,General Aptitude,Analytical Aptitude,General Aptitude,False,canonical form
volume1::8.15.2,General Aptitude,Analytical Aptitude,General Aptitude,False,canonical form
volume1::8.15.3,General Aptitude,Analytical Aptitude,General Aptitude,False,canonical form
volume1::8.15.4,General Aptitude,Analytical Aptitude,General Aptitude,False,canonical form
volume1::8.15.5,General Aptitude,Analytical Aptitude,General Aptitude,False,canonical form
volume1::8.15.6,General Aptitude,Analytical Aptitude,General Aptitude,False,canonical form
volume1::8.15.9,General Aptitude,Analytical Aptitude,General Aptitude,False,canonical form
volume1::8.16.1,General Aptitude,Analytical Aptitude,General Aptitude,False,canonical form
volume1::8.16.10,General Aptitude,Analytical Aptitude,General Aptitude,False,canonical form
volume1::8.16.11,General Aptitude,Analytical Aptitude,General Aptitude,False,canonical form
volume1::8.16.12,General Aptitude,Analytical Aptitude,General Aptitude,False,canonical form
volume1::8.16.13,General Aptitude,Analytical Aptitude,General Aptitude,False,canonical form
volume1::8.16.14,General Aptitude,Analytical Aptitude,General Aptitude,False,canonical form
volume1::8.16.15,General Aptitude,Analytical Aptitude,General Aptitude,False,canonical form
volume1::8.16.16,General Aptitude,Analytical Aptitude,General Aptitude,False,canonical form
volume1::8.16.17,General Aptitude,Analytical Aptitude,General Aptitude,False,canonical form
volume1::8.16.18,General Aptitude,Analytical Aptitude,General Aptitude,False,canonical form
volume1::8.16.19,General Aptitude,Analytical Aptitude,General Aptitude,False,canonical form
volume1::8.16.2,General Aptitude,Analytical Aptitude,General Aptitude,False,canonical form
volume1::8.16.20,General Aptitude,Analytical Aptitude,General Aptitude,False,canonical form
volume1::8.16.21,General Aptitude,Analytical Aptitude,General Aptitude,False,canonical form
volume1::8.16.22,General Aptitude,Analytical Aptitude,General Aptitude,False,canonical form
volume1::8.16.23,General Aptitude,Analytical Aptitude,General Aptitude,False,canonical form
volume1::8.16.24,General Aptitude,Analytical Aptitude,General Aptitude,False,canonical form
volume1::8.16.25,General Aptitude,Analytical Aptitude,General Aptitude,False,canonical form
volume1::8.16.26,General Aptitude,Analytical Aptitude,General Aptitude,False,canonical form
volume1::8.16.27,General Aptitude,Analytical Aptitude,General Aptitude,False,canonical form
volume1::8.16.28,General Aptitude,Analytical Aptitude,General Aptitude,False,canonical form
volume1::8.16.29,General Aptitude,Analytical Aptitude,General Aptitude,False,canonical form
volume1::8.16.3,General Aptitude,Analytical Aptitude,General Aptitude,False,canonical form
volume1::8.16.30,General Aptitude,Analytical Aptitude,General Aptitude,False,canonical form
volume1::8.16.31,General Aptitude,Analytical Aptitude,General Aptitude,False,canonical form
volume1::8.16.32,General Aptitude,Analytical Aptitude,General Aptitude,False,canonical form
volume1::8.16.33,General Aptitude,Analytical Aptitude,General Aptitude,False,canonical form
volume1::8.16.4,General Aptitude,Analytical Aptitude,General Aptitude,False,canonical form
volume1::8.16.5,General Aptitude,Analytical Aptitude,General Aptitude,False,canonical form
volume1::8.16.6,General Aptitude,Analytical Aptitude,General Aptitude,False,canonical form
volume1::8.16.7,General Aptitude,Analytical Aptitude,General Aptitude,False,canonical form
volume1::8.16.8,General Aptitude,Analytical Aptitude,General Aptitude,False,canonical form
volume1::8.16.9,General Aptitude,Analytical Aptitude,General Aptitude,False,canonical form
volume1::8.2.3,General Aptitude,Analytical Aptitude,General Aptitude,False,canonical form
volume1::8.3.1,General Aptitude,Analytical Aptitude,General Aptitude,False,canonical form
volume1::8.5.5,General Aptitude,Analytical Aptitude,General Aptitude,False,canonical form
volume1::8.5.7,General Aptitude,Analytical Aptitude,General Aptitude,False,canonical form
volume1::8.5.8,General Aptitude,Analytical Aptitude,General Aptitude,False,canonical form
volume1::8.6.2,General Aptitude,Analytical Aptitude,General Aptitude,False,canonical form
volume1::8.6.4,General Aptitude,Analytical Aptitude,General Aptitude,False,canonical form
volume1::8.6.5,General Aptitude,Analytical Aptitude,General Aptitude,False,canonical form
volume1::8.6.6,General Aptitude,Analytical Aptitude,General Aptitude,False,canonical form
volume1::8.6.7,General Aptitude,Analytical Aptitude,General Aptitude,False,canonical form
volume1::8.9.10,General Aptitude,Analytical Aptitude,General Aptitude,False,canonical form
volume1::8.9.11,General Aptitude,Analytical Aptitude,General Aptitude,False,canonical form
volume1::8.9.13,General Aptitude,Analytical Aptitude,General Aptitude,False,canonical form
volume1::8.9.14,General Aptitude,Analytical Aptitude,General Aptitude,False,canonical form
volume1::8.9.15,General Aptitude,Analytical Aptitude,General Aptitude,False,canonical form
volume1::8.9.17,General Aptitude,Analytical Aptitude,General Aptitude,False,canonical form
volume1::8.9.18,General Aptitude,Analytical Aptitude,General Aptitude,False,canonical form
volume1::8.9.19,General Aptitude,Analytical Aptitude,General Aptitude,False,canonical form
volume1::8.9.21,General Aptitude,Analytical Aptitude,General Aptitude,False,canonical form
volume1::8.9.22,General Aptitude,Analytical Aptitude,General Aptitude,False,canonical form
volume1::8.9.23,General Aptitude,Analytical Aptitude,General Aptitude,False,canonical form
volume1::8.9.25,General Aptitude,Analytical Aptitude,General Aptitude,False,canonical form
volume1::8.9.26,General Aptitude,Analytical Aptitude,General Aptitude,False,canonical form
volume1::8.9.27,General Aptitude,Analytical Aptitude,General Aptitude,False,canonical form
volume1::8.9.29,General Aptitude,Analytical Aptitude,General Aptitude,False,canonical form
volume1::8.9.31,General Aptitude,Analytical Aptitude,General Aptitude,False,canonical form
volume1::8.9.32,General Aptitude,Analytical Aptitude,General Aptitude,False,canonical form
volume1::8.9.33,General Aptitude,Analytical Aptitude,General Aptitude,False,canonical form
volume1::8.9.36,General Aptitude,Analytical Aptitude,General Aptitude,False,canonical form
volume1::8.9.37,General Aptitude,Analytical Aptitude,General Aptitude,False,canonical form
volume1::8.9.38,General Aptitude,Analytical Aptitude,General Aptitude,False,canonical form
volume1::8.9.39,General Aptitude,Analytical Aptitude,General Aptitude,False,canonical form
volume1::8.9.4,General Aptitude,Analytical Aptitude,General Aptitude,False,canonical form
volume1::8.9.5,General Aptitude,Analytical Aptitude,General Aptitude,False,canonical form
volume1::8.9.6,General Aptitude,Analytical Aptitude,General Aptitude,False,canonical form
volume1::8.9.7,General Aptitude,Analytical Aptitude,General Aptitude,False,canonical form
volume1::9.0.2,General Aptitude,Quantitative Aptitude,General Aptitude,False,canonical form
volume1::9.1.2,General Aptitude,Quantitative Aptitude,General Aptitude,False,canonical form
volume1::9.1.4,General Aptitude,Quantitative Aptitude,General Aptitude,False,canonical form
volume1::9.1.5,General Aptitude,Quantitative Aptitude,General Aptitude,False,canonical form
volume1::9.1.6,General Aptitude,Quantitative Aptitude,General Aptitude,False,canonical form
volume1::9.1.7,General Aptitude,Quantitative Aptitude,General Aptitude,False,canonical form
volume1::9.10.1,General Aptitude,Quantitative Aptitude,General Aptitude,False,canonical form
volume1::9.10.10,General Aptitude,Quantitative Aptitude,General Aptitude,False,canonical form
volume1::9.10.2,General Aptitude,Quantitative Aptitude,General Aptitude,False,canonical form
volume1::9.10.3,General Aptitude,Quantitative Aptitude,General Aptitude,False,canonical form
volume1::9.10.5,General Aptitude,Quantitative Aptitude,General Aptitude,False,canonical form
volume1::9.10.6,General Aptitude,Quantitative Aptitude,General Aptitude,False,canonical form
volume1::9.10.8,General Aptitude,Quantitative Aptitude,General Aptitude,False,canonical form
volume1::9.10.9,General Aptitude,Quantitative Aptitude,General Aptitude,False,canonical form
volume1::9.11.4,General Aptitude,Quantitative Aptitude,General Aptitude,False,canonical form
volume1::9.11.7,General Aptitude,Quantitative Aptitude,General Aptitude,False,canonical form
volume1::9.12.10,General Aptitude,Quantitative Aptitude,General Aptitude,False,canonical form
volume1::9.12.4,General Aptitude,Quantitative Aptitude,General Aptitude,False,canonical form
volume1::9.12.5,General Aptitude,Quantitative Aptitude,General Aptitude,False,canonical form
volume1::9.12.6,General Aptitude,Quantitative Aptitude,General Aptitude,False,canonical form
volume1::9.12.7,General Aptitude,Quantitative Aptitude,General Aptitude,False,canonical form
volume1::9.12.8,General Aptitude,Quantitative Aptitude,General Aptitude,False,canonical form
volume1::9.12.9,General Aptitude,Quantitative Aptitude,General Aptitude,False,canonical form
volume1::9.13.1,General Aptitude,Quantitative Aptitude,General Aptitude,False,canonical form
volume1::9.13.10,General Aptitude,Quantitative Aptitude,General Aptitude,False,canonical form
volume1::9.13.4,General Aptitude,Quantitative Aptitude,General Aptitude,False,canonical form
volume1::9.13.5,General Aptitude,Quantitative Aptitude,General Aptitude,False,canonical form
volume1::9.13.6,General Aptitude,Quantitative Aptitude,General Aptitude,False,canonical form
volume1::9.14.1,General Aptitude,Quantitative Aptitude,General Aptitude,False,canonical form
volume1::9.14.3,General Aptitude,Quantitative Aptitude,General Aptitude,False,canonical form
volume1::9.14.4,General Aptitude,Quantitative Aptitude,General Aptitude,False,canonical form
volume1::9.15.4,General Aptitude,Quantitative Aptitude,General Aptitude,False,canonical form
volume1::9.15.6,General Aptitude,Quantitative Aptitude,General Aptitude,False,canonical form
volume1::9.16.1,General Aptitude,Quantitative Aptitude,General Aptitude,False,canonical form
volume1::9.17.1,General Aptitude,Quantitative Aptitude,General Aptitude,False,canonical form
volume1::9.18.2,General Aptitude,Quantitative Aptitude,General Aptitude,False,canonical form
volume1::9.18.5,General Aptitude,Quantitative Aptitude,General Aptitude,False,canonical form
volume1::9.19.4,General Aptitude,Quantitative Aptitude,General Aptitude,False,canonical form
volume1::9.2.1,General Aptitude,Quantitative Aptitude,General Aptitude,False,canonical form
volume1::9.23.4,General Aptitude,Quantitative Aptitude,General Aptitude,False,canonical form
volume1::9.25.3,General Aptitude,Quantitative Aptitude,General Aptitude,False,canonical form
volume1::9.25.4,General Aptitude,Quantitative Aptitude,General Aptitude,False,canonical form
volume1::9.26.3,General Aptitude,Quantitative Aptitude,General Aptitude,False,canonical form
volume1::9.26.4,General Aptitude,Quantitative Aptitude,General Aptitude,False,canonical form
volume1::9.27.1,General Aptitude,Quantitative Aptitude,General Aptitude,False,canonical form
volume1::9.27.11,General Aptitude,Quantitative Aptitude,General Aptitude,False,canonical form
volume1::9.27.12,General Aptitude,Quantitative Aptitude,General Aptitude,False,canonical form
volume1::9.27.13,General Aptitude,Quantitative Aptitude,General Aptitude,False,canonical form
volume1::9.27.14,General Aptitude,Quantitative Aptitude,General Aptitude,False,canonical form
volume1::9.27.15,General Aptitude,Quantitative Aptitude,General Aptitude,False,canonical form
volume1::9.27.4,General Aptitude,Quantitative Aptitude,General Aptitude,False,canonical form
volume1::9.27.5,General Aptitude,Quantitative Aptitude,General Aptitude,False,canonical form
volume1::9.27.6,General Aptitude,Quantitative Aptitude,General Aptitude,False,canonical form
volume1::9.27.7,General Aptitude,Quantitative Aptitude,General Aptitude,False,canonical form
volume1::9.27.8,General Aptitude,Quantitative Aptitude,General Aptitude,False,canonical form
volume1::9.28.1,General Aptitude,Quantitative Aptitude,General Aptitude,False,canonical form
volume1::9.28.12,General Aptitude,Quantitative Aptitude,General Aptitude,False,canonical form
volume1::9.28.15,General Aptitude,Quantitative Aptitude,General Aptitude,False,canonical form
volume1::9.28.17,General Aptitude,Quantitative Aptitude,General Aptitude,False,canonical form
volume1::9.28.20,General Aptitude,Quantitative Aptitude,General Aptitude,False,canonical form
volume1::9.28.21,General Aptitude,Quantitative Aptitude,General Aptitude,False,canonical form
volume1::9.28.25,General Aptitude,Quantitative Aptitude,General Aptitude,False,canonical form
volume1::9.28.26,General Aptitude,Quantitative Aptitude,General Aptitude,False,canonical form
volume1::9.28.28,General Aptitude,Quantitative Aptitude,General Aptitude,False,canonical form
volume1::9.28.4,General Aptitude,Quantitative Aptitude,General Aptitude,False,canonical form
volume1::9.3.1,General Aptitude,Quantitative Aptitude,General Aptitude,False,canonical form
volume1::9.3.2,General Aptitude,Quantitative Aptitude,General Aptitude,False,canonical form
volume1::9.3.4,General Aptitude,Quantitative Aptitude,General Aptitude,False,canonical form
volume1::9.3.5,General Aptitude,Quantitative Aptitude,General Aptitude,False,canonical form
volume1::9.3.6,General Aptitude,Quantitative Aptitude,General Aptitude,False,canonical form
volume1::9.30.1,General Aptitude,Quantitative Aptitude,General Aptitude,False,canonical form
volume1::9.30.2,General Aptitude,Quantitative Aptitude,General Aptitude,False,canonical form
volume1::9.30.4,General Aptitude,Quantitative Aptitude,General Aptitude,False,canonical form
volume1::9.31.1,General Aptitude,Quantitative Aptitude,General Aptitude,False,canonical form
volume1::9.34.1,General Aptitude,Quantitative Aptitude,General Aptitude,False,canonical form
volume1::9.34.10,General Aptitude,Quantitative Aptitude,General Aptitude,False,canonical form
volume1::9.34.11,General Aptitude,Quantitative Aptitude,General Aptitude,False,canonical form
volume1::9.34.13,General Aptitude,Quantitative Aptitude,General Aptitude,False,canonical form
volume1::9.34.14,General Aptitude,Quantitative Aptitude,General Aptitude,False,canonical form
volume1::9.34.2,General Aptitude,Quantitative Aptitude,General Aptitude,False,canonical form
volume1::9.34.3,General Aptitude,Quantitative Aptitude,General Aptitude,False,canonical form
volume1::9.34.4,General Aptitude,Quantitative Aptitude,General Aptitude,False,canonical form
volume1::9.34.6,General Aptitude,Quantitative Aptitude,General Aptitude,False,canonical form
volume1::9.34.7,General Aptitude,Quantitative Aptitude,General Aptitude,False,canonical form
volume1::9.34.8,General Aptitude,Quantitative Aptitude,General Aptitude,False,canonical form
volume1::9.34.9,General Aptitude,Quantitative Aptitude,General Aptitude,False,canonical form
volume1::9.36.3,General Aptitude,Quantitative Aptitude,General Aptitude,False,canonical form
volume1::9.36.4,General Aptitude,Quantitative Aptitude,General Aptitude,False,canonical form
volume1::9.37.1,General Aptitude,Quantitative Aptitude,General Aptitude,False,canonical form
volume1::9.38.1,General Aptitude,Quantitative Aptitude,General Aptitude,False,canonical form
volume1::9.38.2,General Aptitude,Quantitative Aptitude,General Aptitude,False,canonical form
volume1::9.39.1,General Aptitude,Quantitative Aptitude,General Aptitude,False,canonical form
volume1::9.39.10,General Aptitude,Quantitative Aptitude,General Aptitude,False,canonical form
volume1::9.39.2,General Aptitude,Quantitative Aptitude,General Aptitude,False,canonical form
volume1::9.39.4,General Aptitude,Quantitative Aptitude,General Aptitude,False,canonical form
volume1::9.39.5,General Aptitude,Quantitative Aptitude,General Aptitude,False,canonical form
volume1::9.39.6,General Aptitude,Quantitative Aptitude,General Aptitude,False,canonical form
volume1::9.39.7,General Aptitude,Quantitative Aptitude,General Aptitude,False,canonical form
volume1::9.39.8,General Aptitude,Quantitative Aptitude,General Aptitude,False,canonical form
volume1::9.4.2,General Aptitude,Quantitative Aptitude,General Aptitude,False,canonical form
volume1::9.4.3,General Aptitude,Quantitative Aptitude,General Aptitude,False,canonical form
volume1::9.40.1,General Aptitude,Quantitative Aptitude,General Aptitude,False,canonical form
volume1::9.40.2,General Aptitude,Quantitative Aptitude,General Aptitude,False,canonical form
volume1::9.40.5,General Aptitude,Quantitative Aptitude,General Aptitude,False,canonical form
volume1::9.40.6,General Aptitude,Quantitative Aptitude,General Aptitude,False,canonical form
volume1::9.41.2,General Aptitude,Quantitative Aptitude,General Aptitude,False,canonical form
volume1::9.41.4,General Aptitude,Quantitative Aptitude,General Aptitude,False,canonical form
volume1::9.41.6,General Aptitude,Quantitative Aptitude,General Aptitude,False,canonical form
volume1::9.42.10,General Aptitude,Quantitative Aptitude,General Aptitude,False,canonical form
volume1::9.42.11,General Aptitude,Quantitative Aptitude,General Aptitude,False,canonical form
volume1::9.42.12,General Aptitude,Quantitative Aptitude,General Aptitude,False,canonical form
volume1::9.42.14,General Aptitude,Quantitative Aptitude,General Aptitude,False,canonical form
volume1::9.42.2,General Aptitude,Quantitative Aptitude,General Aptitude,False,canonical form
volume1::9.42.3,General Aptitude,Quantitative Aptitude,General Aptitude,False,canonical form
volume1::9.42.5,General Aptitude,Quantitative Aptitude,General Aptitude,False,canonical form
volume1::9.42.6,General Aptitude,Quantitative Aptitude,General Aptitude,False,canonical form
volume1::9.42.8,General Aptitude,Quantitative Aptitude,General Aptitude,False,canonical form
volume1::9.42.9,General Aptitude,Quantitative Aptitude,General Aptitude,False,canonical form
volume1::9.43.1,General Aptitude,Quantitative Aptitude,General Aptitude,False,canonical form
volume1::9.43.12,General Aptitude,Quantitative Aptitude,General Aptitude,False,canonical form
volume1::9.43.14,General Aptitude,Quantitative Aptitude,General Aptitude,False,canonical form
volume1::9.43.16,General Aptitude,Quantitative Aptitude,General Aptitude,False,canonical form
volume1::9.43.19,General Aptitude,Quantitative Aptitude,General Aptitude,False,canonical form
volume1::9.43.2,General Aptitude,Quantitative Aptitude,General Aptitude,False,canonical form
volume1::9.43.20,General Aptitude,Quantitative Aptitude,General Aptitude,False,canonical form
volume1::9.43.3,General Aptitude,Quantitative Aptitude,General Aptitude,False,canonical form
volume1::9.43.6,General Aptitude,Quantitative Aptitude,General Aptitude,False,canonical form
volume1::9.44.1,General Aptitude,Quantitative Aptitude,General Aptitude,False,canonical form
volume1::9.44.4,General Aptitude,Quantitative Aptitude,General Aptitude,False,canonical form
volume1::9.45.13,General Aptitude,Quantitative Aptitude,General Aptitude,False,canonical form
volume1::9.45.2,General Aptitude,Quantitative Aptitude,General Aptitude,False,canonical form
volume1::9.45.3,General Aptitude,Quantitative Aptitude,General Aptitude,False,canonical form
volume1::9.45.5,General Aptitude,Quantitative Aptitude,General Aptitude,False,canonical form
volume1::9.46.1,General Aptitude,Quantitative Aptitude,General Aptitude,False,canonical form
volume1::9.46.2,General Aptitude,Quantitative Aptitude,General Aptitude,False,canonical form
volume1::9.46.4,General Aptitude,Quantitative Aptitude,General Aptitude,False,canonical form
volume1::9.47.1,General Aptitude,Quantitative Aptitude,General Aptitude,False,canonical form
volume1::9.48.1,General Aptitude,Quantitative Aptitude,General Aptitude,False,canonical form
volume1::9.49.11,General Aptitude,Quantitative Aptitude,General Aptitude,False,canonical form
volume1::9.49.13,General Aptitude,Quantitative Aptitude,General Aptitude,False,canonical form
volume1::9.49.14,General Aptitude,Quantitative Aptitude,General Aptitude,False,canonical form
volume1::9.49.16,General Aptitude,Quantitative Aptitude,General Aptitude,False,canonical form
volume1::9.49.17,General Aptitude,Quantitative Aptitude,General Aptitude,False,canonical form
volume1::9.49.18,General Aptitude,Quantitative Aptitude,General Aptitude,False,canonical form
volume1::9.49.2,General Aptitude,Quantitative Aptitude,General Aptitude,False,canonical form
volume1::9.49.20,General Aptitude,Quantitative Aptitude,General Aptitude,False,canonical form
volume1::9.49.21,General Aptitude,Quantitative Aptitude,General Aptitude,False,canonical form
volume1::9.49.22,General Aptitude,Quantitative Aptitude,General Aptitude,False,canonical form
volume1::9.49.23,General Aptitude,Quantitative Aptitude,General Aptitude,False,canonical form
volume1::9.49.28,General Aptitude,Quantitative Aptitude,General Aptitude,False,canonical form
volume1::9.49.29,General Aptitude,Quantitative Aptitude,General Aptitude,False,canonical form
volume1::9.49.4,General Aptitude,Quantitative Aptitude,General Aptitude,False,canonical form
volume1::9.49.6,General Aptitude,Quantitative Aptitude,General Aptitude,False,canonical form
volume1::9.49.7,General Aptitude,Quantitative Aptitude,General Aptitude,False,canonical form
volume1::9.49.8,General Aptitude,Quantitative Aptitude,General Aptitude,False,canonical form
volume1::9.49.9,General Aptitude,Quantitative Aptitude,General Aptitude,False,canonical form
volume1::9.51.4,General Aptitude,Quantitative Aptitude,General Aptitude,False,canonical form
volume1::9.52.10,General Aptitude,Quantitative Aptitude,General Aptitude,False,canonical form
volume1::9.52.11,General Aptitude,Quantitative Aptitude,General Aptitude,False,canonical form
volume1::9.52.2,General Aptitude,Quantitative Aptitude,General Aptitude,False,canonical form
volume1::9.52.4,General Aptitude,Quantitative Aptitude,General Aptitude,False,canonical form
volume1::9.52.5,General Aptitude,Quantitative Aptitude,General Aptitude,False,canonical form
volume1::9.52.6,General Aptitude,Quantitative Aptitude,General Aptitude,False,canonical form
volume1::9.52.8,General Aptitude,Quantitative Aptitude,General Aptitude,False,canonical form
volume1::9.52.9,General Aptitude,Quantitative Aptitude,General Aptitude,False,canonical form
volume1::9.54.1,General Aptitude,Quantitative Aptitude,General Aptitude,False,canonical form
volume1::9.54.10,General Aptitude,Quantitative Aptitude,General Aptitude,False,canonical form
volume1::9.54.12,General Aptitude,Quantitative Aptitude,General Aptitude,False,canonical form
volume1::9.54.13,General Aptitude,Quantitative Aptitude,General Aptitude,False,canonical form
volume1::9.54.15,General Aptitude,Quantitative Aptitude,General Aptitude,False,canonical form
volume1::9.54.16,General Aptitude,Quantitative Aptitude,General Aptitude,False,canonical form
volume1::9.54.18,General Aptitude,Quantitative Aptitude,General Aptitude,False,canonical form
volume1::9.54.19,General Aptitude,Quantitative Aptitude,General Aptitude,False,canonical form
volume1::9.54.2,General Aptitude,Quantitative Aptitude,General Aptitude,False,canonical form
volume1::9.54.20,General Aptitude,Quantitative Aptitude,General Aptitude,False,canonical form
volume1::9.54.22,General Aptitude,Quantitative Aptitude,General Aptitude,False,canonical form
volume1::9.54.24,General Aptitude,Quantitative Aptitude,General Aptitude,False,canonical form
volume1::9.54.25,General Aptitude,Quantitative Aptitude,General Aptitude,False,canonical form
volume1::9.54.26,General Aptitude,Quantitative Aptitude,General Aptitude,False,canonical form
volume1::9.54.3,General Aptitude,Quantitative Aptitude,General Aptitude,False,canonical form
volume1::9.54.5,General Aptitude,Quantitative Aptitude,General Aptitude,False,canonical form
volume1::9.54.7,General Aptitude,Quantitative Aptitude,General Aptitude,False,canonical form
volume1::9.54.8,General Aptitude,Quantitative Aptitude,General Aptitude,False,canonical form
volume1::9.54.9,General Aptitude,Quantitative Aptitude,General Aptitude,False,canonical form
volume1::9.56.1,General Aptitude,Quantitative Aptitude,General Aptitude,False,canonical form
volume1::9.56.2,General Aptitude,Quantitative Aptitude,General Aptitude,False,canonical form
volume1::9.56.3,General Aptitude,Quantitative Aptitude,General Aptitude,False,canonical form
volume1::9.56.4,General Aptitude,Quantitative Aptitude,General Aptitude,False,canonical form
volume1::9.57.1,General Aptitude,Quantitative Aptitude,General Aptitude,False,canonical form
volume1::9.57.10,General Aptitude,Quantitative Aptitude,General Aptitude,False,canonical form
volume1::9.57.2,General Aptitude,Quantitative Aptitude,General Aptitude,False,canonical form
volume1::9.57.3,General Aptitude,Quantitative Aptitude,General Aptitude,False,canonical form
volume1::9.57.4,General Aptitude,Quantitative Aptitude,General Aptitude,False,canonical form
volume1::9.57.5,General Aptitude,Quantitative Aptitude,General Aptitude,False,canonical form
volume1::9.57.6,General Aptitude,Quantitative Aptitude,General Aptitude,False,canonical form
volume1::9.57.7,General Aptitude,Quantitative Aptitude,General Aptitude,False,canonical form
volume1::9.57.8,General Aptitude,Quantitative Aptitude,General Aptitude,False,canonical form
volume1::9.57.9,General Aptitude,Quantitative Aptitude,General Aptitude,False,canonical form
volume1::9.58.1,General Aptitude,Quantitative Aptitude,General Aptitude,False,canonical form
volume1::9.59.10,General Aptitude,Quantitative Aptitude,General Aptitude,False,canonical form
volume1::9.59.11,General Aptitude,Quantitative Aptitude,General Aptitude,False,canonical form
volume1::9.59.12,General Aptitude,Quantitative Aptitude,General Aptitude,False,canonical form
volume1::9.59.13,General Aptitude,Quantitative Aptitude,General Aptitude,False,canonical form
volume1::9.59.16,General Aptitude,Quantitative Aptitude,General Aptitude,False,canonical form
volume1::9.59.17,General Aptitude,Quantitative Aptitude,General Aptitude,False,canonical form
volume1::9.59.19,General Aptitude,Quantitative Aptitude,General Aptitude,False,canonical form
volume1::9.59.2,General Aptitude,Quantitative Aptitude,General Aptitude,False,canonical form
volume1::9.59.3,General Aptitude,Quantitative Aptitude,General Aptitude,False,canonical form
volume1::9.59.4,General Aptitude,Quantitative Aptitude,General Aptitude,False,canonical form
volume1::9.59.5,General Aptitude,Quantitative Aptitude,General Aptitude,False,canonical form
volume1::9.59.6,General Aptitude,Quantitative Aptitude,General Aptitude,False,canonical form
volume1::9.59.7,General Aptitude,Quantitative Aptitude,General Aptitude,False,canonical form
volume1::9.59.9,General Aptitude,Quantitative Aptitude,General Aptitude,False,canonical form
volume1::9.6.8,General Aptitude,Quantitative Aptitude,General Aptitude,False,canonical form
volume1::9.61.4,General Aptitude,Quantitative Aptitude,General Aptitude,False,canonical form
volume1::9.61.5,General Aptitude,Quantitative Aptitude,General Aptitude,False,canonical form
volume1::9.61.7,General Aptitude,Quantitative Aptitude,General Aptitude,False,canonical form
volume1::9.62.1,General Aptitude,Quantitative Aptitude,General Aptitude,False,canonical form
volume1::9.65.10,General Aptitude,Quantitative Aptitude,General Aptitude,False,canonical form
volume1::9.66.1,General Aptitude,Quantitative Aptitude,General Aptitude,False,canonical form
volume1::9.67.1,General Aptitude,Quantitative Aptitude,General Aptitude,False,canonical form
volume1::9.67.2,General Aptitude,Quantitative Aptitude,General Aptitude,False,canonical form
volume1::9.68.10,General Aptitude,Quantitative Aptitude,General Aptitude,False,canonical form
volume1::9.68.11,General Aptitude,Quantitative Aptitude,General Aptitude,False,canonical form
volume1::9.68.12,General Aptitude,Quantitative Aptitude,General Aptitude,False,canonical form
volume1::9.68.14,General Aptitude,Quantitative Aptitude,General Aptitude,False,canonical form
volume1::9.68.15,General Aptitude,Quantitative Aptitude,General Aptitude,False,canonical form
volume1::9.68.16,General Aptitude,Quantitative Aptitude,General Aptitude,False,canonical form
volume1::9.68.4,General Aptitude,Quantitative Aptitude,General Aptitude,False,canonical form
volume1::9.68.6,General Aptitude,Quantitative Aptitude,General Aptitude,False,canonical form
volume1::9.68.8,General Aptitude,Quantitative Aptitude,General Aptitude,False,canonical form
volume1::9.70.11,General Aptitude,Quantitative Aptitude,General Aptitude,False,canonical form
volume1::9.70.13,General Aptitude,Quantitative Aptitude,General Aptitude,False,canonical form
volume1::9.70.14,General Aptitude,Quantitative Aptitude,General Aptitude,False,canonical form
volume1::9.70.15,General Aptitude,Quantitative Aptitude,General Aptitude,False,canonical form
volume1::9.70.17,General Aptitude,Quantitative Aptitude,General Aptitude,False,canonical form
volume1::9.70.3,General Aptitude,Quantitative Aptitude,General Aptitude,False,canonical form
volume1::9.70.8,General Aptitude,Quantitative Aptitude,General Aptitude,False,canonical form
volume1::9.70.9,General Aptitude,Quantitative Aptitude,General Aptitude,False,canonical form
volume1::9.8.1,General Aptitude,Quantitative Aptitude,General Aptitude,False,canonical form
volume1::9.8.10,General Aptitude,Quantitative Aptitude,General Aptitude,False,canonical form
volume1::9.8.11,General Aptitude,Quantitative Aptitude,General Aptitude,False,canonical form
volume1::9.8.13,General Aptitude,Quantitative Aptitude,General Aptitude,False,canonical form
volume1::9.8.14,General Aptitude,Quantitative Aptitude,General Aptitude,False,canonical form
volume1::9.8.15,General Aptitude,Quantitative Aptitude,General Aptitude,False,canonical form
volume1::9.8.16,General Aptitude,Quantitative Aptitude,General Aptitude,False,canonical form
volume1::9.8.18,General Aptitude,Quantitative Aptitude,General Aptitude,False,canonical form
volume1::9.8.2,General Aptitude,Quantitative Aptitude,General Aptitude,False,canonical form
volume1::9.8.3,General Aptitude,Quantitative Aptitude,General Aptitude,False,canonical form
volume1::9.8.6,General Aptitude,Quantitative Aptitude,General Aptitude,False,canonical form
volume1::9.8.7,General Aptitude,Quantitative Aptitude,General Aptitude,False,canonical form
volume2::1.1.4,Algorithms,Algorithm Design,Algorithms,False,canonical form (kept distinct from PDS per GATE syllabus)
volume2::1.1.6,Algorithms,Algorithm Design,Algorithms,False,canonical form (kept distinct from PDS per GATE syllabus)
volume2::1.1.7,Algorithms,Algorithm Design,Algorithms,False,canonical form (kept distinct from PDS per GATE syllabus)
volume2::1.1.8,Algorithms,Algorithm Design,Algorithms,False,canonical form (kept distinct from PDS per GATE syllabus)
volume2::1.10.1,Algorithms,Graph Algorithms,Algorithms,False,canonical form (kept distinct from PDS per GATE syllabus)
volume2::1.12.1,Algorithms,Dynamic Programming,Algorithms,False,canonical form (kept distinct from PDS per GATE syllabus)
volume2::1.12.2,Algorithms,Dynamic Programming,Algorithms,False,canonical form (kept distinct from PDS per GATE syllabus)
volume2::1.12.3,Algorithms,Dynamic Programming,Algorithms,False,canonical form (kept distinct from PDS per GATE syllabus)
volume2::1.12.4,Algorithms,Dynamic Programming,Algorithms,False,canonical form (kept distinct from PDS per GATE syllabus)
volume2::1.12.5,Algorithms,Dynamic Programming,Algorithms,False,canonical form (kept distinct from PDS per GATE syllabus)
volume2::1.12.6,Algorithms,Dynamic Programming,Algorithms,False,canonical form (kept distinct from PDS per GATE syllabus)
volume2::1.12.8,Algorithms,Dynamic Programming,Algorithms,False,canonical form (kept distinct from PDS per GATE syllabus)
volume2::1.12.9,Algorithms,Dynamic Programming,Algorithms,False,canonical form (kept distinct from PDS per GATE syllabus)
volume2::1.13.1,Algorithms,Graph Algorithms,Algorithms,False,canonical form (kept distinct from PDS per GATE syllabus)
volume2::1.13.10,Algorithms,Graph Algorithms,Algorithms,False,canonical form (kept distinct from PDS per GATE syllabus)
volume2::1.13.11,Algorithms,Graph Algorithms,Algorithms,False,canonical form (kept distinct from PDS per GATE syllabus)
volume2::1.13.2,Algorithms,Graph Algorithms,Algorithms,False,canonical form (kept distinct from PDS per GATE syllabus)
volume2::1.13.3,Algorithms,Graph Algorithms,Algorithms,False,canonical form (kept distinct from PDS per GATE syllabus)
volume2::1.13.4,Algorithms,Graph Algorithms,Algorithms,False,canonical form (kept distinct from PDS per GATE syllabus)
volume2::1.13.5,Algorithms,Graph Algorithms,Algorithms,False,canonical form (kept distinct from PDS per GATE syllabus)
volume2::1.13.6,Algorithms,Graph Algorithms,Algorithms,False,canonical form (kept distinct from PDS per GATE syllabus)
volume2::1.14.11,Algorithms,Graph Search,Algorithms,False,canonical form (kept distinct from PDS per GATE syllabus)
volume2::1.14.12,Algorithms,Graph Search,Algorithms,False,canonical form (kept distinct from PDS per GATE syllabus)
volume2::1.14.14,Algorithms,Graph Search,Algorithms,False,canonical form (kept distinct from PDS per GATE syllabus)
volume2::1.14.15,Algorithms,Graph Search,Algorithms,False,canonical form (kept distinct from PDS per GATE syllabus)
volume2::1.14.16,Algorithms,Graph Search,Algorithms,False,canonical form (kept distinct from PDS per GATE syllabus)
volume2::1.14.18,Algorithms,Graph Search,Algorithms,False,canonical form (kept distinct from PDS per GATE syllabus)
volume2::1.14.19,Algorithms,Graph Search,Algorithms,False,canonical form (kept distinct from PDS per GATE syllabus)
volume2::1.14.20,Algorithms,Graph Search,Algorithms,False,canonical form (kept distinct from PDS per GATE syllabus)
volume2::1.14.21,Algorithms,Graph Search,Algorithms,False,canonical form (kept distinct from PDS per GATE syllabus)
volume2::1.14.22,Algorithms,Graph Search,Algorithms,False,canonical form (kept distinct from PDS per GATE syllabus)
volume2::1.14.3,Algorithms,Graph Search,Algorithms,False,canonical form (kept distinct from PDS per GATE syllabus)
volume2::1.14.4,Algorithms,Graph Search,Algorithms,False,canonical form (kept distinct from PDS per GATE syllabus)
volume2::1.14.5,Algorithms,Graph Search,Algorithms,False,canonical form (kept distinct from PDS per GATE syllabus)
volume2::1.14.6,Algorithms,Graph Search,Algorithms,False,canonical form (kept distinct from PDS per GATE syllabus)
volume2::1.14.8,Algorithms,Graph Search,Algorithms,False,canonical form (kept distinct from PDS per GATE syllabus)
volume2::1.14.9,Algorithms,Graph Search,Algorithms,False,canonical form (kept distinct from PDS per GATE syllabus)
volume2::1.15.1,Algorithms,Greedy Algorithms,Algorithms,False,canonical form (kept distinct from PDS per GATE syllabus)
volume2::1.15.2,Algorithms,Greedy Algorithms,Algorithms,False,canonical form (kept distinct from PDS per GATE syllabus)
volume2::1.16.3,Algorithms,Hashing,Algorithms,False,canonical form (kept distinct from PDS per GATE syllabus)
volume2::1.16.5,Algorithms,Hashing,Algorithms,False,canonical form (kept distinct from PDS per GATE syllabus)
volume2::1.16.6,Algorithms,Hashing,Algorithms,False,canonical form (kept distinct from PDS per GATE syllabus)
volume2::1.16.7,Algorithms,Hashing,Algorithms,False,canonical form (kept distinct from PDS per GATE syllabus)
volume2::1.17.2,Algorithms,Huffman Code,Algorithms,False,canonical form (kept distinct from PDS per GATE syllabus)
volume2::1.17.3,Algorithms,Huffman Code,Algorithms,False,canonical form (kept distinct from PDS per GATE syllabus)
volume2::1.17.5,Algorithms,Huffman Code,Algorithms,False,canonical form (kept distinct from PDS per GATE syllabus)
volume2::1.17.6,Algorithms,Huffman Code,Algorithms,False,canonical form (kept distinct from PDS per GATE syllabus)
volume2::1.18.1,Algorithms,Identify Function,Algorithms,False,canonical form (kept distinct from PDS per GATE syllabus)
volume2::1.18.10,Algorithms,Identify Function,Algorithms,False,canonical form (kept distinct from PDS per GATE syllabus)
volume2::1.18.11,Algorithms,Identify Function,Algorithms,False,canonical form (kept distinct from PDS per GATE syllabus)
volume2::1.18.12,Algorithms,Identify Function,Algorithms,False,canonical form (kept distinct from PDS per GATE syllabus)
volume2::1.18.13,Algorithms,Identify Function,Algorithms,False,canonical form (kept distinct from PDS per GATE syllabus)
volume2::1.18.14,Algorithms,Identify Function,Algorithms,False,canonical form (kept distinct from PDS per GATE syllabus)
volume2::1.18.15,Algorithms,Identify Function,Algorithms,False,canonical form (kept distinct from PDS per GATE syllabus)
volume2::1.18.16,Algorithms,Identify Function,Algorithms,False,canonical form (kept distinct from PDS per GATE syllabus)
volume2::1.18.17,Algorithms,Identify Function,Algorithms,False,canonical form (kept distinct from PDS per GATE syllabus)
volume2::1.18.18,Algorithms,Identify Function,Algorithms,False,canonical form (kept distinct from PDS per GATE syllabus)
volume2::1.18.19,Algorithms,Identify Function,Algorithms,False,canonical form (kept distinct from PDS per GATE syllabus)
volume2::1.18.20,Algorithms,Identify Function,Algorithms,False,canonical form (kept distinct from PDS per GATE syllabus)
volume2::1.18.21,Algorithms,Identify Function,Algorithms,False,canonical form (kept distinct from PDS per GATE syllabus)
volume2::1.18.22,Algorithms,Identify Function,Algorithms,False,canonical form (kept distinct from PDS per GATE syllabus)
volume2::1.18.23,Algorithms,Identify Function,Algorithms,False,canonical form (kept distinct from PDS per GATE syllabus)
volume2::1.18.24,Algorithms,Identify Function,Algorithms,False,canonical form (kept distinct from PDS per GATE syllabus)
volume2::1.18.26,Algorithms,Identify Function,Algorithms,False,canonical form (kept distinct from PDS per GATE syllabus)
volume2::1.18.27,Algorithms,Identify Function,Algorithms,False,canonical form (kept distinct from PDS per GATE syllabus)
volume2::1.18.28,Algorithms,Identify Function,Algorithms,False,canonical form (kept distinct from PDS per GATE syllabus)
volume2::1.18.29,Algorithms,Identify Function,Algorithms,False,canonical form (kept distinct from PDS per GATE syllabus)
volume2::1.18.3,Algorithms,Identify Function,Algorithms,False,canonical form (kept distinct from PDS per GATE syllabus)
volume2::1.18.30,Algorithms,Identify Function,Algorithms,False,canonical form (kept distinct from PDS per GATE syllabus)
volume2::1.18.31,Algorithms,Identify Function,Algorithms,False,canonical form (kept distinct from PDS per GATE syllabus)
volume2::1.18.32,Algorithms,Identify Function,Algorithms,False,canonical form (kept distinct from PDS per GATE syllabus)
volume2::1.18.33,Algorithms,Identify Function,Algorithms,False,canonical form (kept distinct from PDS per GATE syllabus)
volume2::1.18.34,Algorithms,Identify Function,Algorithms,False,canonical form (kept distinct from PDS per GATE syllabus)
volume2::1.18.35,Algorithms,Identify Function,Algorithms,False,canonical form (kept distinct from PDS per GATE syllabus)
volume2::1.18.36,Algorithms,Identify Function,Algorithms,False,canonical form (kept distinct from PDS per GATE syllabus)
volume2::1.18.37,Algorithms,Identify Function,Algorithms,False,canonical form (kept distinct from PDS per GATE syllabus)
volume2::1.18.38,Algorithms,Identify Function,Algorithms,False,canonical form (kept distinct from PDS per GATE syllabus)
volume2::1.18.4,Algorithms,Identify Function,Algorithms,False,canonical form (kept distinct from PDS per GATE syllabus)
volume2::1.18.5,Algorithms,Identify Function,Algorithms,False,canonical form (kept distinct from PDS per GATE syllabus)
volume2::1.18.6,Algorithms,Identify Function,Algorithms,False,canonical form (kept distinct from PDS per GATE syllabus)
volume2::1.18.7,Algorithms,Identify Function,Algorithms,False,canonical form (kept distinct from PDS per GATE syllabus)
volume2::1.18.9,Algorithms,Identify Function,Algorithms,False,canonical form (kept distinct from PDS per GATE syllabus)
volume2::1.19.1,Algorithms,Sorting,Algorithms,False,canonical form (kept distinct from PDS per GATE syllabus)
volume2::1.19.2,Algorithms,Sorting,Algorithms,False,canonical form (kept distinct from PDS per GATE syllabus)
volume2::1.19.3,Algorithms,Sorting,Algorithms,False,canonical form (kept distinct from PDS per GATE syllabus)
volume2::1.20.1,Algorithms,Hashing,Algorithms,False,canonical form (kept distinct from PDS per GATE syllabus)
volume2::1.21.1,Algorithms,Dynamic Programming,Algorithms,False,canonical form (kept distinct from PDS per GATE syllabus)
volume2::1.21.2,Algorithms,Dynamic Programming,Algorithms,False,canonical form (kept distinct from PDS per GATE syllabus)
volume2::1.21.3,Algorithms,Dynamic Programming,Algorithms,False,canonical form (kept distinct from PDS per GATE syllabus)
volume2::1.22.1,Algorithms,Sorting,Algorithms,False,canonical form (kept distinct from PDS per GATE syllabus)
volume2::1.22.2,Algorithms,Sorting,Algorithms,False,canonical form (kept distinct from PDS per GATE syllabus)
volume2::1.22.3,Algorithms,Sorting,Algorithms,False,canonical form (kept distinct from PDS per GATE syllabus)
volume2::1.23.1,Algorithms,Sorting,Algorithms,False,canonical form (kept distinct from PDS per GATE syllabus)
volume2::1.23.2,Algorithms,Sorting,Algorithms,False,canonical form (kept distinct from PDS per GATE syllabus)
volume2::1.24.1,Algorithms,Graph Algorithms,Algorithms,False,canonical form (kept distinct from PDS per GATE syllabus)
volume2::1.24.10,Algorithms,Graph Algorithms,Algorithms,False,canonical form (kept distinct from PDS per GATE syllabus)
volume2::1.24.12,Algorithms,Graph Algorithms,Algorithms,False,canonical form (kept distinct from PDS per GATE syllabus)
volume2::1.24.18,Algorithms,Graph Algorithms,Algorithms,False,canonical form (kept distinct from PDS per GATE syllabus)
volume2::1.24.2,Algorithms,Graph Algorithms,Algorithms,False,canonical form (kept distinct from PDS per GATE syllabus)
volume2::1.24.21,Algorithms,Graph Algorithms,Algorithms,False,canonical form (kept distinct from PDS per GATE syllabus)
volume2::1.24.22,Algorithms,Graph Algorithms,Algorithms,False,canonical form (kept distinct from PDS per GATE syllabus)
volume2::1.24.23,Algorithms,Graph Algorithms,Algorithms,False,canonical form (kept distinct from PDS per GATE syllabus)
volume2::1.24.24,Algorithms,Graph Algorithms,Algorithms,False,canonical form (kept distinct from PDS per GATE syllabus)
volume2::1.24.26,Algorithms,Graph Algorithms,Algorithms,False,canonical form (kept distinct from PDS per GATE syllabus)
volume2::1.24.27,Algorithms,Graph Algorithms,Algorithms,False,canonical form (kept distinct from PDS per GATE syllabus)
volume2::1.24.29,Algorithms,Graph Algorithms,Algorithms,False,canonical form (kept distinct from PDS per GATE syllabus)
volume2::1.24.30,Algorithms,Graph Algorithms,Algorithms,False,canonical form (kept distinct from PDS per GATE syllabus)
volume2::1.24.31,Algorithms,Graph Algorithms,Algorithms,False,canonical form (kept distinct from PDS per GATE syllabus)
volume2::1.24.34,Algorithms,Graph Algorithms,Algorithms,False,canonical form (kept distinct from PDS per GATE syllabus)
volume2::1.24.6,Algorithms,Graph Algorithms,Algorithms,False,canonical form (kept distinct from PDS per GATE syllabus)
volume2::1.24.9,Algorithms,Graph Algorithms,Algorithms,False,canonical form (kept distinct from PDS per GATE syllabus)
volume2::1.26.1,Algorithms,Sorting,Algorithms,False,canonical form (kept distinct from PDS per GATE syllabus)
volume2::1.26.10,Algorithms,Sorting,Algorithms,False,canonical form (kept distinct from PDS per GATE syllabus)
volume2::1.26.11,Algorithms,Sorting,Algorithms,False,canonical form (kept distinct from PDS per GATE syllabus)
volume2::1.26.12,Algorithms,Sorting,Algorithms,False,canonical form (kept distinct from PDS per GATE syllabus)
volume2::1.26.13,Algorithms,Sorting,Algorithms,False,canonical form (kept distinct from PDS per GATE syllabus)
volume2::1.26.14,Algorithms,Sorting,Algorithms,False,canonical form (kept distinct from PDS per GATE syllabus)
volume2::1.26.3,Algorithms,Sorting,Algorithms,False,canonical form (kept distinct from PDS per GATE syllabus)
volume2::1.26.5,Algorithms,Sorting,Algorithms,False,canonical form (kept distinct from PDS per GATE syllabus)
volume2::1.26.6,Algorithms,Sorting,Algorithms,False,canonical form (kept distinct from PDS per GATE syllabus)
volume2::1.26.7,Algorithms,Sorting,Algorithms,False,canonical form (kept distinct from PDS per GATE syllabus)
volume2::1.26.8,Algorithms,Sorting,Algorithms,False,canonical form (kept distinct from PDS per GATE syllabus)
volume2::1.26.9,Algorithms,Sorting,Algorithms,False,canonical form (kept distinct from PDS per GATE syllabus)
volume2::1.27.1,Algorithms,Recurrence Relation,Algorithms,False,canonical form (kept distinct from PDS per GATE syllabus)
volume2::1.27.11,Algorithms,Recurrence Relation,Algorithms,False,canonical form (kept distinct from PDS per GATE syllabus)
volume2::1.27.12,Algorithms,Recurrence Relation,Algorithms,False,canonical form (kept distinct from PDS per GATE syllabus)
volume2::1.27.13,Algorithms,Recurrence Relation,Algorithms,False,canonical form (kept distinct from PDS per GATE syllabus)
volume2::1.27.14,Algorithms,Recurrence Relation,Algorithms,False,canonical form (kept distinct from PDS per GATE syllabus)
volume2::1.27.15,Algorithms,Recurrence Relation,Algorithms,False,canonical form (kept distinct from PDS per GATE syllabus)
volume2::1.27.16,Algorithms,Recurrence Relation,Algorithms,False,canonical form (kept distinct from PDS per GATE syllabus)
volume2::1.27.17,Algorithms,Recurrence Relation,Algorithms,False,canonical form (kept distinct from PDS per GATE syllabus)
volume2::1.27.18,Algorithms,Recurrence Relation,Algorithms,False,canonical form (kept distinct from PDS per GATE syllabus)
volume2::1.27.19,Algorithms,Recurrence Relation,Algorithms,False,canonical form (kept distinct from PDS per GATE syllabus)
volume2::1.27.2,Algorithms,Recurrence Relation,Algorithms,False,canonical form (kept distinct from PDS per GATE syllabus)
volume2::1.27.20,Algorithms,Recurrence Relation,Algorithms,False,canonical form (kept distinct from PDS per GATE syllabus)
volume2::1.27.21,Algorithms,Recurrence Relation,Algorithms,False,canonical form (kept distinct from PDS per GATE syllabus)
volume2::1.27.22,Algorithms,Recurrence Relation,Algorithms,False,canonical form (kept distinct from PDS per GATE syllabus)
volume2::1.27.23,Algorithms,Recurrence Relation,Algorithms,False,canonical form (kept distinct from PDS per GATE syllabus)
volume2::1.27.24,Algorithms,Recurrence Relation,Algorithms,False,canonical form (kept distinct from PDS per GATE syllabus)
volume2::1.27.25,Algorithms,Recurrence Relation,Algorithms,False,canonical form (kept distinct from PDS per GATE syllabus)
volume2::1.27.27,Algorithms,Recurrence Relation,Algorithms,False,canonical form (kept distinct from PDS per GATE syllabus)
volume2::1.27.28,Algorithms,Recurrence Relation,Algorithms,False,canonical form (kept distinct from PDS per GATE syllabus)
volume2::1.27.29,Algorithms,Recurrence Relation,Algorithms,False,canonical form (kept distinct from PDS per GATE syllabus)
volume2::1.27.3,Algorithms,Recurrence Relation,Algorithms,False,canonical form (kept distinct from PDS per GATE syllabus)
volume2::1.27.30,Algorithms,Recurrence Relation,Algorithms,False,canonical form (kept distinct from PDS per GATE syllabus)
volume2::1.27.31,Algorithms,Recurrence Relation,Algorithms,False,canonical form (kept distinct from PDS per GATE syllabus)
volume2::1.27.32,Algorithms,Recurrence Relation,Algorithms,False,canonical form (kept distinct from PDS per GATE syllabus)
volume2::1.27.34,Algorithms,Recurrence Relation,Algorithms,False,canonical form (kept distinct from PDS per GATE syllabus)
volume2::1.27.35,Algorithms,Recurrence Relation,Algorithms,False,canonical form (kept distinct from PDS per GATE syllabus)
volume2::1.27.4,Algorithms,Recurrence Relation,Algorithms,False,canonical form (kept distinct from PDS per GATE syllabus)
volume2::1.27.5,Algorithms,Recurrence Relation,Algorithms,False,canonical form (kept distinct from PDS per GATE syllabus)
volume2::1.27.7,Algorithms,Recurrence Relation,Algorithms,False,canonical form (kept distinct from PDS per GATE syllabus)
volume2::1.27.8,Algorithms,Recurrence Relation,Algorithms,False,canonical form (kept distinct from PDS per GATE syllabus)
volume2::1.27.9,Algorithms,Recurrence Relation,Algorithms,False,canonical form (kept distinct from PDS per GATE syllabus)
volume2::1.28.1,Algorithms,Recursion,Algorithms,False,canonical form (kept distinct from PDS per GATE syllabus)
volume2::1.28.2,Algorithms,Recursion,Algorithms,False,canonical form (kept distinct from PDS per GATE syllabus)
volume2::1.28.3,Algorithms,Recursion,Algorithms,False,canonical form (kept distinct from PDS per GATE syllabus)
volume2::1.28.4,Algorithms,Recursion,Algorithms,False,canonical form (kept distinct from PDS per GATE syllabus)
volume2::1.29.1,Algorithms,Searching,Algorithms,False,canonical form (kept distinct from PDS per GATE syllabus)
volume2::1.29.2,Algorithms,Searching,Algorithms,False,canonical form (kept distinct from PDS per GATE syllabus)
volume2::1.29.3,Algorithms,Searching,Algorithms,False,canonical form (kept distinct from PDS per GATE syllabus)
volume2::1.29.4,Algorithms,Searching,Algorithms,False,canonical form (kept distinct from PDS per GATE syllabus)
volume2::1.29.5,Algorithms,Searching,Algorithms,False,canonical form (kept distinct from PDS per GATE syllabus)
volume2::1.29.6,Algorithms,Searching,Algorithms,False,canonical form (kept distinct from PDS per GATE syllabus)
volume2::1.29.7,Algorithms,Graph Search,Algorithms,False,canonical form (kept distinct from PDS per GATE syllabus)
volume2::1.3.2,Algorithms,Asymptotic Notation,Algorithms,False,canonical form (kept distinct from PDS per GATE syllabus)
volume2::1.3.3,Algorithms,Asymptotic Notation,Algorithms,False,canonical form (kept distinct from PDS per GATE syllabus)
volume2::1.3.4,Algorithms,Asymptotic Notation,Algorithms,False,canonical form (kept distinct from PDS per GATE syllabus)
volume2::1.3.5,Algorithms,Asymptotic Notation,Algorithms,False,canonical form (kept distinct from PDS per GATE syllabus)
volume2::1.3.6,Algorithms,Asymptotic Notation,Algorithms,False,canonical form (kept distinct from PDS per GATE syllabus)
volume2::1.3.7,Algorithms,Asymptotic Notation,Algorithms,False,canonical form (kept distinct from PDS per GATE syllabus)
volume2::1.30.1,Algorithms,Shortest Path,Algorithms,False,canonical form (kept distinct from PDS per GATE syllabus)
volume2::1.30.2,Algorithms,Shortest Path,Algorithms,False,canonical form (kept distinct from PDS per GATE syllabus)
volume2::1.30.3,Algorithms,Shortest Path,Algorithms,False,canonical form (kept distinct from PDS per GATE syllabus)
volume2::1.30.4,Algorithms,Shortest Path,Algorithms,False,canonical form (kept distinct from PDS per GATE syllabus)
volume2::1.30.5,Algorithms,Shortest Path,Algorithms,False,canonical form (kept distinct from PDS per GATE syllabus)
volume2::1.30.6,Algorithms,Shortest Path,Algorithms,False,canonical form (kept distinct from PDS per GATE syllabus)
volume2::1.30.7,Algorithms,Shortest Path,Algorithms,False,canonical form (kept distinct from PDS per GATE syllabus)
volume2::1.30.9,Algorithms,Shortest Path,Algorithms,False,canonical form (kept distinct from PDS per GATE syllabus)
volume2::1.31.12,Algorithms,Sorting,Algorithms,False,canonical form (kept distinct from PDS per GATE syllabus)
volume2::1.31.13,Algorithms,Sorting,Algorithms,False,canonical form (kept distinct from PDS per GATE syllabus)
volume2::1.31.14,Algorithms,Sorting,Algorithms,False,canonical form (kept distinct from PDS per GATE syllabus)
volume2::1.31.15,Algorithms,Sorting,Algorithms,False,canonical form (kept distinct from PDS per GATE syllabus)
volume2::1.31.16,Algorithms,Sorting,Algorithms,False,canonical form (kept distinct from PDS per GATE syllabus)
volume2::1.31.17,Algorithms,Sorting,Algorithms,False,canonical form (kept distinct from PDS per GATE syllabus)
volume2::1.31.18,Algorithms,Sorting,Algorithms,False,canonical form (kept distinct from PDS per GATE syllabus)
volume2::1.31.19,Algorithms,Sorting,Algorithms,False,canonical form (kept distinct from PDS per GATE syllabus)
volume2::1.31.2,Algorithms,Sorting,Algorithms,False,canonical form (kept distinct from PDS per GATE syllabus)
volume2::1.31.20,Algorithms,Sorting,Algorithms,False,canonical form (kept distinct from PDS per GATE syllabus)
volume2::1.31.21,Algorithms,Sorting,Algorithms,False,canonical form (kept distinct from PDS per GATE syllabus)
volume2::1.31.22,Algorithms,Sorting,Algorithms,False,canonical form (kept distinct from PDS per GATE syllabus)
volume2::1.31.23,Algorithms,Sorting,Algorithms,False,canonical form (kept distinct from PDS per GATE syllabus)
volume2::1.31.25,Algorithms,Sorting,Algorithms,False,canonical form (kept distinct from PDS per GATE syllabus)
volume2::1.31.26,Algorithms,Sorting,Algorithms,False,canonical form (kept distinct from PDS per GATE syllabus)
volume2::1.31.27,Algorithms,Sorting,Algorithms,False,canonical form (kept distinct from PDS per GATE syllabus)
volume2::1.31.28,Algorithms,Sorting,Algorithms,False,canonical form (kept distinct from PDS per GATE syllabus)
volume2::1.31.3,Algorithms,Sorting,Algorithms,False,canonical form (kept distinct from PDS per GATE syllabus)
volume2::1.31.5,Algorithms,Sorting,Algorithms,False,canonical form (kept distinct from PDS per GATE syllabus)
volume2::1.31.6,Algorithms,Sorting,Algorithms,False,canonical form (kept distinct from PDS per GATE syllabus)
volume2::1.31.9,Algorithms,Sorting,Algorithms,False,canonical form (kept distinct from PDS per GATE syllabus)
volume2::1.32.1,Algorithms,Space Complexity,Algorithms,False,canonical form (kept distinct from PDS per GATE syllabus)
volume2::1.33.1,Algorithms,Graph Algorithms,Algorithms,False,canonical form (kept distinct from PDS per GATE syllabus)
volume2::1.33.2,Algorithms,Graph Algorithms,Algorithms,False,canonical form (kept distinct from PDS per GATE syllabus)
volume2::1.34.1,Algorithms,Time Complexity,Algorithms,False,canonical form (kept distinct from PDS per GATE syllabus)
volume2::1.34.10,Algorithms,Time Complexity,Algorithms,False,canonical form (kept distinct from PDS per GATE syllabus)
volume2::1.34.11,Algorithms,Time Complexity,Algorithms,False,canonical form (kept distinct from PDS per GATE syllabus)
volume2::1.34.12,Algorithms,Time Complexity,Algorithms,False,canonical form (kept distinct from PDS per GATE syllabus)
volume2::1.34.13,Algorithms,Time Complexity,Algorithms,False,canonical form (kept distinct from PDS per GATE syllabus)
volume2::1.34.14,Algorithms,Time Complexity,Algorithms,False,canonical form (kept distinct from PDS per GATE syllabus)
volume2::1.34.15,Algorithms,Time Complexity,Algorithms,False,canonical form (kept distinct from PDS per GATE syllabus)
volume2::1.34.16,Algorithms,Time Complexity,Algorithms,False,canonical form (kept distinct from PDS per GATE syllabus)
volume2::1.34.17,Algorithms,Time Complexity,Algorithms,False,canonical form (kept distinct from PDS per GATE syllabus)
volume2::1.34.18,Algorithms,Time Complexity,Algorithms,False,canonical form (kept distinct from PDS per GATE syllabus)
volume2::1.34.19,Algorithms,Time Complexity,Algorithms,False,canonical form (kept distinct from PDS per GATE syllabus)
volume2::1.34.20,Algorithms,Time Complexity,Algorithms,False,canonical form (kept distinct from PDS per GATE syllabus)
volume2::1.34.21,Algorithms,Time Complexity,Algorithms,False,canonical form (kept distinct from PDS per GATE syllabus)
volume2::1.34.22,Algorithms,Time Complexity,Algorithms,False,canonical form (kept distinct from PDS per GATE syllabus)
volume2::1.34.23,Algorithms,Time Complexity,Algorithms,False,canonical form (kept distinct from PDS per GATE syllabus)
volume2::1.34.25,Algorithms,Time Complexity,Algorithms,False,canonical form (kept distinct from PDS per GATE syllabus)
volume2::1.34.26,Algorithms,Time Complexity,Algorithms,False,canonical form (kept distinct from PDS per GATE syllabus)
volume2::1.34.27,Algorithms,Time Complexity,Algorithms,False,canonical form (kept distinct from PDS per GATE syllabus)
volume2::1.34.28,Algorithms,Time Complexity,Algorithms,False,canonical form (kept distinct from PDS per GATE syllabus)
volume2::1.34.29,Algorithms,Time Complexity,Algorithms,False,canonical form (kept distinct from PDS per GATE syllabus)
volume2::1.34.3,Algorithms,Time Complexity,Algorithms,False,canonical form (kept distinct from PDS per GATE syllabus)
volume2::1.34.4,Algorithms,Time Complexity,Algorithms,False,canonical form (kept distinct from PDS per GATE syllabus)
volume2::1.34.5,Algorithms,Time Complexity,Algorithms,False,canonical form (kept distinct from PDS per GATE syllabus)
volume2::1.34.6,Algorithms,Time Complexity,Algorithms,False,canonical form (kept distinct from PDS per GATE syllabus)
volume2::1.34.7,Algorithms,Time Complexity,Algorithms,False,canonical form (kept distinct from PDS per GATE syllabus)
volume2::1.34.8,Algorithms,Time Complexity,Algorithms,False,canonical form (kept distinct from PDS per GATE syllabus)
volume2::1.34.9,Algorithms,Time Complexity,Algorithms,False,canonical form (kept distinct from PDS per GATE syllabus)
volume2::1.4.1,Algorithms,Asymptotic Notations,Algorithms,False,canonical form (kept distinct from PDS per GATE syllabus)
volume2::1.4.10,Algorithms,Asymptotic Notations,Algorithms,False,canonical form (kept distinct from PDS per GATE syllabus)
volume2::1.4.11,Algorithms,Asymptotic Notations,Algorithms,False,canonical form (kept distinct from PDS per GATE syllabus)
volume2::1.4.12,Algorithms,Asymptotic Notations,Algorithms,False,canonical form (kept distinct from PDS per GATE syllabus)
volume2::1.4.13,Algorithms,Asymptotic Notations,Algorithms,False,canonical form (kept distinct from PDS per GATE syllabus)
volume2::1.4.14,Algorithms,Asymptotic Notations,Algorithms,False,canonical form (kept distinct from PDS per GATE syllabus)
volume2::1.4.2,Algorithms,Asymptotic Notations,Algorithms,False,canonical form (kept distinct from PDS per GATE syllabus)
volume2::1.4.3,Algorithms,Asymptotic Notations,Algorithms,False,canonical form (kept distinct from PDS per GATE syllabus)
volume2::1.4.4,Algorithms,Asymptotic Notations,Algorithms,False,canonical form (kept distinct from PDS per GATE syllabus)
volume2::1.4.5,Algorithms,Asymptotic Notations,Algorithms,False,canonical form (kept distinct from PDS per GATE syllabus)
volume2::1.4.6,Algorithms,Asymptotic Notations,Algorithms,False,canonical form (kept distinct from PDS per GATE syllabus)
volume2::1.4.7,Algorithms,Asymptotic Notations,Algorithms,False,canonical form (kept distinct from PDS per GATE syllabus)
volume2::1.4.8,Algorithms,Asymptotic Notations,Algorithms,False,canonical form (kept distinct from PDS per GATE syllabus)
volume2::1.4.9,Algorithms,Asymptotic Notations,Algorithms,False,canonical form (kept distinct from PDS per GATE syllabus)
volume2::1.5.1,Algorithms,Graph Algorithms,Algorithms,False,canonical form (kept distinct from PDS per GATE syllabus)
volume2::1.5.2,Algorithms,Graph Algorithms,Algorithms,False,canonical form (kept distinct from PDS per GATE syllabus)
volume2::1.6.1,Algorithms,Searching,Algorithms,False,canonical form (kept distinct from PDS per GATE syllabus)
volume2::1.6.2,Algorithms,Searching,Algorithms,False,canonical form (kept distinct from PDS per GATE syllabus)
volume2::1.6.3,Algorithms,Searching,Algorithms,False,canonical form (kept distinct from PDS per GATE syllabus)
volume2::1.7.1,Algorithms,Searching,Algorithms,False,canonical form (kept distinct from PDS per GATE syllabus)
volume2::1.8.1,Algorithms,Graph Search,Algorithms,False,canonical form (kept distinct from PDS per GATE syllabus)
volume2::1.9.3,Algorithms,Graph Algorithms,Algorithms,False,canonical form (kept distinct from PDS per GATE syllabus)
volume2::1.9.4,Algorithms,Graph Algorithms,Algorithms,False,canonical form (kept distinct from PDS per GATE syllabus)
volume2::10.1.1,Theory of Computation,Closure Property,Theory of Computation,False,canonical form
volume2::10.1.3,Theory of Computation,Closure Property,Theory of Computation,False,canonical form
volume2::10.1.4,Theory of Computation,Closure Property,Theory of Computation,False,canonical form
volume2::10.1.5,Theory of Computation,Closure Property,Theory of Computation,False,canonical form
volume2::10.1.6,Theory of Computation,Closure Property,Theory of Computation,False,canonical form
volume2::10.1.7,Theory of Computation,Closure Property,Theory of Computation,False,canonical form
volume2::10.1.9,Theory of Computation,Closure Property,Theory of Computation,False,canonical form
volume2::10.10.1,Theory of Computation,Theory of Computation,Theory of Computation,False,canonical form
volume2::10.10.10,Theory of Computation,Theory of Computation,Theory of Computation,False,canonical form
volume2::10.10.11,Theory of Computation,Theory of Computation,Theory of Computation,False,canonical form
volume2::10.10.13,Theory of Computation,Theory of Computation,Theory of Computation,False,canonical form
volume2::10.10.14,Theory of Computation,Theory of Computation,Theory of Computation,False,canonical form
volume2::10.10.15,Theory of Computation,Theory of Computation,Theory of Computation,False,canonical form
volume2::10.10.17,Theory of Computation,Theory of Computation,Theory of Computation,False,canonical form
volume2::10.10.18,Theory of Computation,Theory of Computation,Theory of Computation,False,canonical form
volume2::10.10.4,Theory of Computation,Theory of Computation,Theory of Computation,False,canonical form
volume2::10.10.6,Theory of Computation,Theory of Computation,Theory of Computation,False,canonical form
volume2::10.10.7,Theory of Computation,Theory of Computation,Theory of Computation,False,canonical form
volume2::10.10.8,Theory of Computation,Theory of Computation,Theory of Computation,False,canonical form
volume2::10.10.9,Theory of Computation,Theory of Computation,Theory of Computation,False,canonical form
volume2::10.11.1,Theory of Computation,Non-Determinism,Theory of Computation,False,canonical form
volume2::10.11.2,Theory of Computation,Non-Determinism,Theory of Computation,False,canonical form
volume2::10.11.3,Theory of Computation,Non-Determinism,Theory of Computation,False,canonical form
volume2::10.11.5,Theory of Computation,Non-Determinism,Theory of Computation,False,canonical form
volume2::10.11.6,Theory of Computation,Non-Determinism,Theory of Computation,False,canonical form
volume2::10.13.2,Theory of Computation,Regular Languages,Theory of Computation,False,canonical form
volume2::10.14.13,Theory of Computation,Pushdown Automata,Theory of Computation,False,canonical form
volume2::10.14.7,Theory of Computation,Pushdown Automata,Theory of Computation,False,canonical form
volume2::10.15.1,Theory of Computation,Recursive and Recursively Enumerable Languages,Theory of Computation,False,canonical form
volume2::10.15.10,Theory of Computation,Recursive and Recursively Enumerable Languages,Theory of Computation,False,canonical form
volume2::10.15.11,Theory of Computation,Recursive and Recursively Enumerable Languages,Theory of Computation,False,canonical form
volume2::10.15.13,Theory of Computation,Recursive and Recursively Enumerable Languages,Theory of Computation,False,canonical form
volume2::10.15.14,Theory of Computation,Recursive and Recursively Enumerable Languages,Theory of Computation,False,canonical form
volume2::10.15.15,Theory of Computation,Recursive and Recursively Enumerable Languages,Theory of Computation,False,canonical form
volume2::10.15.2,Theory of Computation,Recursive and Recursively Enumerable Languages,Theory of Computation,False,canonical form
volume2::10.15.3,Theory of Computation,Recursive and Recursively Enumerable Languages,Theory of Computation,False,canonical form
volume2::10.15.4,Theory of Computation,Recursive and Recursively Enumerable Languages,Theory of Computation,False,canonical form
volume2::10.15.5,Theory of Computation,Recursive and Recursively Enumerable Languages,Theory of Computation,False,canonical form
volume2::10.15.6,Theory of Computation,Recursive and Recursively Enumerable Languages,Theory of Computation,False,canonical form
volume2::10.15.7,Theory of Computation,Recursive and Recursively Enumerable Languages,Theory of Computation,False,canonical form
volume2::10.15.8,Theory of Computation,Recursive and Recursively Enumerable Languages,Theory of Computation,False,canonical form
volume2::10.16.1,Theory of Computation,Decidability,Theory of Computation,False,canonical form
volume2::10.16.2,Theory of Computation,Decidability,Theory of Computation,False,canonical form
volume2::10.17.11,Theory of Computation,Regular Expression,Theory of Computation,False,canonical form
volume2::10.17.12,Theory of Computation,Regular Expression,Theory of Computation,False,canonical form
volume2::10.17.13,Theory of Computation,Regular Expression,Theory of Computation,False,canonical form
volume2::10.17.14,Theory of Computation,Regular Expression,Theory of Computation,False,canonical form
volume2::10.17.16,Theory of Computation,Regular Expression,Theory of Computation,False,canonical form
volume2::10.17.17,Theory of Computation,Regular Expression,Theory of Computation,False,canonical form
volume2::10.17.18,Theory of Computation,Regular Expression,Theory of Computation,False,canonical form
volume2::10.17.19,Theory of Computation,Regular Expression,Theory of Computation,False,canonical form
volume2::10.17.2,Theory of Computation,Regular Expression,Theory of Computation,False,canonical form
volume2::10.17.25,Theory of Computation,Regular Expression,Theory of Computation,False,canonical form
volume2::10.17.26,Theory of Computation,Regular Expression,Theory of Computation,False,canonical form
volume2::10.17.29,Theory of Computation,Regular Expression,Theory of Computation,False,canonical form
volume2::10.17.3,Theory of Computation,Regular Expression,Theory of Computation,False,canonical form
volume2::10.17.5,Theory of Computation,Regular Expression,Theory of Computation,False,canonical form
volume2::10.17.6,Theory of Computation,Regular Expression,Theory of Computation,False,canonical form
volume2::10.17.7,Theory of Computation,Regular Expression,Theory of Computation,False,canonical form
volume2::10.17.8,Theory of Computation,Regular Expression,Theory of Computation,False,canonical form
volume2::10.17.9,Theory of Computation,Regular Expression,Theory of Computation,False,canonical form
volume2::10.19.1,Theory of Computation,Regular Language,Theory of Computation,False,canonical form
volume2::10.19.10,Theory of Computation,Regular Language,Theory of Computation,False,canonical form
volume2::10.19.11,Theory of Computation,Regular Language,Theory of Computation,False,canonical form
volume2::10.19.15,Theory of Computation,Regular Language,Theory of Computation,False,canonical form
volume2::10.19.19,Theory of Computation,Regular Language,Theory of Computation,False,canonical form
volume2::10.19.2,Theory of Computation,Regular Language,Theory of Computation,False,canonical form
volume2::10.19.20,Theory of Computation,Theory of Computation,Theory of Computation,False,canonical form
volume2::10.19.21,Theory of Computation,Theory of Computation,Theory of Computation,False,canonical form
volume2::10.19.27,Theory of Computation,Theory of Computation,Theory of Computation,False,canonical form
volume2::10.19.3,Theory of Computation,Regular Language,Theory of Computation,False,canonical form
volume2::10.19.30,Theory of Computation,Theory of Computation,Theory of Computation,False,canonical form
volume2::10.19.33,Theory of Computation,Theory of Computation,Theory of Computation,False,canonical form
volume2::10.19.34,Theory of Computation,Theory of Computation,Theory of Computation,False,canonical form
volume2::10.19.4,Theory of Computation,Regular Language,Theory of Computation,False,canonical form
volume2::10.19.5,Theory of Computation,Regular Language,Theory of Computation,False,canonical form
volume2::10.19.6,Theory of Computation,Regular Language,Theory of Computation,False,canonical form
volume2::10.19.7,Theory of Computation,Regular Language,Theory of Computation,False,canonical form
volume2::10.19.9,Theory of Computation,Regular Language,Theory of Computation,False,canonical form
volume2::10.2.1,Theory of Computation,Context Free Grammar,Theory of Computation,False,canonical form
volume2::10.2.2,Theory of Computation,Context Free Grammar,Theory of Computation,False,canonical form
volume2::10.3.1,Theory of Computation,Context Free Language,Theory of Computation,False,canonical form
volume2::10.3.10,Theory of Computation,Theory of Computation,Theory of Computation,False,canonical form
volume2::10.3.11,Theory of Computation,Theory of Computation,Theory of Computation,False,canonical form
volume2::10.3.12,Theory of Computation,Theory of Computation,Theory of Computation,False,canonical form
volume2::10.3.13,Theory of Computation,Theory of Computation,Theory of Computation,False,canonical form
volume2::10.3.14,Theory of Computation,Theory of Computation,Theory of Computation,False,canonical form
volume2::10.3.16,Theory of Computation,Theory of Computation,Theory of Computation,False,canonical form
volume2::10.3.17,Theory of Computation,Theory of Computation,Theory of Computation,False,canonical form
volume2::10.3.2,Theory of Computation,Context Free Language,Theory of Computation,False,canonical form
volume2::10.3.20,Theory of Computation,Theory of Computation,Theory of Computation,False,canonical form
volume2::10.3.25,Theory of Computation,Theory of Computation,Theory of Computation,False,canonical form
volume2::10.3.26,Theory of Computation,Theory of Computation,Theory of Computation,False,canonical form
volume2::10.3.27,Theory of Computation,Theory of Computation,Theory of Computation,False,canonical form
volume2::10.3.3,Theory of Computation,Context Free Language,Theory of Computation,False,canonical form
volume2::10.3.30,Theory of Computation,Theory of Computation,Theory of Computation,False,canonical form
volume2::10.3.31,Theory of Computation,Theory of Computation,Theory of Computation,False,canonical form
volume2::10.3.32,Theory of Computation,Theory of Computation,Theory of Computation,False,canonical form
volume2::10.3.4,Theory of Computation,Context Free Language,Theory of Computation,False,canonical form
volume2::10.3.5,Theory of Computation,Context Free Language,Theory of Computation,False,canonical form
volume2::10.3.6,Theory of Computation,Context Free Language,Theory of Computation,False,canonical form
volume2::10.3.9,Theory of Computation,Theory of Computation,Theory of Computation,False,canonical form
volume2::10.4.1,Theory of Computation,Theory of Computation,Theory of Computation,False,canonical form
volume2::10.4.2,Theory of Computation,Theory of Computation,Theory of Computation,False,canonical form
volume2::10.4.3,Theory of Computation,Theory of Computation,Theory of Computation,False,canonical form
volume2::10.5.1,Theory of Computation,Theory of Computation,Theory of Computation,False,canonical form
volume2::10.5.10,Theory of Computation,Theory of Computation,Theory of Computation,False,canonical form
volume2::10.5.11,Theory of Computation,Theory of Computation,Theory of Computation,False,canonical form
volume2::10.5.12,Theory of Computation,Theory of Computation,Theory of Computation,False,canonical form
volume2::10.5.13,Theory of Computation,Theory of Computation,Theory of Computation,False,canonical form
volume2::10.5.14,Theory of Computation,Theory of Computation,Theory of Computation,False,canonical form
volume2::10.5.16,Theory of Computation,Theory of Computation,Theory of Computation,False,canonical form
volume2::10.5.17,Theory of Computation,Theory of Computation,Theory of Computation,False,canonical form
volume2::10.5.19,Theory of Computation,Theory of Computation,Theory of Computation,False,canonical form
volume2::10.5.2,Theory of Computation,Theory of Computation,Theory of Computation,False,canonical form
volume2::10.5.20,Theory of Computation,Theory of Computation,Theory of Computation,False,canonical form
volume2::10.5.21,Theory of Computation,Theory of Computation,Theory of Computation,False,canonical form
volume2::10.5.22,Theory of Computation,Theory of Computation,Theory of Computation,False,canonical form
volume2::10.5.23,Theory of Computation,Theory of Computation,Theory of Computation,False,canonical form
volume2::10.5.24,Theory of Computation,Theory of Computation,Theory of Computation,False,canonical form
volume2::10.5.25,Theory of Computation,Theory of Computation,Theory of Computation,False,canonical form
volume2::10.5.26,Theory of Computation,Theory of Computation,Theory of Computation,False,canonical form
volume2::10.5.27,Theory of Computation,Theory of Computation,Theory of Computation,False,canonical form
volume2::10.5.28,Theory of Computation,Theory of Computation,Theory of Computation,False,canonical form
volume2::10.5.29,Theory of Computation,Theory of Computation,Theory of Computation,False,canonical form
volume2::10.5.3,Theory of Computation,Theory of Computation,Theory of Computation,False,canonical form
volume2::10.5.4,Theory of Computation,Theory of Computation,Theory of Computation,False,canonical form
volume2::10.5.5,Theory of Computation,Theory of Computation,Theory of Computation,False,canonical form
volume2::10.5.6,Theory of Computation,Theory of Computation,Theory of Computation,False,canonical form
volume2::10.5.7,Theory of Computation,Theory of Computation,Theory of Computation,False,canonical form
volume2::10.5.8,Theory of Computation,Theory of Computation,Theory of Computation,False,canonical form
volume2::10.5.9,Theory of Computation,Theory of Computation,Theory of Computation,False,canonical form
volume2::10.6.1,Theory of Computation,Theory of Computation,Theory of Computation,False,canonical form
volume2::10.7.23,Theory of Computation,Theory of Computation,Theory of Computation,False,canonical form
volume2::10.7.24,Theory of Computation,Theory of Computation,Theory of Computation,False,canonical form
volume2::10.7.27,Theory of Computation,Theory of Computation,Theory of Computation,False,canonical form
volume2::10.7.32,Theory of Computation,Theory of Computation,Theory of Computation,False,canonical form
volume2::10.7.34,Theory of Computation,Theory of Computation,Theory of Computation,False,canonical form
volume2::10.7.6,Theory of Computation,Theory of Computation,Theory of Computation,False,canonical form
volume2::10.9.1,Theory of Computation,Theory of Computation,Theory of Computation,False,canonical form
volume2::10.9.10,Theory of Computation,Theory of Computation,Theory of Computation,False,canonical form
volume2::10.9.11,Theory of Computation,Theory of Computation,Theory of Computation,False,canonical form
volume2::10.9.12,Theory of Computation,Theory of Computation,Theory of Computation,False,canonical form
volume2::10.9.14,Theory of Computation,Theory of Computation,Theory of Computation,False,canonical form
volume2::10.9.15,Theory of Computation,Theory of Computation,Theory of Computation,False,canonical form
volume2::10.9.16,Theory of Computation,Theory of Computation,Theory of Computation,False,canonical form
volume2::10.9.17,Theory of Computation,Theory of Computation,Theory of Computation,False,canonical form
volume2::10.9.18,Theory of Computation,Theory of Computation,Theory of Computation,False,canonical form
volume2::10.9.19,Theory of Computation,Theory of Computation,Theory of Computation,False,canonical form
volume2::10.9.20,Theory of Computation,Theory of Computation,Theory of Computation,False,canonical form
volume2::10.9.21,Theory of Computation,Theory of Computation,Theory of Computation,False,canonical form
volume2::10.9.22,Theory of Computation,Theory of Computation,Theory of Computation,False,canonical form
volume2::10.9.23,Theory of Computation,Theory of Computation,Theory of Computation,False,canonical form
volume2::10.9.24,Theory of Computation,Theory of Computation,Theory of Computation,False,canonical form
volume2::10.9.26,Theory of Computation,Theory of Computation,Theory of Computation,False,canonical form
volume2::10.9.27,Theory of Computation,Theory of Computation,Theory of Computation,False,canonical form
volume2::10.9.28,Theory of Computation,Theory of Computation,Theory of Computation,False,canonical form
volume2::10.9.29,Theory of Computation,Theory of Computation,Theory of Computation,False,canonical form
volume2::10.9.30,Theory of Computation,Theory of Computation,Theory of Computation,False,canonical form
volume2::10.9.31,Theory of Computation,Theory of Computation,Theory of Computation,False,canonical form
volume2::10.9.5,Theory of Computation,Theory of Computation,Theory of Computation,False,canonical form
volume2::10.9.6,Theory of Computation,Theory of Computation,Theory of Computation,False,canonical form
volume2::10.9.7,Theory of Computation,Theory of Computation,Theory of Computation,False,canonical form
volume2::10.9.8,Theory of Computation,Theory of Computation,Theory of Computation,False,canonical form
volume2::10.9.9,Theory of Computation,Theory of Computation,Theory of Computation,False,canonical form
volume2::2.1.1,Computer Organization and Architecture,Addressing Modes,Computer Organization and Architecture,False,canonical form
volume2::2.1.10,Computer Organization and Architecture,Addressing Modes,Computer Organization and Architecture,False,canonical form
volume2::2.1.11,Computer Organization and Architecture,Addressing Modes,Computer Organization and Architecture,False,canonical form
volume2::2.1.12,Computer Organization and Architecture,Addressing Modes,Computer Organization and Architecture,False,canonical form
volume2::2.1.14,Computer Organization and Architecture,Addressing Modes,Computer Organization and Architecture,False,canonical form
volume2::2.1.15,Computer Organization and Architecture,Addressing Modes,Computer Organization and Architecture,False,canonical form
volume2::2.1.16,Computer Organization and Architecture,Addressing Modes,Computer Organization and Architecture,False,canonical form
volume2::2.1.17,Computer Organization and Architecture,Addressing Modes,Computer Organization and Architecture,False,canonical form
volume2::2.1.18,Computer Organization and Architecture,Addressing Modes,Computer Organization and Architecture,False,canonical form
volume2::2.1.5,Computer Organization and Architecture,Addressing Modes,Computer Organization and Architecture,False,canonical form
volume2::2.1.6,Computer Organization and Architecture,Addressing Modes,Computer Organization and Architecture,False,canonical form
volume2::2.1.7,Computer Organization and Architecture,Addressing Modes,Computer Organization and Architecture,False,canonical form
volume2::2.10.1,Computer Organization and Architecture,Instruction Execution,Computer Organization and Architecture,False,canonical form
volume2::2.10.5,Computer Organization and Architecture,Instruction Execution,Computer Organization and Architecture,False,canonical form
volume2::2.11.2,Computer Organization and Architecture,Instruction Format,Computer Organization and Architecture,False,canonical form
volume2::2.11.3,Computer Organization and Architecture,Instruction Format,Computer Organization and Architecture,False,canonical form
volume2::2.11.4,Computer Organization and Architecture,Instruction Format,Computer Organization and Architecture,False,canonical form
volume2::2.11.5,Computer Organization and Architecture,Instruction Format,Computer Organization and Architecture,False,canonical form
volume2::2.11.6,Computer Organization and Architecture,Instruction Format,Computer Organization and Architecture,False,canonical form
volume2::2.11.7,Computer Organization and Architecture,Instruction Format,Computer Organization and Architecture,False,canonical form
volume2::2.11.8,Computer Organization and Architecture,Instruction Format,Computer Organization and Architecture,False,canonical form
volume2::2.12.1,Computer Organization and Architecture,Instruction Set Architecture,Computer Organization and Architecture,False,canonical form
volume2::2.13.4,Computer Organization and Architecture,Interrupts,Computer Organization and Architecture,False,canonical form
volume2::2.13.5,Computer Organization and Architecture,Interrupts,Computer Organization and Architecture,False,canonical form
volume2::2.13.8,Computer Organization and Architecture,Interrupts,Computer Organization and Architecture,False,canonical form
volume2::2.13.9,Computer Organization and Architecture,Interrupts,Computer Organization and Architecture,False,canonical form
volume2::2.14.14,Computer Organization and Architecture,Machine Instruction,Computer Organization and Architecture,False,canonical form
volume2::2.14.15,Computer Organization and Architecture,Machine Instruction,Computer Organization and Architecture,False,canonical form
volume2::2.14.18,Computer Organization and Architecture,Machine Instruction,Computer Organization and Architecture,False,canonical form
volume2::2.15.1,Computer Organization and Architecture,Memory Interfacing,Computer Organization and Architecture,False,canonical form
volume2::2.15.2,Computer Organization and Architecture,Memory Interfacing,Computer Organization and Architecture,False,canonical form
volume2::2.15.3,Computer Organization and Architecture,Memory Interfacing,Computer Organization and Architecture,False,canonical form
volume2::2.15.4,Computer Organization and Architecture,Memory Interfacing,Computer Organization and Architecture,False,canonical form
volume2::2.16.11,Computer Organization and Architecture,Microprogramming,Computer Organization and Architecture,False,canonical form
volume2::2.16.13,Computer Organization and Architecture,Microprogramming,Computer Organization and Architecture,False,canonical form
volume2::2.16.3,Computer Organization and Architecture,Microprogramming,Computer Organization and Architecture,False,canonical form
volume2::2.16.4,Computer Organization and Architecture,Microprogramming,Computer Organization and Architecture,False,canonical form
volume2::2.16.5,Computer Organization and Architecture,Microprogramming,Computer Organization and Architecture,False,canonical form
volume2::2.16.6,Computer Organization and Architecture,Microprogramming,Computer Organization and Architecture,False,canonical form
volume2::2.16.7,Computer Organization and Architecture,Microprogramming,Computer Organization and Architecture,False,canonical form
volume2::2.16.8,Computer Organization and Architecture,Microprogramming,Computer Organization and Architecture,False,canonical form
volume2::2.16.9,Computer Organization and Architecture,Microprogramming,Computer Organization and Architecture,False,canonical form
volume2::2.17.1,Computer Organization and Architecture,Pipelining,Computer Organization and Architecture,False,canonical form
volume2::2.17.10,Computer Organization and Architecture,Pipelining,Computer Organization and Architecture,False,canonical form
volume2::2.17.11,Computer Organization and Architecture,Pipelining,Computer Organization and Architecture,False,canonical form
volume2::2.17.12,Computer Organization and Architecture,Pipelining,Computer Organization and Architecture,False,canonical form
volume2::2.17.13,Computer Organization and Architecture,Pipelining,Computer Organization and Architecture,False,canonical form
volume2::2.17.15,Computer Organization and Architecture,Pipelining,Computer Organization and Architecture,False,canonical form
volume2::2.17.18,Computer Organization and Architecture,Pipelining,Computer Organization and Architecture,False,canonical form
volume2::2.17.19,Computer Organization and Architecture,Pipelining,Computer Organization and Architecture,False,canonical form
volume2::2.17.2,Computer Organization and Architecture,Pipelining,Computer Organization and Architecture,False,canonical form
volume2::2.17.20,Computer Organization and Architecture,Pipelining,Computer Organization and Architecture,False,canonical form
volume2::2.17.21,Computer Organization and Architecture,Pipelining,Computer Organization and Architecture,False,canonical form
volume2::2.17.22,Computer Organization and Architecture,Pipelining,Computer Organization and Architecture,False,canonical form
volume2::2.17.23,Computer Organization and Architecture,Pipelining,Computer Organization and Architecture,False,canonical form
volume2::2.17.24,Computer Organization and Architecture,Pipelining,Computer Organization and Architecture,False,canonical form
volume2::2.17.25,Computer Organization and Architecture,Pipelining,Computer Organization and Architecture,False,canonical form
volume2::2.17.26,Computer Organization and Architecture,Pipelining,Computer Organization and Architecture,False,canonical form
volume2::2.17.27,Computer Organization and Architecture,Pipelining,Computer Organization and Architecture,False,canonical form
volume2::2.17.28,Computer Organization and Architecture,Pipelining,Computer Organization and Architecture,False,canonical form
volume2::2.17.29,Computer Organization and Architecture,Pipelining,Computer Organization and Architecture,False,canonical form
volume2::2.17.3,Computer Organization and Architecture,Pipelining,Computer Organization and Architecture,False,canonical form
volume2::2.17.30,Computer Organization and Architecture,Pipelining,Computer Organization and Architecture,False,canonical form
volume2::2.17.31,Computer Organization and Architecture,Pipelining,Computer Organization and Architecture,False,canonical form
volume2::2.17.32,Computer Organization and Architecture,Pipelining,Computer Organization and Architecture,False,canonical form
volume2::2.17.33,Computer Organization and Architecture,Pipelining,Computer Organization and Architecture,False,canonical form
volume2::2.17.34,Computer Organization and Architecture,Pipelining,Computer Organization and Architecture,False,canonical form
volume2::2.17.35,Computer Organization and Architecture,Pipelining,Computer Organization and Architecture,False,canonical form
volume2::2.17.36,Computer Organization and Architecture,Pipelining,Computer Organization and Architecture,False,canonical form
volume2::2.17.37,Computer Organization and Architecture,Pipelining,Computer Organization and Architecture,False,canonical form
volume2::2.17.38,Computer Organization and Architecture,Pipelining,Computer Organization and Architecture,False,canonical form
volume2::2.17.39,Computer Organization and Architecture,Pipelining,Computer Organization and Architecture,False,canonical form
volume2::2.17.40,Computer Organization and Architecture,Pipelining,Computer Organization and Architecture,False,canonical form
volume2::2.17.43,Computer Organization and Architecture,Pipelining,Computer Organization and Architecture,False,canonical form
volume2::2.17.7,Computer Organization and Architecture,Pipelining,Computer Organization and Architecture,False,canonical form
volume2::2.17.8,Computer Organization and Architecture,Pipelining,Computer Organization and Architecture,False,canonical form
volume2::2.17.9,Computer Organization and Architecture,Pipelining,Computer Organization and Architecture,False,canonical form
volume2::2.18.1,Computer Organization and Architecture,Runtime Environment,Computer Organization and Architecture,False,canonical form
volume2::2.18.2,Computer Organization and Architecture,Runtime Environment,Computer Organization and Architecture,False,canonical form
volume2::2.19.1,Computer Organization and Architecture,Speedup,Computer Organization and Architecture,False,canonical form
volume2::2.19.2,Computer Organization and Architecture,Speedup,Computer Organization and Architecture,False,canonical form
volume2::2.19.3,Computer Organization and Architecture,Speedup,Computer Organization and Architecture,False,canonical form
volume2::2.19.4,Computer Organization and Architecture,Speedup,Computer Organization and Architecture,False,canonical form
volume2::2.2.2,Computer Organization and Architecture,Cache Memory,Computer Organization and Architecture,False,canonical form
volume2::2.20.1,Computer Organization and Architecture,Virtual Memory,Computer Organization and Architecture,False,canonical form
volume2::2.20.2,Computer Organization and Architecture,Virtual Memory,Computer Organization and Architecture,False,canonical form
volume2::2.20.3,Computer Organization and Architecture,Virtual Memory,Computer Organization and Architecture,False,canonical form
volume2::2.3.1,Computer Organization and Architecture,CISC RISC Architecture,Computer Organization and Architecture,False,canonical form
volume2::2.3.2,Computer Organization and Architecture,CISC RISC Architecture,Computer Organization and Architecture,False,canonical form
volume2::2.4.15,Computer Organization and Architecture,Cache Memory,Computer Organization and Architecture,False,canonical form
volume2::2.4.16,Computer Organization and Architecture,Cache Memory,Computer Organization and Architecture,False,canonical form
volume2::2.4.17,Computer Organization and Architecture,Cache Memory,Computer Organization and Architecture,False,canonical form
volume2::2.4.18,Computer Organization and Architecture,Cache Memory,Computer Organization and Architecture,False,canonical form
volume2::2.4.19,Computer Organization and Architecture,Cache Memory,Computer Organization and Architecture,False,canonical form
volume2::2.4.20,Computer Organization and Architecture,Cache Memory,Computer Organization and Architecture,False,canonical form
volume2::2.4.21,Computer Organization and Architecture,Cache Memory,Computer Organization and Architecture,False,canonical form
volume2::2.4.22,Computer Organization and Architecture,Cache Memory,Computer Organization and Architecture,False,canonical form
volume2::2.4.24,Computer Organization and Architecture,Cache Memory,Computer Organization and Architecture,False,canonical form
volume2::2.4.25,Computer Organization and Architecture,Cache Memory,Computer Organization and Architecture,False,canonical form
volume2::2.4.26,Computer Organization and Architecture,Cache Memory,Computer Organization and Architecture,False,canonical form
volume2::2.4.27,Computer Organization and Architecture,Cache Memory,Computer Organization and Architecture,False,canonical form
volume2::2.4.28,Computer Organization and Architecture,Cache Memory,Computer Organization and Architecture,False,canonical form
volume2::2.4.32,Computer Organization and Architecture,Cache Memory,Computer Organization and Architecture,False,canonical form
volume2::2.4.33,Computer Organization and Architecture,Cache Memory,Computer Organization and Architecture,False,canonical form
volume2::2.4.34,Computer Organization and Architecture,Cache Memory,Computer Organization and Architecture,False,canonical form
volume2::2.4.35,Computer Organization and Architecture,Cache Memory,Computer Organization and Architecture,False,canonical form
volume2::2.4.38,Computer Organization and Architecture,Cache Memory,Computer Organization and Architecture,False,canonical form
volume2::2.4.39,Computer Organization and Architecture,Cache Memory,Computer Organization and Architecture,False,canonical form
volume2::2.4.40,Computer Organization and Architecture,Cache Memory,Computer Organization and Architecture,False,canonical form
volume2::2.4.41,Computer Organization and Architecture,Cache Memory,Computer Organization and Architecture,False,canonical form
volume2::2.4.42,Computer Organization and Architecture,Cache Memory,Computer Organization and Architecture,False,canonical form
volume2::2.4.44,Computer Organization and Architecture,Cache Memory,Computer Organization and Architecture,False,canonical form
volume2::2.4.45,Computer Organization and Architecture,Cache Memory,Computer Organization and Architecture,False,canonical form
volume2::2.4.46,Computer Organization and Architecture,Cache Memory,Computer Organization and Architecture,False,canonical form
volume2::2.4.49,Computer Organization and Architecture,Cache Memory,Computer Organization and Architecture,False,canonical form
volume2::2.4.5,Computer Organization and Architecture,Cache Memory,Computer Organization and Architecture,False,canonical form
volume2::2.4.50,Computer Organization and Architecture,Cache Memory,Computer Organization and Architecture,False,canonical form
volume2::2.4.52,Computer Organization and Architecture,Cache Memory,Computer Organization and Architecture,False,canonical form
volume2::2.4.53,Computer Organization and Architecture,Cache Memory,Computer Organization and Architecture,False,canonical form
volume2::2.4.54,Computer Organization and Architecture,Cache Memory,Computer Organization and Architecture,False,canonical form
volume2::2.4.55,Computer Organization and Architecture,Cache Memory,Computer Organization and Architecture,False,canonical form
volume2::2.4.56,Computer Organization and Architecture,Cache Memory,Computer Organization and Architecture,False,canonical form
volume2::2.4.59,Computer Organization and Architecture,Cache Memory,Computer Organization and Architecture,False,canonical form
volume2::2.4.61,Computer Organization and Architecture,Cache Memory,Computer Organization and Architecture,False,canonical form
volume2::2.4.63,Computer Organization and Architecture,Cache Memory,Computer Organization and Architecture,False,canonical form
volume2::2.4.64,Computer Organization and Architecture,Cache Memory,Computer Organization and Architecture,False,canonical form
volume2::2.4.66,Computer Organization and Architecture,Cache Memory,Computer Organization and Architecture,False,canonical form
volume2::2.4.67,Computer Organization and Architecture,Cache Memory,Computer Organization and Architecture,False,canonical form
volume2::2.4.68,Computer Organization and Architecture,Cache Memory,Computer Organization and Architecture,False,canonical form
volume2::2.4.69,Computer Organization and Architecture,Cache Memory,Computer Organization and Architecture,False,canonical form
volume2::2.4.71,Computer Organization and Architecture,Cache Memory,Computer Organization and Architecture,False,canonical form
volume2::2.4.72,Computer Organization and Architecture,Cache Memory,Computer Organization and Architecture,False,canonical form
volume2::2.4.73,Computer Organization and Architecture,Cache Memory,Computer Organization and Architecture,False,canonical form
volume2::2.4.8,Computer Organization and Architecture,Cache Memory,Computer Organization and Architecture,False,canonical form
volume2::2.6.1,Computer Organization and Architecture,DMA,Computer Organization and Architecture,False,canonical form
volume2::2.6.2,Computer Organization and Architecture,DMA,Computer Organization and Architecture,False,canonical form
volume2::2.6.3,Computer Organization and Architecture,DMA,Computer Organization and Architecture,False,canonical form
volume2::2.6.4,Computer Organization and Architecture,DMA,Computer Organization and Architecture,False,canonical form
volume2::2.6.5,Computer Organization and Architecture,DMA,Computer Organization and Architecture,False,canonical form
volume2::2.6.7,Computer Organization and Architecture,DMA,Computer Organization and Architecture,False,canonical form
volume2::2.6.8,Computer Organization and Architecture,DMA,Computer Organization and Architecture,False,canonical form
volume2::2.6.9,Computer Organization and Architecture,DMA,Computer Organization and Architecture,False,canonical form
volume2::2.7.1,Computer Organization and Architecture,Data Dependency,Computer Organization and Architecture,False,canonical form
volume2::2.8.5,Computer Organization and Architecture,Data Path,Computer Organization and Architecture,False,canonical form
volume2::2.9.1,Computer Organization and Architecture,IO Handling,Computer Organization and Architecture,False,canonical form
volume2::2.9.2,Computer Organization and Architecture,IO Handling,Computer Organization and Architecture,False,canonical form
volume2::2.9.3,Computer Organization and Architecture,IO Handling,Computer Organization and Architecture,False,canonical form
volume2::2.9.5,Computer Organization and Architecture,IO Handling,Computer Organization and Architecture,False,canonical form
volume2::2.9.6,Computer Organization and Architecture,IO Handling,Computer Organization and Architecture,False,canonical form
volume2::2.9.7,Computer Organization and Architecture,IO Handling,Computer Organization and Architecture,False,canonical form
volume2::3.1.1,Compiler Design,Assembler,Compiler Design,False,canonical form
volume2::3.1.4,Compiler Design,Assembler,Compiler Design,False,canonical form
volume2::3.1.5,Compiler Design,Assembler,Compiler Design,False,canonical form
volume2::3.1.6,Compiler Design,Assembler,Compiler Design,False,canonical form
volume2::3.1.7,Compiler Design,Assembler,Compiler Design,False,canonical form
volume2::3.1.8,Compiler Design,Assembler,Compiler Design,False,canonical form
volume2::3.1.9,Compiler Design,Assembler,Compiler Design,False,canonical form
volume2::3.10.1,Compiler Design,LR Parser,Compiler Design,False,canonical form
volume2::3.10.10,Compiler Design,LR Parser,Compiler Design,False,canonical form
volume2::3.10.11,Compiler Design,LR Parser,Compiler Design,False,canonical form
volume2::3.10.12,Compiler Design,LR Parser,Compiler Design,False,canonical form
volume2::3.10.13,Compiler Design,LR Parser,Compiler Design,False,canonical form
volume2::3.10.14,Compiler Design,LR Parser,Compiler Design,False,canonical form
volume2::3.10.15,Compiler Design,LR Parser,Compiler Design,False,canonical form
volume2::3.10.16,Compiler Design,LR Parser,Compiler Design,False,canonical form
volume2::3.10.17,Compiler Design,LR Parser,Compiler Design,False,canonical form
volume2::3.10.18,Compiler Design,LR Parser,Compiler Design,False,canonical form
volume2::3.10.19,Compiler Design,LR Parser,Compiler Design,False,canonical form
volume2::3.10.2,Compiler Design,LR Parser,Compiler Design,False,canonical form
volume2::3.10.20,Compiler Design,LR Parser,Compiler Design,False,canonical form
volume2::3.10.3,Compiler Design,LR Parser,Compiler Design,False,canonical form
volume2::3.10.4,Compiler Design,LR Parser,Compiler Design,False,canonical form
volume2::3.10.5,Compiler Design,LR Parser,Compiler Design,False,canonical form
volume2::3.10.6,Compiler Design,LR Parser,Compiler Design,False,canonical form
volume2::3.10.8,Compiler Design,LR Parser,Compiler Design,False,canonical form
volume2::3.10.9,Compiler Design,LR Parser,Compiler Design,False,canonical form
volume2::3.11.1,Compiler Design,Lexical Analysis,Compiler Design,False,canonical form
volume2::3.11.3,Compiler Design,Lexical Analysis,Compiler Design,False,canonical form
volume2::3.11.4,Compiler Design,Lexical Analysis,Compiler Design,False,canonical form
volume2::3.11.5,Compiler Design,Lexical Analysis,Compiler Design,False,canonical form
volume2::3.11.6,Compiler Design,Lexical Analysis,Compiler Design,False,canonical form
volume2::3.12.1,Compiler Design,Linker,Compiler Design,False,canonical form
volume2::3.12.2,Compiler Design,Linker,Compiler Design,False,canonical form
volume2::3.12.3,Compiler Design,Linker,Compiler Design,False,canonical form
volume2::3.13.2,Compiler Design,Live Variable Analysis,Compiler Design,False,canonical form
volume2::3.14.1,Compiler Design,Macros,Compiler Design,False,canonical form
volume2::3.14.2,Compiler Design,Macros,Compiler Design,False,canonical form
volume2::3.14.3,Compiler Design,Macros,Compiler Design,False,canonical form
volume2::3.14.4,Compiler Design,Macros,Compiler Design,False,canonical form
volume2::3.15.1,Compiler Design,Operator Precedence,Compiler Design,False,canonical form
volume2::3.16.1,Compiler Design,Parameter Passing,Compiler Design,False,canonical form
volume2::3.16.11,Compiler Design,Parameter Passing,Compiler Design,False,canonical form
volume2::3.16.13,Compiler Design,Parameter Passing,Compiler Design,False,canonical form
volume2::3.16.14,Compiler Design,Parameter Passing,Compiler Design,False,canonical form
volume2::3.16.3,Compiler Design,Parameter Passing,Compiler Design,False,canonical form
volume2::3.16.5,Compiler Design,Parameter Passing,Compiler Design,False,canonical form
volume2::3.16.9,Compiler Design,Parameter Passing,Compiler Design,False,canonical form
volume2::3.17.1,Compiler Design,Parsing,Compiler Design,False,canonical form
volume2::3.17.12,Compiler Design,Parsing,Compiler Design,False,canonical form
volume2::3.17.13,Compiler Design,Parsing,Compiler Design,False,canonical form
volume2::3.17.14,Compiler Design,Parsing,Compiler Design,False,canonical form
volume2::3.17.15,Compiler Design,Parsing,Compiler Design,False,canonical form
volume2::3.17.16,Compiler Design,Parsing,Compiler Design,False,canonical form
volume2::3.17.17,Compiler Design,Parsing,Compiler Design,False,canonical form
volume2::3.17.18,Compiler Design,Parsing,Compiler Design,False,canonical form
volume2::3.17.2,Compiler Design,Parsing,Compiler Design,False,canonical form
volume2::3.17.21,Compiler Design,Parsing,Compiler Design,False,canonical form
volume2::3.17.22,Compiler Design,Parsing,Compiler Design,False,canonical form
volume2::3.17.24,Compiler Design,Parsing,Compiler Design,False,canonical form
volume2::3.17.26,Compiler Design,Parsing,Compiler Design,False,canonical form
volume2::3.17.27,Compiler Design,Parsing,Compiler Design,False,canonical form
volume2::3.17.3,Compiler Design,Parsing,Compiler Design,False,canonical form
volume2::3.17.6,Compiler Design,Parsing,Compiler Design,False,canonical form
volume2::3.17.8,Compiler Design,Parsing,Compiler Design,False,canonical form
volume2::3.17.9,Compiler Design,Parsing,Compiler Design,False,canonical form
volume2::3.18.1,Compiler Design,Register Allocation,Compiler Design,False,canonical form
volume2::3.18.2,Compiler Design,Register Allocation,Compiler Design,False,canonical form
volume2::3.18.3,Compiler Design,Register Allocation,Compiler Design,False,canonical form
volume2::3.18.5,Compiler Design,Register Allocation,Compiler Design,False,canonical form
volume2::3.18.6,Compiler Design,Register Allocation,Compiler Design,False,canonical form
volume2::3.19.10,Compiler Design,Runtime Environment,Compiler Design,False,canonical form
volume2::3.19.12,Compiler Design,Runtime Environment,Compiler Design,False,canonical form
volume2::3.19.13,Compiler Design,Runtime Environment,Compiler Design,False,canonical form
volume2::3.19.14,Compiler Design,Runtime Environment,Compiler Design,False,canonical form
volume2::3.19.15,Compiler Design,Runtime Environment,Compiler Design,False,canonical form
volume2::3.19.16,Compiler Design,Runtime Environment,Compiler Design,False,canonical form
volume2::3.19.17,Compiler Design,Runtime Environment,Compiler Design,False,canonical form
volume2::3.19.19,Compiler Design,Runtime Environment,Compiler Design,False,canonical form
volume2::3.19.20,Compiler Design,Runtime Environment,Compiler Design,False,canonical form
volume2::3.19.21,Compiler Design,Runtime Environment,Compiler Design,False,canonical form
volume2::3.19.5,Compiler Design,Runtime Environment,Compiler Design,False,canonical form
volume2::3.19.6,Compiler Design,Runtime Environment,Compiler Design,False,canonical form
volume2::3.19.7,Compiler Design,Runtime Environment,Compiler Design,False,canonical form
volume2::3.19.9,Compiler Design,Runtime Environment,Compiler Design,False,canonical form
volume2::3.2.1,Compiler Design,Backpatching,Compiler Design,False,canonical form
volume2::3.20.1,Compiler Design,Static Single Assignment,Compiler Design,False,canonical form
volume2::3.20.2,Compiler Design,Static Single Assignment,Compiler Design,False,canonical form
volume2::3.20.3,Compiler Design,Static Single Assignment,Compiler Design,False,canonical form
volume2::3.21.1,Compiler Design,Symbol Table,Compiler Design,False,canonical form
volume2::3.22.11,Compiler Design,Syntax Directed Translation,Compiler Design,False,canonical form
volume2::3.22.12,Compiler Design,Syntax Directed Translation,Compiler Design,False,canonical form
volume2::3.22.13,Compiler Design,Syntax Directed Translation,Compiler Design,False,canonical form
volume2::3.22.14,Compiler Design,Syntax Directed Translation,Compiler Design,False,canonical form
volume2::3.22.15,Compiler Design,Syntax Directed Translation,Compiler Design,False,canonical form
volume2::3.22.16,Compiler Design,Syntax Directed Translation,Compiler Design,False,canonical form
volume2::3.22.17,Compiler Design,Syntax Directed Translation,Compiler Design,False,canonical form
volume2::3.22.2,Compiler Design,Syntax Directed Translation,Compiler Design,False,canonical form
volume2::3.22.7,Compiler Design,Syntax Directed Translation,Compiler Design,False,canonical form
volume2::3.22.9,Compiler Design,Syntax Directed Translation,Compiler Design,False,canonical form
volume2::3.23.1,Compiler Design,Variable Scope,Compiler Design,False,canonical form
volume2::3.23.2,Compiler Design,Variable Scope,Compiler Design,False,canonical form
volume2::3.3.1,Compiler Design,Basic Blocks,Compiler Design,False,canonical form
volume2::3.4.1,Compiler Design,Code Optimization,Compiler Design,False,canonical form
volume2::3.4.10,Compiler Design,Code Optimization,Compiler Design,False,canonical form
volume2::3.4.2,Compiler Design,Code Optimization,Compiler Design,False,canonical form
volume2::3.4.3,Compiler Design,Code Optimization,Compiler Design,False,canonical form
volume2::3.4.4,Compiler Design,Code Optimization,Compiler Design,False,canonical form
volume2::3.4.5,Compiler Design,Code Optimization,Compiler Design,False,canonical form
volume2::3.4.6,Compiler Design,Code Optimization,Compiler Design,False,canonical form
volume2::3.4.7,Compiler Design,Code Optimization,Compiler Design,False,canonical form
volume2::3.4.8,Compiler Design,Code Optimization,Compiler Design,False,canonical form
volume2::3.4.9,Compiler Design,Code Optimization,Compiler Design,False,canonical form
volume2::3.5.1,Compiler Design,Compilation Phases,Compiler Design,False,canonical form
volume2::3.5.10,Compiler Design,Compilation Phases,Compiler Design,False,canonical form
volume2::3.5.11,Compiler Design,Compilation Phases,Compiler Design,False,canonical form
volume2::3.5.3,Compiler Design,Compilation Phases,Compiler Design,False,canonical form
volume2::3.5.8,Compiler Design,Compilation Phases,Compiler Design,False,canonical form
volume2::3.5.9,Compiler Design,Compilation Phases,Compiler Design,False,canonical form
volume2::3.6.1,Compiler Design,Expression Evaluation,Compiler Design,False,canonical form
volume2::3.7.1,Compiler Design,First and Follow,Compiler Design,False,canonical form
volume2::3.7.3,Compiler Design,First and Follow,Compiler Design,False,canonical form
volume2::3.7.5,Compiler Design,First and Follow,Compiler Design,False,canonical form
volume2::3.7.6,Compiler Design,First and Follow,Compiler Design,False,canonical form
volume2::3.8.11,Compiler Design,Grammar,Compiler Design,False,canonical form
volume2::3.8.14,Compiler Design,Grammar,Compiler Design,False,canonical form
volume2::3.8.15,Compiler Design,Grammar,Compiler Design,False,canonical form
volume2::3.8.19,Compiler Design,Grammar,Compiler Design,False,canonical form
volume2::3.8.20,Compiler Design,Grammar,Compiler Design,False,canonical form
volume2::3.8.25,Compiler Design,Grammar,Compiler Design,False,canonical form
volume2::3.8.26,Compiler Design,Grammar,Compiler Design,False,canonical form
volume2::3.8.27,Compiler Design,Grammar,Compiler Design,False,canonical form
volume2::3.8.28,Compiler Design,Grammar,Compiler Design,False,canonical form
volume2::3.8.29,Compiler Design,Grammar,Compiler Design,False,canonical form
volume2::3.8.31,Compiler Design,Grammar,Compiler Design,False,canonical form
volume2::3.8.32,Compiler Design,Grammar,Compiler Design,False,canonical form
volume2::3.8.33,Compiler Design,Grammar,Compiler Design,False,canonical form
volume2::3.8.34,Compiler Design,Grammar,Compiler Design,False,canonical form
volume2::3.8.35,Compiler Design,Grammar,Compiler Design,False,canonical form
volume2::3.8.36,Compiler Design,Grammar,Compiler Design,False,canonical form
volume2::3.8.37,Compiler Design,Grammar,Compiler Design,False,canonical form
volume2::3.8.38,Compiler Design,Grammar,Compiler Design,False,canonical form
volume2::3.8.39,Compiler Design,Grammar,Compiler Design,False,canonical form
volume2::3.8.40,Compiler Design,Grammar,Compiler Design,False,canonical form
volume2::3.8.41,Compiler Design,Grammar,Compiler Design,False,canonical form
volume2::3.8.43,Compiler Design,Grammar,Compiler Design,False,canonical form
volume2::3.8.44,Compiler Design,Grammar,Compiler Design,False,canonical form
volume2::3.8.46,Compiler Design,Grammar,Compiler Design,False,canonical form
volume2::3.8.47,Compiler Design,Grammar,Compiler Design,False,canonical form
volume2::3.8.48,Compiler Design,Grammar,Compiler Design,False,canonical form
volume2::3.8.49,Compiler Design,Grammar,Compiler Design,False,canonical form
volume2::3.8.50,Compiler Design,Grammar,Compiler Design,False,canonical form
volume2::3.8.51,Compiler Design,Grammar,Compiler Design,False,canonical form
volume2::3.8.7,Compiler Design,Grammar,Compiler Design,False,canonical form
volume2::3.8.8,Compiler Design,Grammar,Compiler Design,False,canonical form
volume2::3.8.9,Compiler Design,Grammar,Compiler Design,False,canonical form
volume2::3.9.10,Compiler Design,Intermediate Code,Compiler Design,False,canonical form
volume2::3.9.4,Compiler Design,Intermediate Code,Compiler Design,False,canonical form
volume2::3.9.6,Compiler Design,Intermediate Code,Compiler Design,False,canonical form
volume2::3.9.7,Compiler Design,Intermediate Code,Compiler Design,False,canonical form
volume2::3.9.8,Compiler Design,Intermediate Code,Compiler Design,False,canonical form
volume2::3.9.9,Compiler Design,Intermediate Code,Compiler Design,False,canonical form
volume2::4.0.1,Computer Networks,Network Layer,Computer Networks,False,canonical form
volume2::4.1.1,Computer Networks,Application Layer Protocols,Computer Networks,False,canonical form
volume2::4.1.10,Computer Networks,Computer Networks,Computer Networks,False,canonical form
volume2::4.1.11,Computer Networks,Computer Networks,Computer Networks,False,canonical form
volume2::4.1.2,Computer Networks,Application Layer Protocols,Computer Networks,False,canonical form
volume2::4.1.3,Computer Networks,Application Layer Protocols,Computer Networks,False,canonical form
volume2::4.1.4,Computer Networks,Application Layer Protocols,Computer Networks,False,canonical form
volume2::4.1.5,Computer Networks,Application Layer Protocols,Computer Networks,False,canonical form
volume2::4.1.6,Computer Networks,Computer Networks,Computer Networks,False,canonical form
volume2::4.1.7,Computer Networks,Computer Networks,Computer Networks,False,canonical form
volume2::4.1.8,Computer Networks,Computer Networks,Computer Networks,False,canonical form
volume2::4.1.9,Computer Networks,Computer Networks,Computer Networks,False,canonical form
volume2::4.10.7,Computer Networks,Computer Networks,Computer Networks,False,canonical form
volume2::4.11.1,Computer Networks,Computer Networks,Computer Networks,False,canonical form
volume2::4.11.2,Computer Networks,Computer Networks,Computer Networks,False,canonical form
volume2::4.11.3,Computer Networks,Computer Networks,Computer Networks,False,canonical form
volume2::4.11.4,Computer Networks,Computer Networks,Computer Networks,False,canonical form
volume2::4.11.5,Computer Networks,Computer Networks,Computer Networks,False,canonical form
volume2::4.11.7,Computer Networks,Computer Networks,Computer Networks,False,canonical form
volume2::4.11.8,Computer Networks,Computer Networks,Computer Networks,False,canonical form
volume2::4.12.1,Computer Networks,Computer Networks,Computer Networks,False,canonical form
volume2::4.12.2,Computer Networks,Computer Networks,Computer Networks,False,canonical form
volume2::4.12.3,Computer Networks,Computer Networks,Computer Networks,False,canonical form
volume2::4.12.5,Computer Networks,Computer Networks,Computer Networks,False,canonical form
volume2::4.12.6,Computer Networks,Computer Networks,Computer Networks,False,canonical form
volume2::4.12.7,Computer Networks,Computer Networks,Computer Networks,False,canonical form
volume2::4.13.2,Computer Networks,Computer Networks,Computer Networks,False,canonical form
volume2::4.14.1,Computer Networks,Computer Networks,Computer Networks,False,canonical form
volume2::4.14.10,Computer Networks,Computer Networks,Computer Networks,False,canonical form
volume2::4.14.11,Computer Networks,Computer Networks,Computer Networks,False,canonical form
volume2::4.14.4,Computer Networks,Computer Networks,Computer Networks,False,canonical form
volume2::4.14.5,Computer Networks,Computer Networks,Computer Networks,False,canonical form
volume2::4.14.6,Computer Networks,Computer Networks,Computer Networks,False,canonical form
volume2::4.14.7,Computer Networks,Computer Networks,Computer Networks,False,canonical form
volume2::4.14.8,Computer Networks,Computer Networks,Computer Networks,False,canonical form
volume2::4.14.9,Computer Networks,Computer Networks,Computer Networks,False,canonical form
volume2::4.15.1,Computer Networks,Computer Networks,Computer Networks,False,canonical form
volume2::4.15.10,Computer Networks,Computer Networks,Computer Networks,False,canonical form
volume2::4.15.11,Computer Networks,Computer Networks,Computer Networks,False,canonical form
volume2::4.15.2,Computer Networks,Computer Networks,Computer Networks,False,canonical form
volume2::4.15.3,Computer Networks,Computer Networks,Computer Networks,False,canonical form
volume2::4.15.4,Computer Networks,Computer Networks,Computer Networks,False,canonical form
volume2::4.15.5,Computer Networks,Computer Networks,Computer Networks,False,canonical form
volume2::4.15.6,Computer Networks,Computer Networks,Computer Networks,False,canonical form
volume2::4.15.7,Computer Networks,Computer Networks,Computer Networks,False,canonical form
volume2::4.15.8,Computer Networks,Computer Networks,Computer Networks,False,canonical form
volume2::4.15.9,Computer Networks,Computer Networks,Computer Networks,False,canonical form
volume2::4.16.1,Computer Networks,Computer Networks,Computer Networks,False,canonical form
volume2::4.16.2,Computer Networks,Computer Networks,Computer Networks,False,canonical form
volume2::4.16.4,Computer Networks,Computer Networks,Computer Networks,False,canonical form
volume2::4.16.5,Computer Networks,Computer Networks,Computer Networks,False,canonical form
volume2::4.16.6,Computer Networks,Computer Networks,Computer Networks,False,canonical form
volume2::4.16.7,Computer Networks,Computer Networks,Computer Networks,False,canonical form
volume2::4.17.1,Computer Networks,Computer Networks,Computer Networks,False,canonical form
volume2::4.17.2,Computer Networks,Computer Networks,Computer Networks,False,canonical form
volume2::4.17.3,Computer Networks,Computer Networks,Computer Networks,False,canonical form
volume2::4.17.4,Computer Networks,Computer Networks,Computer Networks,False,canonical form
volume2::4.17.5,Computer Networks,Computer Networks,Computer Networks,False,canonical form
volume2::4.18.1,Computer Networks,Computer Networks,Computer Networks,False,canonical form
volume2::4.18.2,Computer Networks,Computer Networks,Computer Networks,False,canonical form
volume2::4.18.3,Computer Networks,Computer Networks,Computer Networks,False,canonical form
volume2::4.18.4,Computer Networks,Computer Networks,Computer Networks,False,canonical form
volume2::4.19.1,Computer Networks,Computer Networks,Computer Networks,False,canonical form
volume2::4.19.4,Computer Networks,Computer Networks,Computer Networks,False,canonical form
volume2::4.19.5,Computer Networks,Computer Networks,Computer Networks,False,canonical form
volume2::4.2.1,Computer Networks,Computer Networks,Computer Networks,False,canonical form
volume2::4.20.1,Computer Networks,Computer Networks,Computer Networks,False,canonical form
volume2::4.20.10,Computer Networks,Computer Networks,Computer Networks,False,canonical form
volume2::4.20.2,Computer Networks,Computer Networks,Computer Networks,False,canonical form
volume2::4.20.3,Computer Networks,Computer Networks,Computer Networks,False,canonical form
volume2::4.20.4,Computer Networks,Computer Networks,Computer Networks,False,canonical form
volume2::4.20.5,Computer Networks,Computer Networks,Computer Networks,False,canonical form
volume2::4.20.6,Computer Networks,Computer Networks,Computer Networks,False,canonical form
volume2::4.20.7,Computer Networks,Computer Networks,Computer Networks,False,canonical form
volume2::4.20.8,Computer Networks,Computer Networks,Computer Networks,False,canonical form
volume2::4.20.9,Computer Networks,Computer Networks,Computer Networks,False,canonical form
volume2::4.21.1,Computer Networks,Computer Networks,Computer Networks,False,canonical form
volume2::4.21.3,Computer Networks,Computer Networks,Computer Networks,False,canonical form
volume2::4.21.4,Computer Networks,Computer Networks,Computer Networks,False,canonical form
volume2::4.23.1,Computer Networks,Computer Networks,Computer Networks,False,canonical form
volume2::4.24.1,Computer Networks,Computer Networks,Computer Networks,False,canonical form
volume2::4.24.13,Computer Networks,Computer Networks,Computer Networks,False,canonical form
volume2::4.24.2,Computer Networks,Computer Networks,Computer Networks,False,canonical form
volume2::4.24.3,Computer Networks,Computer Networks,Computer Networks,False,canonical form
volume2::4.24.5,Computer Networks,Computer Networks,Computer Networks,False,canonical form
volume2::4.24.6,Computer Networks,Computer Networks,Computer Networks,False,canonical form
volume2::4.24.7,Computer Networks,Computer Networks,Computer Networks,False,canonical form
volume2::4.24.8,Computer Networks,Computer Networks,Computer Networks,False,canonical form
volume2::4.26.1,Computer Networks,Computer Networks,Computer Networks,False,canonical form
volume2::4.26.10,Computer Networks,Computer Networks,Computer Networks,False,canonical form
volume2::4.26.11,Computer Networks,Computer Networks,Computer Networks,False,canonical form
volume2::4.26.12,Computer Networks,Computer Networks,Computer Networks,False,canonical form
volume2::4.26.13,Computer Networks,Computer Networks,Computer Networks,False,canonical form
volume2::4.26.14,Computer Networks,Computer Networks,Computer Networks,False,canonical form
volume2::4.26.15,Computer Networks,Computer Networks,Computer Networks,False,canonical form
volume2::4.26.2,Computer Networks,Computer Networks,Computer Networks,False,canonical form
volume2::4.26.3,Computer Networks,Computer Networks,Computer Networks,False,canonical form
volume2::4.26.4,Computer Networks,Computer Networks,Computer Networks,False,canonical form
volume2::4.26.5,Computer Networks,Computer Networks,Computer Networks,False,canonical form
volume2::4.26.6,Computer Networks,Computer Networks,Computer Networks,False,canonical form
volume2::4.26.7,Computer Networks,Computer Networks,Computer Networks,False,canonical form
volume2::4.26.8,Computer Networks,Computer Networks,Computer Networks,False,canonical form
volume2::4.26.9,Computer Networks,Computer Networks,Computer Networks,False,canonical form
volume2::4.27.1,Computer Networks,Computer Networks,Computer Networks,False,canonical form
volume2::4.27.2,Computer Networks,Computer Networks,Computer Networks,False,canonical form
volume2::4.27.3,Computer Networks,Computer Networks,Computer Networks,False,canonical form
volume2::4.27.4,Computer Networks,Computer Networks,Computer Networks,False,canonical form
volume2::4.28.1,Computer Networks,Computer Networks,Computer Networks,False,canonical form
volume2::4.28.2,Computer Networks,Computer Networks,Computer Networks,False,canonical form
volume2::4.28.3,Computer Networks,Computer Networks,Computer Networks,False,canonical form
volume2::4.28.4,Computer Networks,Computer Networks,Computer Networks,False,canonical form
volume2::4.28.5,Computer Networks,Computer Networks,Computer Networks,False,canonical form
volume2::4.28.6,Computer Networks,Computer Networks,Computer Networks,False,canonical form
volume2::4.29.1,Computer Networks,Computer Networks,Computer Networks,False,canonical form
volume2::4.29.10,Computer Networks,Computer Networks,Computer Networks,False,canonical form
volume2::4.29.11,Computer Networks,Computer Networks,Computer Networks,False,canonical form
volume2::4.29.12,Computer Networks,Computer Networks,Computer Networks,False,canonical form
volume2::4.29.16,Computer Networks,Computer Networks,Computer Networks,False,canonical form
volume2::4.29.17,Computer Networks,Computer Networks,Computer Networks,False,canonical form
volume2::4.29.19,Computer Networks,Computer Networks,Computer Networks,False,canonical form
volume2::4.29.20,Computer Networks,Computer Networks,Computer Networks,False,canonical form
volume2::4.29.21,Computer Networks,Computer Networks,Computer Networks,False,canonical form
volume2::4.29.3,Computer Networks,Computer Networks,Computer Networks,False,canonical form
volume2::4.29.4,Computer Networks,Computer Networks,Computer Networks,False,canonical form
volume2::4.29.6,Computer Networks,Computer Networks,Computer Networks,False,canonical form
volume2::4.29.7,Computer Networks,Computer Networks,Computer Networks,False,canonical form
volume2::4.29.8,Computer Networks,Computer Networks,Computer Networks,False,canonical form
volume2::4.3.1,Computer Networks,Computer Networks,Computer Networks,False,canonical form
volume2::4.3.2,Computer Networks,Computer Networks,Computer Networks,False,canonical form
volume2::4.30.1,Computer Networks,Computer Networks,Computer Networks,False,canonical form
volume2::4.30.10,Computer Networks,Computer Networks,Computer Networks,False,canonical form
volume2::4.30.11,Computer Networks,Computer Networks,Computer Networks,False,canonical form
volume2::4.30.12,Computer Networks,Computer Networks,Computer Networks,False,canonical form
volume2::4.30.13,Computer Networks,Computer Networks,Computer Networks,False,canonical form
volume2::4.30.14,Computer Networks,Computer Networks,Computer Networks,False,canonical form
volume2::4.30.15,Computer Networks,Computer Networks,Computer Networks,False,canonical form
volume2::4.30.16,Computer Networks,Computer Networks,Computer Networks,False,canonical form
volume2::4.30.17,Computer Networks,Computer Networks,Computer Networks,False,canonical form
volume2::4.30.18,Computer Networks,Computer Networks,Computer Networks,False,canonical form
volume2::4.30.19,Computer Networks,Computer Networks,Computer Networks,False,canonical form
volume2::4.30.2,Computer Networks,Computer Networks,Computer Networks,False,canonical form
volume2::4.30.20,Computer Networks,Computer Networks,Computer Networks,False,canonical form
volume2::4.30.21,Computer Networks,Computer Networks,Computer Networks,False,canonical form
volume2::4.30.3,Computer Networks,Computer Networks,Computer Networks,False,canonical form
volume2::4.30.4,Computer Networks,Computer Networks,Computer Networks,False,canonical form
volume2::4.30.5,Computer Networks,Computer Networks,Computer Networks,False,canonical form
volume2::4.30.6,Computer Networks,Computer Networks,Computer Networks,False,canonical form
volume2::4.30.7,Computer Networks,Computer Networks,Computer Networks,False,canonical form
volume2::4.30.8,Computer Networks,Computer Networks,Computer Networks,False,canonical form
volume2::4.30.9,Computer Networks,Computer Networks,Computer Networks,False,canonical form
volume2::4.31.1,Computer Networks,Computer Networks,Computer Networks,False,canonical form
volume2::4.31.2,Computer Networks,Computer Networks,Computer Networks,False,canonical form
volume2::4.32.1,Computer Networks,Computer Networks,Computer Networks,False,canonical form
volume2::4.32.2,Computer Networks,Computer Networks,Computer Networks,False,canonical form
volume2::4.32.3,Computer Networks,Computer Networks,Computer Networks,False,canonical form
volume2::4.32.4,Computer Networks,Computer Networks,Computer Networks,False,canonical form
volume2::4.4.1,Computer Networks,Computer Networks,Computer Networks,False,canonical form
volume2::4.5.1,Computer Networks,Computer Networks,Computer Networks,False,canonical form
volume2::4.5.2,Computer Networks,Computer Networks,Computer Networks,False,canonical form
volume2::4.5.3,Computer Networks,Computer Networks,Computer Networks,False,canonical form
volume2::4.5.4,Computer Networks,Computer Networks,Computer Networks,False,canonical form
volume2::4.6.1,Computer Networks,Computer Networks,Computer Networks,False,canonical form
volume2::4.6.2,Computer Networks,Computer Networks,Computer Networks,False,canonical form
volume2::4.6.3,Computer Networks,Computer Networks,Computer Networks,False,canonical form
volume2::4.6.4,Computer Networks,Computer Networks,Computer Networks,False,canonical form
volume2::4.6.5,Computer Networks,Computer Networks,Computer Networks,False,canonical form
volume2::4.6.6,Computer Networks,Computer Networks,Computer Networks,False,canonical form
volume2::4.7.1,Computer Networks,Computer Networks,Computer Networks,False,canonical form
volume2::4.8.1,Computer Networks,Computer Networks,Computer Networks,False,canonical form
volume2::4.8.2,Computer Networks,Computer Networks,Computer Networks,False,canonical form
volume2::4.8.3,Computer Networks,Computer Networks,Computer Networks,False,canonical form
volume2::4.8.4,Computer Networks,Computer Networks,Computer Networks,False,canonical form
volume2::4.9.1,Computer Networks,Computer Networks,Computer Networks,False,canonical form
volume2::4.9.2,Computer Networks,Computer Networks,Computer Networks,False,canonical form
volume2::4.9.3,Computer Networks,Computer Networks,Computer Networks,False,canonical form
volume2::4.9.4,Computer Networks,Computer Networks,Computer Networks,False,canonical form
volume2::4.9.5,Computer Networks,Computer Networks,Computer Networks,False,canonical form
volume2::4.9.6,Computer Networks,Computer Networks,Computer Networks,False,canonical form
volume2::5.1.10,Databases,Databases,Databases,False,canonical form
volume2::5.1.11,Databases,Databases,Databases,False,canonical form
volume2::5.1.13,Databases,Databases,Databases,False,canonical form
volume2::5.1.14,Databases,Databases,Databases,False,canonical form
volume2::5.1.15,Databases,Databases,Databases,False,canonical form
volume2::5.1.16,Databases,Databases,Databases,False,canonical form
volume2::5.1.17,Databases,Databases,Databases,False,canonical form
volume2::5.1.18,Databases,Databases,Databases,False,canonical form
volume2::5.1.20,Databases,Databases,Databases,False,canonical form
volume2::5.1.21,Databases,Databases,Databases,False,canonical form
volume2::5.1.22,Databases,Databases,Databases,False,canonical form
volume2::5.1.23,Databases,Databases,Databases,False,canonical form
volume2::5.1.24,Databases,Databases,Databases,False,canonical form
volume2::5.1.27,Databases,Databases,Databases,False,canonical form
volume2::5.1.28,Databases,Databases,Databases,False,canonical form
volume2::5.1.29,Databases,Databases,Databases,False,canonical form
volume2::5.1.3,Databases,Databases,Databases,False,canonical form
volume2::5.1.4,Databases,Databases,Databases,False,canonical form
volume2::5.1.5,Databases,Databases,Databases,False,canonical form
volume2::5.1.6,Databases,Databases,Databases,False,canonical form
volume2::5.1.7,Databases,Databases,Databases,False,canonical form
volume2::5.1.8,Databases,Databases,Databases,False,canonical form
volume2::5.1.9,Databases,Databases,Databases,False,canonical form
volume2::5.10.1,Databases,Databases,Databases,False,canonical form
volume2::5.10.3,Databases,Databases,Databases,False,canonical form
volume2::5.10.4,Databases,Databases,Databases,False,canonical form
volume2::5.10.5,Databases,Databases,Databases,False,canonical form
volume2::5.10.6,Databases,Databases,Databases,False,canonical form
volume2::5.10.7,Databases,Databases,Databases,False,canonical form
volume2::5.11.1,Databases,Databases,Databases,False,canonical form
volume2::5.12.1,Databases,Databases,Databases,False,canonical form
volume2::5.12.2,Databases,Databases,Databases,False,canonical form
volume2::5.12.3,Databases,Databases,Databases,False,canonical form
volume2::5.14.1,Databases,Databases,Databases,False,canonical form
volume2::5.14.2,Databases,Databases,Databases,False,canonical form
volume2::5.14.3,Databases,Databases,Databases,False,canonical form
volume2::5.14.4,Databases,Databases,Databases,False,canonical form
volume2::5.14.5,Databases,Databases,Databases,False,canonical form
volume2::5.15.10,Databases,Databases,Databases,False,canonical form
volume2::5.15.12,Databases,Databases,Databases,False,canonical form
volume2::5.15.15,Databases,Databases,Databases,False,canonical form
volume2::5.15.16,Databases,Databases,Databases,False,canonical form
volume2::5.15.17,Databases,Databases,Databases,False,canonical form
volume2::5.15.19,Databases,Databases,Databases,False,canonical form
volume2::5.15.21,Databases,Databases,Databases,False,canonical form
volume2::5.15.22,Databases,Databases,Databases,False,canonical form
volume2::5.15.23,Databases,Databases,Databases,False,canonical form
volume2::5.15.24,Databases,Databases,Databases,False,canonical form
volume2::5.15.25,Databases,Databases,Databases,False,canonical form
volume2::5.15.26,Databases,Databases,Databases,False,canonical form
volume2::5.15.27,Databases,Databases,Databases,False,canonical form
volume2::5.15.28,Databases,Databases,Databases,False,canonical form
volume2::5.15.29,Databases,Databases,Databases,False,canonical form
volume2::5.15.30,Databases,Databases,Databases,False,canonical form
volume2::5.15.7,Databases,Databases,Databases,False,canonical form
volume2::5.15.9,Databases,Databases,Databases,False,canonical form
volume2::5.16.10,Databases,Databases,Databases,False,canonical form
volume2::5.16.11,Databases,Databases,Databases,False,canonical form
volume2::5.16.12,Databases,Databases,Databases,False,canonical form
volume2::5.16.14,Databases,Databases,Databases,False,canonical form
volume2::5.16.15,Databases,Databases,Databases,False,canonical form
volume2::5.16.4,Databases,Databases,Databases,False,canonical form
volume2::5.16.5,Databases,Databases,Databases,False,canonical form
volume2::5.16.8,Databases,Databases,Databases,False,canonical form
volume2::5.16.9,Databases,Databases,Databases,False,canonical form
volume2::5.17.1,Databases,Databases,Databases,False,canonical form
volume2::5.17.2,Databases,Databases,Databases,False,canonical form
volume2::5.18.10,Databases,Databases,Databases,False,canonical form
volume2::5.18.11,Databases,Databases,Databases,False,canonical form
volume2::5.18.13,Databases,Databases,Databases,False,canonical form
volume2::5.18.18,Databases,Databases,Databases,False,canonical form
volume2::5.18.19,Databases,Databases,Databases,False,canonical form
volume2::5.18.20,Databases,Databases,Databases,False,canonical form
volume2::5.18.21,Databases,Databases,Databases,False,canonical form
volume2::5.18.22,Databases,Databases,Databases,False,canonical form
volume2::5.18.23,Databases,Databases,Databases,False,canonical form
volume2::5.18.24,Databases,Databases,Databases,False,canonical form
volume2::5.18.25,Databases,Databases,Databases,False,canonical form
volume2::5.18.27,Databases,Databases,Databases,False,canonical form
volume2::5.18.29,Databases,Databases,Databases,False,canonical form
volume2::5.18.31,Databases,Databases,Databases,False,canonical form
volume2::5.18.32,Databases,Databases,Databases,False,canonical form
volume2::5.18.34,Databases,Databases,Databases,False,canonical form
volume2::5.18.35,Databases,Databases,Databases,False,canonical form
volume2::5.18.36,Databases,Databases,Databases,False,canonical form
volume2::5.18.37,Databases,Databases,Databases,False,canonical form
volume2::5.18.38,Databases,Databases,Databases,False,canonical form
volume2::5.18.39,Databases,Databases,Databases,False,canonical form
volume2::5.18.40,Databases,Databases,Databases,False,canonical form
volume2::5.18.43,Databases,Databases,Databases,False,canonical form
volume2::5.18.44,Databases,Databases,Databases,False,canonical form
volume2::5.18.45,Databases,Databases,Databases,False,canonical form
volume2::5.18.46,Databases,Databases,Databases,False,canonical form
volume2::5.18.47,Databases,Databases,Databases,False,canonical form
volume2::5.18.48,Databases,Databases,Databases,False,canonical form
volume2::5.18.49,Databases,Databases,Databases,False,canonical form
volume2::5.18.50,Databases,Databases,Databases,False,canonical form
volume2::5.18.51,Databases,Databases,Databases,False,canonical form
volume2::5.18.52,Databases,Databases,Databases,False,canonical form
volume2::5.18.54,Databases,Databases,Databases,False,canonical form
volume2::5.18.55,Databases,Databases,Databases,False,canonical form
volume2::5.18.58,Databases,Databases,Databases,False,canonical form
volume2::5.18.7,Databases,Databases,Databases,False,canonical form
volume2::5.19.10,Databases,Databases,Databases,False,canonical form
volume2::5.19.11,Databases,Databases,Databases,False,canonical form
volume2::5.19.14,Databases,Databases,Databases,False,canonical form
volume2::5.19.15,Databases,Databases,Databases,False,canonical form
volume2::5.19.16,Databases,Databases,Databases,False,canonical form
volume2::5.19.17,Databases,Databases,Databases,False,canonical form
volume2::5.19.2,Databases,Databases,Databases,False,canonical form
volume2::5.19.22,Databases,Databases,Databases,False,canonical form
volume2::5.19.24,Databases,Databases,Databases,False,canonical form
volume2::5.19.25,Databases,Databases,Databases,False,canonical form
volume2::5.19.28,Databases,Databases,Databases,False,canonical form
volume2::5.19.30,Databases,Databases,Databases,False,canonical form
volume2::5.19.4,Databases,Databases,Databases,False,canonical form
volume2::5.19.5,Databases,Databases,Databases,False,canonical form
volume2::5.19.9,Databases,Databases,Databases,False,canonical form
volume2::5.2.1,Databases,Databases,Databases,False,canonical form
volume2::5.2.3,Databases,Databases,Databases,False,canonical form
volume2::5.2.5,Databases,Databases,Databases,False,canonical form
volume2::5.3.1,Databases,Databases,Databases,False,canonical form
volume2::5.3.3,Databases,Databases,Databases,False,canonical form
volume2::5.3.4,Databases,Databases,Databases,False,canonical form
volume2::5.3.5,Databases,Databases,Databases,False,canonical form
volume2::5.3.6,Databases,Databases,Databases,False,canonical form
volume2::5.3.7,Databases,Databases,Databases,False,canonical form
volume2::5.3.8,Databases,Databases,Databases,False,canonical form
volume2::5.4.1,Databases,Databases,Databases,False,canonical form
volume2::5.5.1,Databases,Databases,Databases,False,canonical form
volume2::5.5.10,Databases,Databases,Databases,False,canonical form
volume2::5.5.12,Databases,Databases,Databases,False,canonical form
volume2::5.5.14,Databases,Databases,Databases,False,canonical form
volume2::5.5.17,Databases,Databases,Databases,False,canonical form
volume2::5.5.18,Databases,Databases,Databases,False,canonical form
volume2::5.5.19,Databases,Databases,Databases,False,canonical form
volume2::5.5.2,Databases,Databases,Databases,False,canonical form
volume2::5.5.21,Databases,Databases,Databases,False,canonical form
volume2::5.5.22,Databases,Databases,Databases,False,canonical form
volume2::5.5.23,Databases,Databases,Databases,False,canonical form
volume2::5.5.24,Databases,Databases,Databases,False,canonical form
volume2::5.5.25,Databases,Databases,Databases,False,canonical form
volume2::5.5.26,Databases,Databases,Databases,False,canonical form
volume2::5.5.27,Databases,Databases,Databases,False,canonical form
volume2::5.5.28,Databases,Databases,Databases,False,canonical form
volume2::5.5.29,Databases,Databases,Databases,False,canonical form
volume2::5.5.3,Databases,Databases,Databases,False,canonical form
volume2::5.5.30,Databases,Databases,Databases,False,canonical form
volume2::5.5.31,Databases,Databases,Databases,False,canonical form
volume2::5.5.32,Databases,Databases,Databases,False,canonical form
volume2::5.5.33,Databases,Databases,Databases,False,canonical form
volume2::5.5.34,Databases,Databases,Databases,False,canonical form
volume2::5.5.35,Databases,Databases,Databases,False,canonical form
volume2::5.5.36,Databases,Databases,Databases,False,canonical form
volume2::5.5.37,Databases,Databases,Databases,False,canonical form
volume2::5.5.38,Databases,Databases,Databases,False,canonical form
volume2::5.5.39,Databases,Databases,Databases,False,canonical form
volume2::5.5.4,Databases,Databases,Databases,False,canonical form
volume2::5.5.40,Databases,Databases,Databases,False,canonical form
volume2::5.5.41,Databases,Databases,Databases,False,canonical form
volume2::5.5.42,Databases,Databases,Databases,False,canonical form
volume2::5.5.43,Databases,Databases,Databases,False,canonical form
volume2::5.5.44,Databases,Databases,Databases,False,canonical form
volume2::5.5.45,Databases,Databases,Databases,False,canonical form
volume2::5.5.46,Databases,Databases,Databases,False,canonical form
volume2::5.5.47,Databases,Databases,Databases,False,canonical form
volume2::5.5.48,Databases,Databases,Databases,False,canonical form
volume2::5.5.5,Databases,Databases,Databases,False,canonical form
volume2::5.5.50,Databases,Databases,Databases,False,canonical form
volume2::5.5.51,Databases,Databases,Databases,False,canonical form
volume2::5.5.52,Databases,Databases,Databases,False,canonical form
volume2::5.5.53,Databases,Databases,Databases,False,canonical form
volume2::5.5.54,Databases,Databases,Databases,False,canonical form
volume2::5.5.55,Databases,Databases,Databases,False,canonical form
volume2::5.5.56,Databases,Databases,Databases,False,canonical form
volume2::5.5.8,Databases,Databases,Databases,False,canonical form
volume2::5.5.9,Databases,Databases,Databases,False,canonical form
volume2::5.7.1,Databases,Databases,Databases,False,canonical form
volume2::5.7.5,Databases,Databases,Databases,False,canonical form
volume2::5.7.6,Databases,Databases,Databases,False,canonical form
volume2::5.8.1,Databases,Databases,Databases,False,canonical form
volume2::5.8.2,Databases,Databases,Databases,False,canonical form
volume2::5.9.1,Databases,Databases,Databases,False,canonical form
volume2::5.9.13,Databases,Databases,Databases,False,canonical form
volume2::5.9.3,Databases,Databases,Databases,False,canonical form
volume2::5.9.4,Databases,Databases,Databases,False,canonical form
volume2::5.9.6,Databases,Databases,Databases,False,canonical form
volume2::5.9.7,Databases,Databases,Databases,False,canonical form
volume2::6.1.3,Digital Logic,Digital Logic,Digital Logic,False,canonical form
volume2::6.1.4,Digital Logic,Digital Logic,Digital Logic,False,canonical form
volume2::6.1.6,Digital Logic,Digital Logic,Digital Logic,False,canonical form
volume2::6.1.7,Digital Logic,Digital Logic,Digital Logic,False,canonical form
volume2::6.1.9,Digital Logic,Digital Logic,Digital Logic,False,canonical form
volume2::6.10.5,Digital Logic,Digital Circuits,Digital Logic,False,canonical form
volume2::6.10.6,Digital Logic,Digital Circuits,Digital Logic,False,canonical form
volume2::6.11.10,Digital Logic,Digital Counter,Digital Logic,False,canonical form
volume2::6.11.11,Digital Logic,Digital Counter,Digital Logic,False,canonical form
volume2::6.11.12,Digital Logic,Digital Counter,Digital Logic,False,canonical form
volume2::6.11.15,Digital Logic,Digital Counter,Digital Logic,False,canonical form
volume2::6.11.5,Digital Logic,Digital Counter,Digital Logic,False,canonical form
volume2::6.11.7,Digital Logic,Digital Counter,Digital Logic,False,canonical form
volume2::6.11.8,Digital Logic,Digital Counter,Digital Logic,False,canonical form
volume2::6.12.1,Digital Logic,Finite State Machines,Digital Logic,False,canonical form
volume2::6.12.2,Digital Logic,Finite State Machines,Digital Logic,False,canonical form
volume2::6.12.3,Digital Logic,Finite State Machines,Digital Logic,False,canonical form
volume2::6.12.4,Digital Logic,Finite State Machines,Digital Logic,False,canonical form
volume2::6.13.1,Digital Logic,Fixed Point Representation,Digital Logic,False,canonical form
volume2::6.13.2,Digital Logic,Fixed Point Representation,Digital Logic,False,canonical form
volume2::6.14.2,Digital Logic,Flip Flop,Digital Logic,False,canonical form
volume2::6.14.3,Digital Logic,Flip Flop,Digital Logic,False,canonical form
volume2::6.14.6,Digital Logic,Flip Flop,Digital Logic,False,canonical form
volume2::6.15.1,Digital Logic,Floating Point Representation,Digital Logic,False,canonical form
volume2::6.15.10,Digital Logic,Floating Point Representation,Digital Logic,False,canonical form
volume2::6.15.11,Digital Logic,Floating Point Representation,Digital Logic,False,canonical form
volume2::6.15.12,Digital Logic,Floating Point Representation,Digital Logic,False,canonical form
volume2::6.15.3,Digital Logic,Floating Point Representation,Digital Logic,False,canonical form
volume2::6.15.4,Digital Logic,Floating Point Representation,Digital Logic,False,canonical form
volume2::6.15.6,Digital Logic,Floating Point Representation,Digital Logic,False,canonical form
volume2::6.15.7,Digital Logic,Floating Point Representation,Digital Logic,False,canonical form
volume2::6.15.8,Digital Logic,Floating Point Representation,Digital Logic,False,canonical form
volume2::6.15.9,Digital Logic,Floating Point Representation,Digital Logic,False,canonical form
volume2::6.16.2,Digital Logic,Functional Completeness,Digital Logic,False,canonical form
volume2::6.16.5,Digital Logic,Functional Completeness,Digital Logic,False,canonical form
volume2::6.16.6,Digital Logic,Functional Completeness,Digital Logic,False,canonical form
volume2::6.16.7,Digital Logic,Functional Completeness,Digital Logic,False,canonical form
volume2::6.17.1,Digital Logic,IEEE Representation,Digital Logic,False,canonical form
volume2::6.17.2,Digital Logic,IEEE Representation,Digital Logic,False,canonical form
volume2::6.17.3,Digital Logic,IEEE Representation,Digital Logic,False,canonical form
volume2::6.17.4,Digital Logic,IEEE Representation,Digital Logic,False,canonical form
volume2::6.17.5,Digital Logic,IEEE Representation,Digital Logic,False,canonical form
volume2::6.17.6,Digital Logic,IEEE Representation,Digital Logic,False,canonical form
volume2::6.17.7,Digital Logic,IEEE Representation,Digital Logic,False,canonical form
volume2::6.17.8,Digital Logic,IEEE Representation,Digital Logic,False,canonical form
volume2::6.18.3,Digital Logic,K Map,Digital Logic,False,canonical form
volume2::6.19.1,Digital Logic,Memory Interfacing,Digital Logic,False,canonical form
volume2::6.19.3,Digital Logic,Memory Interfacing,Digital Logic,False,canonical form
volume2::6.22.15,Digital Logic,Min Sum of Products Form,Digital Logic,False,canonical form
volume2::6.22.6,Digital Logic,Min Sum of Products Form,Digital Logic,False,canonical form
volume2::6.23.2,Digital Logic,Multiplexer,Digital Logic,False,canonical form
volume2::6.23.5,Digital Logic,Multiplexer,Digital Logic,False,canonical form
volume2::6.24.11,Digital Logic,Number Representation,Digital Logic,False,canonical form
volume2::6.24.12,Digital Logic,Number Representation,Digital Logic,False,canonical form
volume2::6.24.13,Digital Logic,Number Representation,Digital Logic,False,canonical form
volume2::6.24.14,Digital Logic,Number Representation,Digital Logic,False,canonical form
volume2::6.24.15,Digital Logic,Number Representation,Digital Logic,False,canonical form
volume2::6.24.16,Digital Logic,Number Representation,Digital Logic,False,canonical form
volume2::6.24.17,Digital Logic,Number Representation,Digital Logic,False,canonical form
volume2::6.24.18,Digital Logic,Number Representation,Digital Logic,False,canonical form
volume2::6.24.19,Digital Logic,Number Representation,Digital Logic,False,canonical form
volume2::6.24.2,Digital Logic,Number Representation,Digital Logic,False,canonical form
volume2::6.24.20,Digital Logic,Number Representation,Digital Logic,False,canonical form
volume2::6.24.21,Digital Logic,Number Representation,Digital Logic,False,canonical form
volume2::6.24.23,Digital Logic,Number Representation,Digital Logic,False,canonical form
volume2::6.24.24,Digital Logic,Number Representation,Digital Logic,False,canonical form
volume2::6.24.25,Digital Logic,Number Representation,Digital Logic,False,canonical form
volume2::6.24.26,Digital Logic,Number Representation,Digital Logic,False,canonical form
volume2::6.24.27,Digital Logic,Number Representation,Digital Logic,False,canonical form
volume2::6.24.28,Digital Logic,Number Representation,Digital Logic,False,canonical form
volume2::6.24.29,Digital Logic,Number Representation,Digital Logic,False,canonical form
volume2::6.24.3,Digital Logic,Number Representation,Digital Logic,False,canonical form
volume2::6.24.31,Digital Logic,Number Representation,Digital Logic,False,canonical form
volume2::6.24.33,Digital Logic,Number Representation,Digital Logic,False,canonical form
volume2::6.24.34,Digital Logic,Number Representation,Digital Logic,False,canonical form
volume2::6.24.35,Digital Logic,Number Representation,Digital Logic,False,canonical form
volume2::6.24.38,Digital Logic,Number Representation,Digital Logic,False,canonical form
volume2::6.24.39,Digital Logic,Number Representation,Digital Logic,False,canonical form
volume2::6.24.40,Digital Logic,Number Representation,Digital Logic,False,canonical form
volume2::6.24.41,Digital Logic,Number Representation,Digital Logic,False,canonical form
volume2::6.24.42,Digital Logic,Number Representation,Digital Logic,False,canonical form
volume2::6.24.43,Digital Logic,Number Representation,Digital Logic,False,canonical form
volume2::6.24.44,Digital Logic,Number Representation,Digital Logic,False,canonical form
volume2::6.24.45,Digital Logic,Number Representation,Digital Logic,False,canonical form
volume2::6.24.46,Digital Logic,Number Representation,Digital Logic,False,canonical form
volume2::6.24.47,Digital Logic,Number Representation,Digital Logic,False,canonical form
volume2::6.24.48,Digital Logic,Number Representation,Digital Logic,False,canonical form
volume2::6.24.49,Digital Logic,Number Representation,Digital Logic,False,canonical form
volume2::6.24.50,Digital Logic,Number Representation,Digital Logic,False,canonical form
volume2::6.24.51,Digital Logic,Number Representation,Digital Logic,False,canonical form
volume2::6.24.52,Digital Logic,Number Representation,Digital Logic,False,canonical form
volume2::6.24.53,Digital Logic,Number Representation,Digital Logic,False,canonical form
volume2::6.24.54,Digital Logic,Number Representation,Digital Logic,False,canonical form
volume2::6.24.55,Digital Logic,Number Representation,Digital Logic,False,canonical form
volume2::6.24.56,Digital Logic,Number Representation,Digital Logic,False,canonical form
volume2::6.24.57,Digital Logic,Number Representation,Digital Logic,False,canonical form
volume2::6.24.58,Digital Logic,Number Representation,Digital Logic,False,canonical form
volume2::6.24.7,Digital Logic,Number Representation,Digital Logic,False,canonical form
volume2::6.24.8,Digital Logic,Number Representation,Digital Logic,False,canonical form
volume2::6.24.9,Digital Logic,Number Representation,Digital Logic,False,canonical form
volume2::6.25.1,Digital Logic,Prime Implicants,Digital Logic,False,canonical form
volume2::6.25.2,Digital Logic,Prime Implicants,Digital Logic,False,canonical form
volume2::6.26.2,Digital Logic,ROM,Digital Logic,False,canonical form
volume2::6.26.3,Digital Logic,ROM,Digital Logic,False,canonical form
volume2::6.26.4,Digital Logic,ROM,Digital Logic,False,canonical form
volume2::6.27.1,Digital Logic,Ripple Counter Operation,Digital Logic,False,canonical form
volume2::6.3.10,Digital Logic,Digital Logic,Digital Logic,False,canonical form
volume2::6.3.11,Digital Logic,Digital Logic,Digital Logic,False,canonical form
volume2::6.3.19,Digital Logic,Digital Logic,Digital Logic,False,canonical form
volume2::6.3.28,Digital Logic,Digital Logic,Digital Logic,False,canonical form
volume2::6.3.32,Digital Logic,Digital Logic,Digital Logic,False,canonical form
volume2::6.3.6,Digital Logic,Digital Logic,Digital Logic,False,canonical form
volume2::6.30.1,Digital Logic,Static Hazard,Digital Logic,False,canonical form
volume2::6.31.1,Digital Logic,Synchronous Asynchronous Circuits,Digital Logic,False,canonical form
volume2::6.31.4,Digital Logic,Synchronous Asynchronous Circuits,Digital Logic,False,canonical form
volume2::6.5.2,Digital Logic,Digital Logic,Digital Logic,False,canonical form
volume2::6.5.3,Digital Logic,Digital Logic,Digital Logic,False,canonical form
volume2::6.5.4,Digital Logic,Digital Logic,Digital Logic,False,canonical form
volume2::6.5.6,Digital Logic,Digital Logic,Digital Logic,False,canonical form
volume2::7.0.1,Operating System,Demand Paging,Operating Systems,False,case/pluralization dupe
volume2::7.1.1,Operating System,Context Switch,Operating Systems,False,case/pluralization dupe
volume2::7.1.3,Operating System,Context Switch,Operating Systems,False,case/pluralization dupe
volume2::7.1.4,Operating System,Context Switch,Operating Systems,False,case/pluralization dupe
volume2::7.10.2,Operating System,Interrupts,Operating Systems,False,case/pluralization dupe
volume2::7.10.3,Operating System,Interrupts,Operating Systems,False,case/pluralization dupe
volume2::7.10.4,Operating System,Interrupts,Operating Systems,False,case/pluralization dupe
volume2::7.10.5,Operating System,Interrupts,Operating Systems,False,case/pluralization dupe
volume2::7.10.6,Operating System,Interrupts,Operating Systems,False,case/pluralization dupe
volume2::7.12.6,Operating System,Memory Management,Operating Systems,False,case/pluralization dupe
volume2::7.12.7,Operating System,Memory Management,Operating Systems,False,case/pluralization dupe
volume2::7.12.8,Operating System,Memory Management,Operating Systems,False,case/pluralization dupe
volume2::7.14.1,Operating System,OS Protection,Operating Systems,False,case/pluralization dupe
volume2::7.14.2,Operating System,OS Protection,Operating Systems,False,case/pluralization dupe
volume2::7.14.3,Operating System,OS Protection,Operating Systems,False,case/pluralization dupe
volume2::7.16.10,Operating System,Page Replacement,Operating Systems,False,case/pluralization dupe
volume2::7.16.13,Operating System,Page Replacement,Operating Systems,False,case/pluralization dupe
volume2::7.16.16,Operating System,Page Replacement,Operating Systems,False,case/pluralization dupe
volume2::7.16.2,Operating System,Page Replacement,Operating Systems,False,case/pluralization dupe
volume2::7.16.20,Operating System,Page Replacement,Operating Systems,False,case/pluralization dupe
volume2::7.16.21,Operating System,Page Replacement,Operating Systems,False,case/pluralization dupe
volume2::7.16.22,Operating System,Page Replacement,Operating Systems,False,case/pluralization dupe
volume2::7.16.23,Operating System,Page Replacement,Operating Systems,False,case/pluralization dupe
volume2::7.16.24,Operating System,Page Replacement,Operating Systems,False,case/pluralization dupe
volume2::7.16.25,Operating System,Page Replacement,Operating Systems,False,case/pluralization dupe
volume2::7.16.26,Operating System,Page Replacement,Operating Systems,False,case/pluralization dupe
volume2::7.16.28,Operating System,Page Replacement,Operating Systems,False,case/pluralization dupe
volume2::7.16.29,Operating System,Page Replacement,Operating Systems,False,case/pluralization dupe
volume2::7.16.30,Operating System,Page Replacement,Operating Systems,False,case/pluralization dupe
volume2::7.16.31,Operating System,Page Replacement,Operating Systems,False,case/pluralization dupe
volume2::7.16.32,Operating System,Page Replacement,Operating Systems,False,case/pluralization dupe
volume2::7.16.33,Operating System,Page Replacement,Operating Systems,False,case/pluralization dupe
volume2::7.16.4,Operating System,Page Replacement,Operating Systems,False,case/pluralization dupe
volume2::7.16.7,Operating System,Page Replacement,Operating Systems,False,case/pluralization dupe
volume2::7.17.2,Operating System,Precedence Graph,Operating Systems,False,case/pluralization dupe
volume2::7.18.2,Operating System,Process,Operating Systems,False,case/pluralization dupe
volume2::7.18.3,Operating System,Process,Operating Systems,False,case/pluralization dupe
volume2::7.18.4,Operating System,Process,Operating Systems,False,case/pluralization dupe
volume2::7.19.10,Operating System,Process Scheduling,Operating Systems,False,case/pluralization dupe
volume2::7.19.11,Operating System,Process Scheduling,Operating Systems,False,case/pluralization dupe
volume2::7.19.12,Operating System,Process Scheduling,Operating Systems,False,case/pluralization dupe
volume2::7.19.13,Operating System,Process Scheduling,Operating Systems,False,case/pluralization dupe
volume2::7.19.14,Operating System,Process Scheduling,Operating Systems,False,case/pluralization dupe
volume2::7.19.15,Operating System,Process Scheduling,Operating Systems,False,case/pluralization dupe
volume2::7.19.16,Operating System,Process Scheduling,Operating Systems,False,case/pluralization dupe
volume2::7.19.17,Operating System,Process Scheduling,Operating Systems,False,case/pluralization dupe
volume2::7.19.18,Operating System,Process Scheduling,Operating Systems,False,case/pluralization dupe
volume2::7.19.20,Operating System,Process Scheduling,Operating Systems,False,case/pluralization dupe
volume2::7.19.21,Operating System,Process Scheduling,Operating Systems,False,case/pluralization dupe
volume2::7.19.22,Operating System,Process Scheduling,Operating Systems,False,case/pluralization dupe
volume2::7.19.23,Operating System,Process Scheduling,Operating Systems,False,case/pluralization dupe
volume2::7.19.24,Operating System,Process Scheduling,Operating Systems,False,case/pluralization dupe
volume2::7.19.25,Operating System,Process Scheduling,Operating Systems,False,case/pluralization dupe
volume2::7.19.26,Operating System,Process Scheduling,Operating Systems,False,case/pluralization dupe
volume2::7.19.27,Operating System,Process Scheduling,Operating Systems,False,case/pluralization dupe
volume2::7.19.28,Operating System,Process Scheduling,Operating Systems,False,case/pluralization dupe
volume2::7.19.3,Operating System,Process Scheduling,Operating Systems,False,case/pluralization dupe
volume2::7.19.30,Operating System,Process Scheduling,Operating Systems,False,case/pluralization dupe
volume2::7.19.35,Operating System,Process Scheduling,Operating Systems,False,case/pluralization dupe
volume2::7.19.38,Operating System,Process Scheduling,Operating Systems,False,case/pluralization dupe
volume2::7.19.4,Operating System,Process Scheduling,Operating Systems,False,case/pluralization dupe
volume2::7.19.40,Operating System,Process Scheduling,Operating Systems,False,case/pluralization dupe
volume2::7.19.41,Operating System,Process Scheduling,Operating Systems,False,case/pluralization dupe
volume2::7.19.45,Operating System,Process Scheduling,Operating Systems,False,case/pluralization dupe
volume2::7.19.47,Operating System,Process Scheduling,Operating Systems,False,case/pluralization dupe
volume2::7.19.48,Operating System,Process Scheduling,Operating Systems,False,case/pluralization dupe
volume2::7.19.5,Operating System,Process Scheduling,Operating Systems,False,case/pluralization dupe
volume2::7.19.6,Operating System,Process Scheduling,Operating Systems,False,case/pluralization dupe
volume2::7.19.7,Operating System,Process Scheduling,Operating Systems,False,case/pluralization dupe
volume2::7.19.8,Operating System,Process Scheduling,Operating Systems,False,case/pluralization dupe
volume2::7.2.1,Operating System,Deadlock Prevention Avoidance Detection,Operating Systems,False,case/pluralization dupe
volume2::7.2.3,Operating System,Deadlock Prevention Avoidance Detection,Operating Systems,False,case/pluralization dupe
volume2::7.2.4,Operating System,Deadlock Prevention Avoidance Detection,Operating Systems,False,case/pluralization dupe
volume2::7.20.1,Operating System,Process Synchronization,Operating Systems,False,case/pluralization dupe
volume2::7.20.10,Operating System,Process Synchronization,Operating Systems,False,case/pluralization dupe
volume2::7.20.11,Operating System,Process Synchronization,Operating Systems,False,case/pluralization dupe
volume2::7.20.15,Operating System,Process Synchronization,Operating Systems,False,case/pluralization dupe
volume2::7.20.18,Operating System,Process Synchronization,Operating Systems,False,case/pluralization dupe
volume2::7.20.27,Operating System,Process Synchronization,Operating Systems,False,case/pluralization dupe
volume2::7.20.28,Operating System,Process Synchronization,Operating Systems,False,case/pluralization dupe
volume2::7.20.29,Operating System,Process Synchronization,Operating Systems,False,case/pluralization dupe
volume2::7.20.30,Operating System,Process Synchronization,Operating Systems,False,case/pluralization dupe
volume2::7.20.35,Operating System,Operating System,Operating Systems,False,case/pluralization dupe
volume2::7.20.40,Operating System,Operating System,Operating Systems,False,case/pluralization dupe
volume2::7.20.42,Operating System,Operating System,Operating Systems,False,case/pluralization dupe
volume2::7.21.10,Operating System,Operating System,Operating Systems,False,case/pluralization dupe
volume2::7.21.12,Operating System,Operating System,Operating Systems,False,case/pluralization dupe
volume2::7.21.13,Operating System,Operating System,Operating Systems,False,case/pluralization dupe
volume2::7.21.15,Operating System,Operating System,Operating Systems,False,case/pluralization dupe
volume2::7.21.18,Operating System,Operating System,Operating Systems,False,case/pluralization dupe
volume2::7.21.20,Operating System,Operating System,Operating Systems,False,case/pluralization dupe
volume2::7.21.21,Operating System,Operating System,Operating Systems,False,case/pluralization dupe
volume2::7.21.22,Operating System,Operating System,Operating Systems,False,case/pluralization dupe
volume2::7.21.24,Operating System,Operating System,Operating Systems,False,case/pluralization dupe
volume2::7.21.25,Operating System,Operating System,Operating Systems,False,case/pluralization dupe
volume2::7.21.26,Operating System,Operating System,Operating Systems,False,case/pluralization dupe
volume2::7.21.27,Operating System,Operating System,Operating Systems,False,case/pluralization dupe
volume2::7.21.3,Operating System,Operating System,Operating Systems,False,case/pluralization dupe
volume2::7.21.4,Operating System,Operating System,Operating Systems,False,case/pluralization dupe
volume2::7.21.7,Operating System,Operating System,Operating Systems,False,case/pluralization dupe
volume2::7.21.9,Operating System,Operating System,Operating Systems,False,case/pluralization dupe
volume2::7.23.4,Operating System,Process Synchronization,Operating Systems,False,case/pluralization dupe
volume2::7.23.6,Operating System,Process Synchronization,Operating Systems,False,case/pluralization dupe
volume2::7.23.7,Operating System,Process Synchronization,Operating Systems,False,case/pluralization dupe
volume2::7.26.1,Operating System,Threads,Operating Systems,False,case/pluralization dupe
volume2::7.26.10,Operating System,Threads,Operating Systems,False,case/pluralization dupe
volume2::7.26.2,Operating System,Threads,Operating Systems,False,case/pluralization dupe
volume2::7.26.3,Operating System,Threads,Operating Systems,False,case/pluralization dupe
volume2::7.26.4,Operating System,Threads,Operating Systems,False,case/pluralization dupe
volume2::7.26.5,Operating System,Threads,Operating Systems,False,case/pluralization dupe
volume2::7.26.6,Operating System,Threads,Operating Systems,False,case/pluralization dupe
volume2::7.26.7,Operating System,Threads,Operating Systems,False,case/pluralization dupe
volume2::7.26.8,Operating System,Threads,Operating Systems,False,case/pluralization dupe
volume2::7.27.11,Operating System,Virtual Memory,Operating Systems,False,case/pluralization dupe
volume2::7.27.12,Operating System,Virtual Memory,Operating Systems,False,case/pluralization dupe
volume2::7.27.13,Operating System,Virtual Memory,Operating Systems,False,case/pluralization dupe
volume2::7.27.14,Operating System,Virtual Memory,Operating Systems,False,case/pluralization dupe
volume2::7.27.15,Operating System,Virtual Memory,Operating Systems,False,case/pluralization dupe
volume2::7.27.18,Operating System,Virtual Memory,Operating Systems,False,case/pluralization dupe
volume2::7.27.22,Operating System,Virtual Memory,Operating Systems,False,case/pluralization dupe
volume2::7.27.24,Operating System,Virtual Memory,Operating Systems,False,case/pluralization dupe
volume2::7.27.25,Operating System,Virtual Memory,Operating Systems,False,case/pluralization dupe
volume2::7.27.29,Operating System,Virtual Memory,Operating Systems,False,case/pluralization dupe
volume2::7.27.30,Operating System,Virtual Memory,Operating Systems,False,case/pluralization dupe
volume2::7.27.31,Operating System,Virtual Memory,Operating Systems,False,case/pluralization dupe
volume2::7.27.32,Operating System,Virtual Memory,Operating Systems,False,case/pluralization dupe
volume2::7.27.33,Operating System,Virtual Memory,Operating Systems,False,case/pluralization dupe
volume2::7.27.34,Operating System,Virtual Memory,Operating Systems,False,case/pluralization dupe
volume2::7.27.35,Operating System,Virtual Memory,Operating Systems,False,case/pluralization dupe
volume2::7.27.36,Operating System,Virtual Memory,Operating Systems,False,case/pluralization dupe
volume2::7.27.37,Operating System,Virtual Memory,Operating Systems,False,case/pluralization dupe
volume2::7.27.39,Operating System,Virtual Memory,Operating Systems,False,case/pluralization dupe
volume2::7.27.4,Operating System,Virtual Memory,Operating Systems,False,case/pluralization dupe
volume2::7.27.40,Operating System,Virtual Memory,Operating Systems,False,case/pluralization dupe
volume2::7.27.41,Operating System,Virtual Memory,Operating Systems,False,case/pluralization dupe
volume2::7.27.42,Operating System,Virtual Memory,Operating Systems,False,case/pluralization dupe
volume2::7.27.5,Operating System,Virtual Memory,Operating Systems,False,case/pluralization dupe
volume2::7.27.6,Operating System,Virtual Memory,Operating Systems,False,case/pluralization dupe
volume2::7.27.7,Operating System,Virtual Memory,Operating Systems,False,case/pluralization dupe
volume2::7.3.10,Operating System,Disk,Operating Systems,False,case/pluralization dupe
volume2::7.3.14,Operating System,Operating System,Operating Systems,False,case/pluralization dupe
volume2::7.3.15,Operating System,Operating System,Operating Systems,False,case/pluralization dupe
volume2::7.3.16,Operating System,Operating System,Operating Systems,False,case/pluralization dupe
volume2::7.3.17,Operating System,Operating System,Operating Systems,False,case/pluralization dupe
volume2::7.3.18,Operating System,Operating System,Operating Systems,False,case/pluralization dupe
volume2::7.3.19,Operating System,Operating System,Operating Systems,False,case/pluralization dupe
volume2::7.3.20,Operating System,Operating System,Operating Systems,False,case/pluralization dupe
volume2::7.3.21,Operating System,Operating System,Operating Systems,False,case/pluralization dupe
volume2::7.3.22,Operating System,Operating System,Operating Systems,False,case/pluralization dupe
volume2::7.3.23,Operating System,Operating System,Operating Systems,False,case/pluralization dupe
volume2::7.3.24,Operating System,Operating System,Operating Systems,False,case/pluralization dupe
volume2::7.3.25,Operating System,Operating System,Operating Systems,False,case/pluralization dupe
volume2::7.3.26,Operating System,Operating System,Operating Systems,False,case/pluralization dupe
volume2::7.3.27,Operating System,Operating System,Operating Systems,False,case/pluralization dupe
volume2::7.3.28,Operating System,Operating System,Operating Systems,False,case/pluralization dupe
volume2::7.3.29,Operating System,Operating System,Operating Systems,False,case/pluralization dupe
volume2::7.3.3,Operating System,Disk,Operating Systems,False,case/pluralization dupe
volume2::7.3.30,Operating System,Operating System,Operating Systems,False,case/pluralization dupe
volume2::7.3.31,Operating System,Operating System,Operating Systems,False,case/pluralization dupe
volume2::7.3.5,Operating System,Disk,Operating Systems,False,case/pluralization dupe
volume2::7.3.6,Operating System,Disk,Operating Systems,False,case/pluralization dupe
volume2::7.3.9,Operating System,Disk,Operating Systems,False,case/pluralization dupe
volume2::7.4.10,Operating System,Operating System,Operating Systems,False,case/pluralization dupe
volume2::7.4.11,Operating System,Operating System,Operating Systems,False,case/pluralization dupe
volume2::7.4.12,Operating System,Operating System,Operating Systems,False,case/pluralization dupe
volume2::7.4.13,Operating System,Operating System,Operating Systems,False,case/pluralization dupe
volume2::7.4.14,Operating System,Operating System,Operating Systems,False,case/pluralization dupe
volume2::7.4.5,Operating System,Operating System,Operating Systems,False,case/pluralization dupe
volume2::7.4.6,Operating System,Operating System,Operating Systems,False,case/pluralization dupe
volume2::7.4.7,Operating System,Operating System,Operating Systems,False,case/pluralization dupe
volume2::7.4.8,Operating System,Operating System,Operating Systems,False,case/pluralization dupe
volume2::7.4.9,Operating System,Operating System,Operating Systems,False,case/pluralization dupe
volume2::7.5.2,Operating System,Operating System,Operating Systems,False,case/pluralization dupe
volume2::7.5.3,Operating System,Operating System,Operating Systems,False,case/pluralization dupe
volume2::7.5.4,Operating System,Operating System,Operating Systems,False,case/pluralization dupe
volume2::7.5.5,Operating System,Operating System,Operating Systems,False,case/pluralization dupe
volume2::7.5.6,Operating System,Operating System,Operating Systems,False,case/pluralization dupe
volume2::7.5.7,Operating System,Operating System,Operating Systems,False,case/pluralization dupe
volume2::7.5.8,Operating System,Operating System,Operating Systems,False,case/pluralization dupe
volume2::7.5.9,Operating System,Operating System,Operating Systems,False,case/pluralization dupe
volume2::7.6.5,Operating System,Operating System,Operating Systems,False,case/pluralization dupe
volume2::7.7.1,Operating System,IO Handling,Operating Systems,False,case/pluralization dupe
volume2::7.7.2,Operating System,IO Handling,Operating Systems,False,case/pluralization dupe
volume2::7.7.3,Operating System,IO Handling,Operating Systems,False,case/pluralization dupe
volume2::7.7.4,Operating System,IO Handling,Operating Systems,False,case/pluralization dupe
volume2::7.7.5,Operating System,IO Handling,Operating Systems,False,case/pluralization dupe
volume2::7.9.1,Operating System,Inter Process Communication,Operating Systems,False,case/pluralization dupe
volume2::8.1.5,Binary Tree,AVL Tree,Programming and Data Structures,True,"single stray record, data-structure topic"
volume2::8.1.6,Programming and Data Structure,Binary Search Tree,Programming and Data Structures,False,case/pluralization dupe
volume2::8.10.1,Programming and Data Structure,Array,Programming and Data Structures,False,case/pluralization dupe
volume2::8.11.1,Programming and Data Structure,Priority Queue,Programming and Data Structures,False,case/pluralization dupe
volume2::8.11.2,Programming and Data Structure,Priority Queue,Programming and Data Structures,False,case/pluralization dupe
volume2::8.12.13,Programming and Data Structure,Queue,Programming and Data Structures,False,case/pluralization dupe
volume2::8.12.14,Programming and Data Structure,Queue,Programming and Data Structures,False,case/pluralization dupe
volume2::8.12.3,Programming and Data Structure,Queue,Programming and Data Structures,False,case/pluralization dupe
volume2::8.12.5,Programming and Data Structure,Queue,Programming and Data Structures,False,case/pluralization dupe
volume2::8.12.6,Programming and Data Structure,Queue,Programming and Data Structures,False,case/pluralization dupe
volume2::8.12.7,Programming and Data Structure,Queue,Programming and Data Structures,False,case/pluralization dupe
volume2::8.12.8,Programming and Data Structure,Queue,Programming and Data Structures,False,case/pluralization dupe
volume2::8.12.9,Programming and Data Structure,Queue,Programming and Data Structures,False,case/pluralization dupe
volume2::8.13.1,Programming and Data Structure,Stack,Programming and Data Structures,False,case/pluralization dupe
volume2::8.13.10,Programming and Data Structure,Stack,Programming and Data Structures,False,case/pluralization dupe
volume2::8.13.11,Programming and Data Structure,Stack,Programming and Data Structures,False,case/pluralization dupe
volume2::8.13.12,Programming and Data Structure,Stack,Programming and Data Structures,False,case/pluralization dupe
volume2::8.13.14,Programming and Data Structure,Stack,Programming and Data Structures,False,case/pluralization dupe
volume2::8.13.15,Programming and Data Structure,Stack,Programming and Data Structures,False,case/pluralization dupe
volume2::8.13.17,Programming and Data Structure,Stack,Programming and Data Structures,False,case/pluralization dupe
volume2::8.13.18,Programming and Data Structure,Stack,Programming and Data Structures,False,case/pluralization dupe
volume2::8.13.2,Programming and Data Structure,Stack,Programming and Data Structures,False,case/pluralization dupe
volume2::8.13.3,Programming and Data Structure,Stack,Programming and Data Structures,False,case/pluralization dupe
volume2::8.13.5,Programming and Data Structure,Stack,Programming and Data Structures,False,case/pluralization dupe
volume2::8.13.6,Programming and Data Structure,Stack,Programming and Data Structures,False,case/pluralization dupe
volume2::8.13.8,Programming and Data Structure,Stack,Programming and Data Structures,False,case/pluralization dupe
volume2::8.13.9,Programming and Data Structure,Stack,Programming and Data Structures,False,case/pluralization dupe
volume2::8.14.1,Programming and Data Structure,Time Complexity,Programming and Data Structures,False,case/pluralization dupe
volume2::8.15.11,Programming and Data Structure,Tree,Programming and Data Structures,False,case/pluralization dupe
volume2::8.15.12,Programming and Data Structure,Tree,Programming and Data Structures,False,case/pluralization dupe
volume2::8.15.13,Programming and Data Structure,Tree,Programming and Data Structures,False,case/pluralization dupe
volume2::8.15.2,Programming and Data Structure,Tree,Programming and Data Structures,False,case/pluralization dupe
volume2::8.15.4,Programming and Data Structure,Tree,Programming and Data Structures,False,case/pluralization dupe
volume2::8.15.5,Programming and Data Structure,Tree,Programming and Data Structures,False,case/pluralization dupe
volume2::8.15.6,Programming and Data Structure,Tree,Programming and Data Structures,False,case/pluralization dupe
volume2::8.15.8,Programming and Data Structure,Tree,Programming and Data Structures,False,case/pluralization dupe
volume2::8.15.9,Programming and Data Structure,Tree,Programming and Data Structures,False,case/pluralization dupe
volume2::8.2.10,Programming and Data Structure,Array,Programming and Data Structures,False,case/pluralization dupe
volume2::8.2.11,Programming and Data Structure,Array,Programming and Data Structures,False,case/pluralization dupe
volume2::8.2.13,Programming and Data Structure,Array,Programming and Data Structures,False,case/pluralization dupe
volume2::8.2.2,Programming and Data Structure,Array,Programming and Data Structures,False,case/pluralization dupe
volume2::8.2.5,Programming and Data Structure,Array,Programming and Data Structures,False,case/pluralization dupe
volume2::8.2.6,Programming and Data Structure,Array,Programming and Data Structures,False,case/pluralization dupe
volume2::8.2.8,Programming and Data Structure,Array,Programming and Data Structures,False,case/pluralization dupe
volume2::8.2.9,Programming and Data Structure,Array,Programming and Data Structures,False,case/pluralization dupe
volume2::8.3.10,Programming and Data Structure,Binary Heap,Programming and Data Structures,False,case/pluralization dupe
volume2::8.3.11,Programming and Data Structure,Binary Heap,Programming and Data Structures,False,case/pluralization dupe
volume2::8.3.12,Programming and Data Structure,Binary Heap,Programming and Data Structures,False,case/pluralization dupe
volume2::8.3.13,Programming and Data Structure,Binary Heap,Programming and Data Structures,False,case/pluralization dupe
volume2::8.3.16,Programming and Data Structure,Data Structures,Programming and Data Structures,False,case/pluralization dupe
volume2::8.3.18,Programming and Data Structure,Data Structures,Programming and Data Structures,False,case/pluralization dupe
volume2::8.3.19,Programming and Data Structure,Data Structures,Programming and Data Structures,False,case/pluralization dupe
volume2::8.3.2,Programming and Data Structure,Binary Heap,Programming and Data Structures,False,case/pluralization dupe
volume2::8.3.20,Programming and Data Structure,Data Structures,Programming and Data Structures,False,case/pluralization dupe
volume2::8.3.21,Programming and Data Structure,Data Structures,Programming and Data Structures,False,case/pluralization dupe
volume2::8.3.22,Programming and Data Structure,Data Structures,Programming and Data Structures,False,case/pluralization dupe
volume2::8.3.27,Programming and Data Structure,Data Structures,Programming and Data Structures,False,case/pluralization dupe
volume2::8.3.4,Programming and Data Structure,Binary Heap,Programming and Data Structures,False,case/pluralization dupe
volume2::8.3.5,Programming and Data Structure,Binary Heap,Programming and Data Structures,False,case/pluralization dupe
volume2::8.3.7,Programming and Data Structure,Binary Heap,Programming and Data Structures,False,case/pluralization dupe
volume2::8.3.9,Programming and Data Structure,Binary Heap,Programming and Data Structures,False,case/pluralization dupe
volume2::8.4.1,Programming and Data Structure,Data Structures,Programming and Data Structures,False,case/pluralization dupe
volume2::8.4.10,Programming and Data Structure,Data Structures,Programming and Data Structures,False,case/pluralization dupe
volume2::8.4.11,Programming and Data Structure,Data Structures,Programming and Data Structures,False,case/pluralization dupe
volume2::8.4.12,Programming and Data Structure,Data Structures,Programming and Data Structures,False,case/pluralization dupe
volume2::8.4.13,Programming and Data Structure,Data Structures,Programming and Data Structures,False,case/pluralization dupe
volume2::8.4.16,Programming and Data Structure,Data Structures,Programming and Data Structures,False,case/pluralization dupe
volume2::8.4.17,Programming and Data Structure,Data Structures,Programming and Data Structures,False,case/pluralization dupe
volume2::8.4.18,Programming and Data Structure,Data Structures,Programming and Data Structures,False,case/pluralization dupe
volume2::8.4.19,Programming and Data Structure,Data Structures,Programming and Data Structures,False,case/pluralization dupe
volume2::8.4.20,Programming and Data Structure,Data Structures,Programming and Data Structures,False,case/pluralization dupe
volume2::8.4.21,Programming and Data Structure,Data Structures,Programming and Data Structures,False,case/pluralization dupe
volume2::8.4.22,Programming and Data Structure,Data Structures,Programming and Data Structures,False,case/pluralization dupe
volume2::8.4.23,Programming and Data Structure,Data Structures,Programming and Data Structures,False,case/pluralization dupe
volume2::8.4.24,Programming and Data Structure,Data Structures,Programming and Data Structures,False,case/pluralization dupe
volume2::8.4.25,Programming and Data Structure,Data Structures,Programming and Data Structures,False,case/pluralization dupe
volume2::8.4.26,Programming and Data Structure,Data Structures,Programming and Data Structures,False,case/pluralization dupe
volume2::8.4.27,Programming and Data Structure,Data Structures,Programming and Data Structures,False,case/pluralization dupe
volume2::8.4.28,Programming and Data Structure,Data Structures,Programming and Data Structures,False,case/pluralization dupe
volume2::8.4.29,Programming and Data Structure,Data Structures,Programming and Data Structures,False,case/pluralization dupe
volume2::8.4.3,Programming and Data Structure,Data Structures,Programming and Data Structures,False,case/pluralization dupe
volume2::8.4.30,Programming and Data Structure,Data Structures,Programming and Data Structures,False,case/pluralization dupe
volume2::8.4.31,Programming and Data Structure,Data Structures,Programming and Data Structures,False,case/pluralization dupe
volume2::8.4.32,Programming and Data Structure,Data Structures,Programming and Data Structures,False,case/pluralization dupe
volume2::8.4.34,Programming and Data Structure,Data Structures,Programming and Data Structures,False,case/pluralization dupe
volume2::8.4.35,Programming and Data Structure,Data Structures,Programming and Data Structures,False,case/pluralization dupe
volume2::8.4.5,Programming and Data Structure,Data Structures,Programming and Data Structures,False,case/pluralization dupe
volume2::8.4.6,Programming and Data Structure,Data Structures,Programming and Data Structures,False,case/pluralization dupe
volume2::8.4.7,Programming and Data Structure,Data Structures,Programming and Data Structures,False,case/pluralization dupe
volume2::8.4.9,Programming and Data Structure,Data Structures,Programming and Data Structures,False,case/pluralization dupe
volume2::8.5.15,Programming and Data Structure,Binary Tree,Programming and Data Structures,False,case/pluralization dupe
volume2::8.5.24,Programming and Data Structure,Binary Tree,Programming and Data Structures,False,case/pluralization dupe
volume2::8.5.30,Programming and Data Structure,Binary Tree,Programming and Data Structures,False,case/pluralization dupe
volume2::8.5.33,Programming and Data Structure,Binary Tree,Programming and Data Structures,False,case/pluralization dupe
volume2::8.5.35,Programming and Data Structure,Binary Tree,Programming and Data Structures,False,case/pluralization dupe
volume2::8.5.6,Programming and Data Structure,Binary Tree,Programming and Data Structures,False,case/pluralization dupe
volume2::8.5.7,Programming and Data Structure,Binary Tree,Programming and Data Structures,False,case/pluralization dupe
volume2::8.6.1,Programming and Data Structure,Graph Theory,Programming and Data Structures,False,case/pluralization dupe
volume2::8.6.3,Programming and Data Structure,Graph Theory,Programming and Data Structures,False,case/pluralization dupe
volume2::8.7.10,Programming and Data Structure,Hashing,Programming and Data Structures,False,case/pluralization dupe
volume2::8.7.11,Programming and Data Structure,Hashing,Programming and Data Structures,False,case/pluralization dupe
volume2::8.7.12,Programming and Data Structure,Hashing,Programming and Data Structures,False,case/pluralization dupe
volume2::8.7.13,Data Structures,GATE DS&AI 2024,Programming and Data Structures,False,same GATE syllabus section
volume2::8.7.16,Programming and Data Structure,Hashing,Programming and Data Structures,False,case/pluralization dupe
volume2::8.7.4,Programming and Data Structure,Hashing,Programming and Data Structures,False,case/pluralization dupe
volume2::8.7.5,Programming and Data Structure,Hashing,Programming and Data Structures,False,case/pluralization dupe
volume2::8.7.9,Programming and Data Structure,Hashing,Programming and Data Structures,False,case/pluralization dupe
volume2::8.8.4,Stack,is,Programming and Data Structures,True,"single stray record, data-structure topic"
volume2::8.8.5,Programming and Data Structure,Stack,Programming and Data Structures,False,case/pluralization dupe
volume2::8.9.1,Programming and Data Structure,Linked List,Programming and Data Structures,False,case/pluralization dupe
volume2::8.9.10,Programming and Data Structure,Linked List,Programming and Data Structures,False,case/pluralization dupe
volume2::8.9.11,Programming and Data Structure,Linked List,Programming and Data Structures,False,case/pluralization dupe
volume2::8.9.12,Programming and Data Structure,Linked List,Programming and Data Structures,False,case/pluralization dupe
volume2::8.9.17,Programming and Data Structure,Linked List,Programming and Data Structures,False,case/pluralization dupe
volume2::8.9.19,Programming and Data Structure,Linked List,Programming and Data Structures,False,case/pluralization dupe
volume2::8.9.20,Programming and Data Structure,Linked List,Programming and Data Structures,False,case/pluralization dupe
volume2::8.9.23,Programming and Data Structure,Linked List,Programming and Data Structures,False,case/pluralization dupe
volume2::8.9.5,Programming and Data Structure,Linked List,Programming and Data Structures,False,case/pluralization dupe
volume2::9.1.1,General Aptitude,Programming in C,General Aptitude,False,canonical form
volume2::9.10.1,Programming,Programming,Programming and Data Structures,False,100/104 topics are 'Programming in C'
volume2::9.11.1,Programming,Programming in C,Programming and Data Structures,False,100/104 topics are 'Programming in C'
volume2::9.11.10,Programming,Programming in C,Programming and Data Structures,False,100/104 topics are 'Programming in C'
volume2::9.11.11,Programming,Programming in C,Programming and Data Structures,False,100/104 topics are 'Programming in C'
volume2::9.11.12,Programming,Programming in C,Programming and Data Structures,False,100/104 topics are 'Programming in C'
volume2::9.11.13,Programming,Programming in C,Programming and Data Structures,False,100/104 topics are 'Programming in C'
volume2::9.11.14,Programming,Programming in C,Programming and Data Structures,False,100/104 topics are 'Programming in C'
volume2::9.11.15,Programming,Programming in C,Programming and Data Structures,False,100/104 topics are 'Programming in C'
volume2::9.11.16,Programming,Programming in C,Programming and Data Structures,False,100/104 topics are 'Programming in C'
volume2::9.11.17,Programming,Programming in C,Programming and Data Structures,False,100/104 topics are 'Programming in C'
volume2::9.11.18,Programming,Programming in C,Programming and Data Structures,False,100/104 topics are 'Programming in C'
volume2::9.11.2,Programming,Programming in C,Programming and Data Structures,False,100/104 topics are 'Programming in C'
volume2::9.11.20,Programming,Programming in C,Programming and Data Structures,False,100/104 topics are 'Programming in C'
volume2::9.11.21,Programming,Programming in C,Programming and Data Structures,False,100/104 topics are 'Programming in C'
volume2::9.11.22,Programming,Programming in C,Programming and Data Structures,False,100/104 topics are 'Programming in C'
volume2::9.11.23,Programming,Programming in C,Programming and Data Structures,False,100/104 topics are 'Programming in C'
volume2::9.11.24,Programming,Programming in C,Programming and Data Structures,False,100/104 topics are 'Programming in C'
volume2::9.11.25,Programming,Programming in C,Programming and Data Structures,False,100/104 topics are 'Programming in C'
volume2::9.11.26,Programming,Programming in C,Programming and Data Structures,False,100/104 topics are 'Programming in C'
volume2::9.11.27,Programming,Programming in C,Programming and Data Structures,False,100/104 topics are 'Programming in C'
volume2::9.11.28,Programming,Programming in C,Programming and Data Structures,False,100/104 topics are 'Programming in C'
volume2::9.11.29,Programming,Programming in C,Programming and Data Structures,False,100/104 topics are 'Programming in C'
volume2::9.11.3,Programming,Programming in C,Programming and Data Structures,False,100/104 topics are 'Programming in C'
volume2::9.11.30,Programming,Programming in C,Programming and Data Structures,False,100/104 topics are 'Programming in C'
volume2::9.11.31,Programming,Programming in C,Programming and Data Structures,False,100/104 topics are 'Programming in C'
volume2::9.11.5,Programming,Programming in C,Programming and Data Structures,False,100/104 topics are 'Programming in C'
volume2::9.11.6,Programming,Programming in C,Programming and Data Structures,False,100/104 topics are 'Programming in C'
volume2::9.11.7,Programming,Programming in C,Programming and Data Structures,False,100/104 topics are 'Programming in C'
volume2::9.11.8,Programming,Programming in C,Programming and Data Structures,False,100/104 topics are 'Programming in C'
volume2::9.11.9,Programming,Programming in C,Programming and Data Structures,False,100/104 topics are 'Programming in C'
volume2::9.12.1,Programming,Programming,Programming and Data Structures,False,100/104 topics are 'Programming in C'
volume2::9.13.1,Programming and Data Structure,Recursion,Programming and Data Structures,False,case/pluralization dupe
volume2::9.13.10,Programming and Data Structure,Recursion,Programming and Data Structures,False,case/pluralization dupe
volume2::9.13.11,Programming and Data Structure,Recursion,Programming and Data Structures,False,case/pluralization dupe
volume2::9.13.12,Programming and Data Structure,Recursion,Programming and Data Structures,False,case/pluralization dupe
volume2::9.13.13,Programming and Data Structure,Recursion,Programming and Data Structures,False,case/pluralization dupe
volume2::9.13.14,Programming and Data Structure,Recursion,Programming and Data Structures,False,case/pluralization dupe
volume2::9.13.15,Programming and Data Structure,Recursion,Programming and Data Structures,False,case/pluralization dupe
volume2::9.13.16,Programming and Data Structure,Recursion,Programming and Data Structures,False,case/pluralization dupe
volume2::9.13.17,Programming and Data Structure,Recursion,Programming and Data Structures,False,case/pluralization dupe
volume2::9.13.18,General Aptitude,Recursion,General Aptitude,False,canonical form
volume2::9.13.7,Programming and Data Structure,Recursion,Programming and Data Structures,False,case/pluralization dupe
volume2::9.13.8,Programming and Data Structure,Recursion,Programming and Data Structures,False,case/pluralization dupe
volume2::9.13.9,Programming and Data Structure,Recursion,Programming and Data Structures,False,case/pluralization dupe
volume2::9.14.1,Programming and Data Structure,Strings,Programming and Data Structures,False,case/pluralization dupe
volume2::9.15.1,Programming and Data Structure,Structure,Programming and Data Structures,False,case/pluralization dupe
volume2::9.15.2,Programming and Data Structure,Structure,Programming and Data Structures,False,case/pluralization dupe
volume2::9.15.3,Programming and Data Structure,Structure,Programming and Data Structures,False,case/pluralization dupe
volume2::9.15.4,Programming and Data Structure,Structure,Programming and Data Structures,False,case/pluralization dupe
volume2::9.15.5,Programming and Data Structure,Structure,Programming and Data Structures,False,case/pluralization dupe
volume2::9.16.1,Programming and Data Structure,Switch Case,Programming and Data Structures,False,case/pluralization dupe
volume2::9.16.2,Programming and Data Structure,Switch Case,Programming and Data Structures,False,case/pluralization dupe
volume2::9.17.1,Programming and Data Structure,Type Checking,Programming and Data Structures,False,case/pluralization dupe
volume2::9.18.1,Programming and Data Structure,Union,Programming and Data Structures,False,case/pluralization dupe
volume2::9.19.1,Programming and Data Structure,Variable Binding,Programming and Data Structures,False,case/pluralization dupe
volume2::9.2.1,General Aptitude,Array,General Aptitude,False,canonical form
volume2::9.2.2,General Aptitude,Array,General Aptitude,False,canonical form
volume2::9.2.3,Programming and Data Structure,Array,Programming and Data Structures,False,case/pluralization dupe
volume2::9.2.4,General Aptitude,Array,General Aptitude,False,canonical form
volume2::9.2.5,Programming and Data Structure,Array,Programming and Data Structures,False,case/pluralization dupe
volume2::9.2.6,Programming and Data Structure,Array,Programming and Data Structures,False,case/pluralization dupe
volume2::9.2.7,General Aptitude,Array,General Aptitude,False,canonical form
volume2::9.2.8,General Aptitude,Array,General Aptitude,False,canonical form
volume2::9.2.9,General Aptitude,Array,General Aptitude,False,canonical form
volume2::9.3.1,General Aptitude,Functions,General Aptitude,False,canonical form
volume2::9.4.1,General Aptitude,Goto,General Aptitude,False,canonical form
volume2::9.4.2,General Aptitude,Goto,General Aptitude,False,canonical form
volume2::9.5.2,General Aptitude,Identify Function,General Aptitude,False,canonical form
volume2::9.5.3,Programming and Data Structure,Identify Function,Programming and Data Structures,False,case/pluralization dupe
volume2::9.5.4,Programming and Data Structure,Identify Function,Programming and Data Structures,False,case/pluralization dupe
volume2::9.5.5,Programming and Data Structure,Identify Function,Programming and Data Structures,False,case/pluralization dupe
volume2::9.5.6,General Aptitude,Identify Function,General Aptitude,False,canonical form
volume2::9.6.5,Programming and Data Structure,Loop Invariants,Programming and Data Structures,False,case/pluralization dupe
volume2::9.6.6,Programming and Data Structure,Loop Invariants,Programming and Data Structures,False,case/pluralization dupe
volume2::9.6.7,Programming and Data Structure,Loop Invariants,Programming and Data Structures,False,case/pluralization dupe
volume2::9.6.8,Programming and Data Structure,Loop Invariants,Programming and Data Structures,False,case/pluralization dupe
volume2::9.7.1,Programming and Data Structure,Output,Programming and Data Structures,False,case/pluralization dupe
volume2::9.7.10,Programming and Data Structure,Output,Programming and Data Structures,False,case/pluralization dupe
volume2::9.7.4,Programming and Data Structure,Output,Programming and Data Structures,False,case/pluralization dupe
volume2::9.7.5,Programming and Data Structure,Output,Programming and Data Structures,False,case/pluralization dupe
volume2::9.7.6,Programming and Data Structure,Output,Programming and Data Structures,False,case/pluralization dupe
volume2::9.7.7,Programming and Data Structure,Output,Programming and Data Structures,False,case/pluralization dupe
volume2::9.7.8,Programming and Data Structure,Output,Programming and Data Structures,False,case/pluralization dupe
volume2::9.7.9,Programming and Data Structure,Output,Programming and Data Structures,False,case/pluralization dupe
volume2::9.8.10,Programming,Programming in C,Programming and Data Structures,False,100/104 topics are 'Programming in C'
volume2::9.8.11,Programming,Programming in C,Programming and Data Structures,False,100/104 topics are 'Programming in C'
volume2::9.8.12,Programming,Programming in C,Programming and Data Structures,False,100/104 topics are 'Programming in C'
volume2::9.8.2,General Aptitude,Parameter Passing,General Aptitude,False,canonical form
volume2::9.8.3,General Aptitude,Parameter Passing,General Aptitude,False,canonical form
volume2::9.8.4,Compiler Design,Parameter Passing,Compiler Design,False,canonical form
volume2::9.8.5,General Aptitude,Parameter Passing,General Aptitude,False,canonical form
volume2::9.8.6,General Aptitude,Parameter Passing,General Aptitude,False,canonical form
volume2::9.8.7,Compiler Design,Parameter Passing,Compiler Design,False,canonical form
volume2::9.8.8,General Aptitude,Parameter Passing,General Aptitude,False,canonical form
volume2::9.8.9,Computer Organization and Architecture,Parameter Passing,Computer Organization and Architecture,False,canonical form
volume2::9.9.10,Programming,Programming in C,Programming and Data Structures,False,100/104 topics are 'Programming in C'
volume2::9.9.11,Programming,Programming in C,Programming and Data Structures,False,100/104 topics are 'Programming in C'
volume2::9.9.12,Programming,Programming in C,Programming and Data Structures,False,100/104 topics are 'Programming in C'
volume2::9.9.13,Programming,Programming in C,Programming and Data Structures,False,100/104 topics are 'Programming in C'
volume2::9.9.14,Programming,Programming in C,Programming and Data Structures,False,100/104 topics are 'Programming in C'
volume2::9.9.2,Programming,Programming in C,Programming and Data Structures,False,100/104 topics are 'Programming in C'
volume2::9.9.3,Programming,Programming in C,Programming and Data Structures,False,100/104 topics are 'Programming in C'
volume2::9.9.5,Programming,Programming in C,Programming and Data Structures,False,100/104 topics are 'Programming in C'
volume2::9.9.6,Programming,Programming in C,Programming and Data Structures,False,100/104 topics are 'Programming in C'
volume2::9.9.7,Programming,Programming in C,Programming and Data Structures,False,100/104 topics are 'Programming in C'
volume2::9.9.8,Programming,Programming in C,Programming and Data Structures,False,100/104 topics are 'Programming in C'
volume2::9.9.9,Programming,Programming in C,Programming and Data Structures,False,100/104 topics are 'Programming in C'
da::1.42.33,Programming and Data Structure,algorithms,Programming and Data Structures,False,case/pluralization dupe
da::1.60.8,Programming and Data Structures,Algorithms,Programming and Data Structures,False,canonical form
da::1.64.3,Programming and Data Structures,Algorithms,Programming and Data Structures,False,canonical form
da::1.66.1,Programming and Data Structures,Algorithms,Programming and Data Structures,False,canonical form
da::1.66.2,Programming and Data Structures,Algorithms,Programming and Data Structures,False,canonical form
da::1.66.3,Programming and Data Structures,Algorithms,Programming and Data Structures,False,canonical form
da::1.66.4,Programming and Data Structures,Algorithms,Programming and Data Structures,False,canonical form
da::1.66.5,Programming and Data Structures,Algorithms,Programming and Data Structures,False,canonical form
da::2.1.1,Artificial Intelligence,A* Algorithm,Artificial Intelligence,False,canonical form (GATE DA)
da::2.6.1,Artificial Intelligence,Adversarial Search,Artificial Intelligence,False,canonical form (GATE DA)
da::2.16.3,Artificial Intelligence,Fuzzy Sets,Artificial Intelligence,False,canonical form (GATE DA)
da::2.27.1,Artificial Intelligence,Minimax Procedure,Artificial Intelligence,False,canonical form (GATE DA)
da::2.27.2,Artificial Intelligence,Minimax Procedure,Artificial Intelligence,False,canonical form (GATE DA)
da::3.4.12,Databases,Databases,Databases,False,canonical form
da::3.4.19,Databases,Databases,Databases,False,canonical form
da::3.4.25,Databases,Databases,Databases,False,canonical form
da::3.4.30,Databases,Databases,Databases,False,canonical form
da::3.4.32,Databases,Databases,Databases,False,canonical form
da::3.6.4,Databases,Databases,Databases,False,canonical form
da::3.53.4,Databases,Databases,Databases,False,canonical form
da::3.55.47,Databases,Databases,Databases,False,canonical form
da::3.55.49,Databases,Databases,Databases,False,canonical form
da::3.55.50,Databases,Databases,Databases,False,canonical form
da::3.55.53,Databases,Databases,Databases,False,canonical form
da::3.55.57,Databases,Databases,Databases,False,canonical form
da::3.55.58,Databases,Databases,Databases,False,canonical form
da::3.55.77,Databases,Databases,Databases,False,canonical form
da::3.57.1,Databases,Databases,Databases,False,canonical form
da::3.57.8,Databases,Databases,Databases,False,canonical form
da::3.57.19,Databases,Databases,Databases,False,canonical form
da::4.10.26,Mathematics,Mathematical Logic,Discrete Mathematics,False,"topic content is discrete-math, not calculus/probability/linear-algebra"
da::5.9.1,Mathematics,Calculus,Engineering Mathematics,True,fallback for non-discrete-math topics; see TOPIC_OVERRIDES for the Discrete-Math split
da::6.4.2,Mathematics,Discrete Mathematics,Discrete Mathematics,False,"topic content is discrete-math, not calculus/probability/linear-algebra"
da::9.2.2,Mathematics,Probability,Engineering Mathematics,True,fallback for non-discrete-math topics; see TOPIC_OVERRIDES for the Discrete-Math split
da::9.7.11,Mathematics,Probability,Engineering Mathematics,True,fallback for non-discrete-math topics; see TOPIC_OVERRIDES for the Discrete-Math split
da::9.7.12,Mathematics,Probability,Engineering Mathematics,True,fallback for non-discrete-math topics; see TOPIC_OVERRIDES for the Discrete-Math split
da::9.12.1,Mathematics,Probability,Engineering Mathematics,True,fallback for non-discrete-math topics; see TOPIC_OVERRIDES for the Discrete-Math split
em::1.0.2,General Aptitude,Analytical Aptitude,General Aptitude,False,canonical form
em::1.0.4,General Aptitude,Analytical Aptitude,General Aptitude,False,canonical form
em::1.0.8,General Aptitude,Analytical Aptitude,General Aptitude,False,canonical form
em::1.0.9,General Aptitude,Analytical Aptitude,General Aptitude,False,canonical form
em::1.3.1,General Aptitude,Quantitative Aptitude,General Aptitude,False,canonical form
em::1.10.1,General Aptitude,Analytical Aptitude,General Aptitude,False,canonical form
em::1.12.11,General Aptitude,Analytical Aptitude,General Aptitude,False,canonical form
em::2.0.21,Mathematics,Calculus,Engineering Mathematics,True,fallback for non-discrete-math topics; see TOPIC_OVERRIDES for the Discrete-Math split
em::2.16.13,Mathematics,Calculus,Engineering Mathematics,True,fallback for non-discrete-math topics; see TOPIC_OVERRIDES for the Discrete-Math split
em::3.0.1,Mathematics,Linear Algebra,Engineering Mathematics,True,fallback for non-discrete-math topics; see TOPIC_OVERRIDES for the Discrete-Math split
em::5.38.3,General Aptitude,Quantitative Aptitude,General Aptitude,False,canonical form
em::6.0.2,General Aptitude,Spatial Aptitude,General Aptitude,False,canonical form
em::6.0.3,General Aptitude,Spatial Aptitude,General Aptitude,False,canonical form
em::6.0.5,General Aptitude,Spatial Aptitude,General Aptitude,False,canonical form
em::6.0.6,General Aptitude,Spatial Aptitude,General Aptitude,False,canonical form
em::6.0.7,General Aptitude,Spatial Aptitude,General Aptitude,False,canonical form
em::6.0.8,General Aptitude,Spatial Aptitude,General Aptitude,False,canonical form
em::6.0.9,General Aptitude,Spatial Aptitude,General Aptitude,False,canonical form
em::6.0.11,General Aptitude,Spatial Aptitude,General Aptitude,False,canonical form
em::6.1.1,General Aptitude,Spatial Aptitude,General Aptitude,False,canonical form
em::6.1.2,General Aptitude,Spatial Aptitude,General Aptitude,False,canonical form
em::6.1.3,General Aptitude,Spatial Aptitude,General Aptitude,False,canonical form
em::6.1.4,General Aptitude,Spatial Aptitude,General Aptitude,False,canonical form
em::6.1.5,General Aptitude,Spatial Aptitude,General Aptitude,False,canonical form
em::6.1.6,General Aptitude,Spatial Aptitude,General Aptitude,False,canonical form
em::6.1.7,General Aptitude,Spatial Aptitude,General Aptitude,False,canonical form
em::6.1.8,General Aptitude,Spatial Aptitude,General Aptitude,False,canonical form
em::6.2.1,General Aptitude,Spatial Aptitude,General Aptitude,False,canonical form
em::6.2.2,General Aptitude,Spatial Aptitude,General Aptitude,False,canonical form
em::6.2.3,General Aptitude,Spatial Aptitude,General Aptitude,False,canonical form
em::6.3.2,General Aptitude,Spatial Aptitude,General Aptitude,False,canonical form
em::6.4.1,General Aptitude,Spatial Aptitude,General Aptitude,False,canonical form
em::6.5.1,General Aptitude,Spatial Aptitude,General Aptitude,False,canonical form
em::6.6.1,General Aptitude,Spatial Aptitude,General Aptitude,False,canonical form
isro_w_cover::1.10.1,Programming and Data Structure,Algorithms,Programming and Data Structures,False,case/pluralization dupe
isro_w_cover::1.13.3,Programming and Data Structure,Algorithms,Programming and Data Structures,False,case/pluralization dupe
isro_w_cover::1.18.1,Programming and Data Structure,Algorithms,Programming and Data Structures,False,case/pluralization dupe
isro_w_cover::3.9.2,Computer Organization and Architecture,Floating Point Representation,Computer Organization and Architecture,False,canonical form
isro_w_cover::3.13.3,Computer Organization and Architecture,Machine Instruction,Computer Organization and Architecture,False,canonical form
isro_w_cover::3.19.3,Computer Organization and Architecture,Pipelining,Computer Organization and Architecture,False,canonical form
isro_w_cover::7.18.4,Databases,SQL,Databases,False,canonical form
isro_w_cover::7.18.11,Databases,SQL,Databases,False,canonical form
isro_w_cover::7.19.6,Databases,Transaction and Concurrency,Databases,False,canonical form
isro_w_cover::8.0.4,Digital Logic,Combinational Circuits,Digital Logic,False,canonical form
isro_w_cover::8.3.10,Digital Logic,Boolean Algebra,Digital Logic,False,canonical form
isro_w_cover::8.7.1,Digital Logic,Circuit Output,Digital Logic,False,canonical form
isro_w_cover::8.7.2,Digital Logic,Circuit Output,Digital Logic,False,canonical form
isro_w_cover::8.7.4,Digital Logic,Circuit Output,Digital Logic,False,canonical form
isro_w_cover::8.7.5,Digital Logic,Circuit Output,Digital Logic,False,canonical form
isro_w_cover::8.7.6,Digital Logic,Circuit Output,Digital Logic,False,canonical form
isro_w_cover::8.7.7,Digital Logic,Circuit Output,Digital Logic,False,canonical form
isro_w_cover::8.7.9,Digital Logic,Circuit Output,Digital Logic,False,canonical form
isro_w_cover::8.7.10,Digital Logic,Circuit Output,Digital Logic,False,canonical form
isro_w_cover::8.7.13,Digital Logic,Circuit Output,Digital Logic,False,canonical form
isro_w_cover::8.7.14,Digital Logic,Circuit Output,Digital Logic,False,canonical form
isro_w_cover::8.8.1,Digital Logic,Combinational Circuit,Digital Logic,False,canonical form
isro_w_cover::8.12.5,Digital Logic,Flip Flop,Digital Logic,False,canonical form
isro_w_cover::10.4.5,Discrete Mathematics,Graph Theory,Discrete Mathematics,False,"canonical form, kept distinct (large, coherent bucket)"
isro_w_cover::15.10.1,Engineering Mathematics,Probability,Engineering Mathematics,False,canonical form
isro_w_cover::16.0.2,General Aptitude,Analytical Aptitude,General Aptitude,False,canonical form
isro_w_cover::16.0.3,General Aptitude,Analytical Aptitude,General Aptitude,False,canonical form
isro_w_cover::16.0.4,General Aptitude,Analytical Aptitude,General Aptitude,False,canonical form
isro_w_cover::16.0.5,General Aptitude,Analytical Aptitude,General Aptitude,False,canonical form
isro_w_cover::16.1.1,General Aptitude,Analytical Aptitude,General Aptitude,False,canonical form
isro_w_cover::17.5.1,General Aptitude,Quantitative Aptitude,General Aptitude,False,canonical form
isro_w_cover::18.0.1,General Aptitude,Spatial Aptitude,General Aptitude,False,canonical form
isro_w_cover::18.0.2,General Aptitude,Spatial Aptitude,General Aptitude,False,canonical form
isro_w_cover::27.2.1,Mathematics,Geometry,Engineering Mathematics,True,fallback for non-discrete-math topics; see TOPIC_OVERRIDES for the Discrete-Math split
isro_w_cover::29.2.1,Computer Science,Software Engineering,Computer Science (Miscellaneous),True,mixed grab-bag: Software Eng/OOP/Java/Graphics/Web/Cloud topics; not force-merged into any single GATE subject
isro_w_cover::29.2.2,Computer Science,Software Engineering,Computer Science (Miscellaneous),True,mixed grab-bag: Software Eng/OOP/Java/Graphics/Web/Cloud topics; not force-merged into any single GATE subject
isro_w_cover::29.5.1,Computer Science,Software Engineering,Computer Science (Miscellaneous),True,mixed grab-bag: Software Eng/OOP/Java/Graphics/Web/Cloud topics; not force-merged into any single GATE subject
isro_w_cover::36.21.10,Operating System,Process Scheduling,Operating Systems,False,case/pluralization dupe
isro_w_cover::36.21.11,Operating System,Process Scheduling,Operating Systems,False,case/pluralization dupe
isro_w_cover::36.21.18,Operating System,Process Scheduling,Operating Systems,False,case/pluralization dupe
isro_w_cover::36.22.2,Operating System,Process Synchronization,Operating Systems,False,case/pluralization dupe
isro_w_cover::36.25.9,Operating System,Resource Allocation,Operating Systems,False,case/pluralization dupe
isro_w_cover::36.25.10,Operating System,Resource Allocation,Operating Systems,False,case/pluralization dupe
isro_w_cover::36.26.1,Compiler Design,Runtime Environment,Compiler Design,False,canonical form
isro_w_cover::36.32.5,Operating System,Memory Management,Operating Systems,False,case/pluralization dupe
isro_w_cover::38.4.6,Programming and Data Structure,Data Structures,Programming and Data Structures,False,case/pluralization dupe
isro_w_cover::38.4.7,Programming and Data Structure,Data Structures,Programming and Data Structures,False,case/pluralization dupe
isro_w_cover::38.4.8,Programming and Data Structure,Data Structures,Programming and Data Structures,False,case/pluralization dupe
isro_w_cover::38.16.3,Programming and Data Structure,Data Structures,Programming and Data Structures,False,case/pluralization dupe
isro_w_cover::40.5.3,Theory of Computation,Finite Automata,Theory of Computation,False,canonical form
volume1::2.3.11,Discrete Mathematics,Graph Theory,Discrete Mathematics,False,"canonical form, kept distinct (large, coherent bucket)"
volume1::2.3.2,Discrete Mathematics,Graph Theory,Discrete Mathematics,False,"canonical form, kept distinct (large, coherent bucket)"
volume1::2.3.5,Discrete Mathematics,Graph Theory,Discrete Mathematics,False,"canonical form, kept distinct (large, coherent bucket)"
volume1::2.3.9,Discrete Mathematics,Graph Theory,Discrete Mathematics,False,"canonical form, kept distinct (large, coherent bucket)"
volume1::2.4.11,Discrete Mathematics,Graph Theory,Discrete Mathematics,False,"canonical form, kept distinct (large, coherent bucket)"
volume1::2.4.2,Discrete Mathematics,Graph Theory,Discrete Mathematics,False,"canonical form, kept distinct (large, coherent bucket)"
volume1::2.4.27,Discrete Mathematics,Graph Theory,Discrete Mathematics,False,"canonical form, kept distinct (large, coherent bucket)"
volume1::2.5.1,Discrete Mathematics,Graph Theory,Discrete Mathematics,False,"canonical form, kept distinct (large, coherent bucket)"
volume1::2.7.7,Discrete Mathematics,Graph Theory,Discrete Mathematics,False,"canonical form, kept distinct (large, coherent bucket)"
volume1::3.3.26,Discrete Mathematics,Mathematical Logic,Discrete Mathematics,False,"canonical form, kept distinct (large, coherent bucket)"
volume1::4.1.3,Discrete Mathematics,Set Theory & Algebra,Discrete Mathematics,False,"canonical form, kept distinct (large, coherent bucket)"
volume1::4.1.4,Discrete Mathematics,Set Theory & Algebra,Discrete Mathematics,False,"canonical form, kept distinct (large, coherent bucket)"
volume1::4.1.6,Discrete Mathematics,Set Theory & Algebra,Discrete Mathematics,False,"canonical form, kept distinct (large, coherent bucket)"
volume1::4.10.8,Discrete Mathematics,Set Theory & Algebra,Discrete Mathematics,False,"canonical form, kept distinct (large, coherent bucket)"
volume1::4.12.15,Discrete Mathematics,Set Theory & Algebra,Discrete Mathematics,False,"canonical form, kept distinct (large, coherent bucket)"
volume1::4.4.16,Discrete Mathematics,Set Theory & Algebra,Discrete Mathematics,False,"canonical form, kept distinct (large, coherent bucket)"
volume1::4.4.22,Discrete Mathematics,Set Theory & Algebra,Discrete Mathematics,False,"canonical form, kept distinct (large, coherent bucket)"
volume1::4.6.1,Discrete Mathematics,Set Theory & Algebra,Discrete Mathematics,False,"canonical form, kept distinct (large, coherent bucket)"
volume1::4.6.5,Discrete Mathematics,Set Theory & Algebra,Discrete Mathematics,False,"canonical form, kept distinct (large, coherent bucket)"
volume1::4.6.8,Discrete Mathematics,Set Theory & Algebra,Discrete Mathematics,False,"canonical form, kept distinct (large, coherent bucket)"
volume1::4.6.9,Discrete Mathematics,Set Theory & Algebra,Discrete Mathematics,False,"canonical form, kept distinct (large, coherent bucket)"
volume1::6.11.12,Mathematics,Linear Algebra,Engineering Mathematics,True,fallback for non-discrete-math topics; see TOPIC_OVERRIDES for the Discrete-Math split
volume1::6.2.10,Mathematics,Linear Algebra,Engineering Mathematics,True,fallback for non-discrete-math topics; see TOPIC_OVERRIDES for the Discrete-Math split
volume1::6.2.3,Mathematics,Linear Algebra,Engineering Mathematics,True,fallback for non-discrete-math topics; see TOPIC_OVERRIDES for the Discrete-Math split
volume1::6.3.25,Mathematics,Linear Algebra,Engineering Mathematics,True,fallback for non-discrete-math topics; see TOPIC_OVERRIDES for the Discrete-Math split
volume1::7.2.2,Mathematics,Probability,Engineering Mathematics,True,fallback for non-discrete-math topics; see TOPIC_OVERRIDES for the Discrete-Math split
volume1::7.5.11,Mathematics,Probability,Engineering Mathematics,True,fallback for non-discrete-math topics; see TOPIC_OVERRIDES for the Discrete-Math split
volume1::7.5.12,Mathematics,Probability,Engineering Mathematics,True,fallback for non-discrete-math topics; see TOPIC_OVERRIDES for the Discrete-Math split
volume1::8.10.1,General Aptitude,Analytical Aptitude,General Aptitude,False,canonical form
volume1::8.10.2,General Aptitude,Analytical Aptitude,General Aptitude,False,canonical form
volume1::8.10.3,General Aptitude,Analytical Aptitude,General Aptitude,False,canonical form
volume1::8.4.1,General Aptitude,Analytical Aptitude,General Aptitude,False,canonical form
volume1::8.5.3,General Aptitude,Analytical Aptitude,General Aptitude,False,canonical form
volume1::8.5.6,General Aptitude,Analytical Aptitude,General Aptitude,False,canonical form
volume1::8.9.1,General Aptitude,Analytical Aptitude,General Aptitude,False,canonical form
volume1::8.9.2,General Aptitude,Analytical Aptitude,General Aptitude,False,canonical form
volume1::8.9.30,General Aptitude,Analytical Aptitude,General Aptitude,False,canonical form
volume1::8.9.35,General Aptitude,Analytical Aptitude,General Aptitude,False,canonical form
volume1::8.9.8,General Aptitude,Analytical Aptitude,General Aptitude,False,canonical form
volume1::8.9.9,General Aptitude,Analytical Aptitude,General Aptitude,False,canonical form
volume1::9.28.2,General Aptitude,Quantitative Aptitude,General Aptitude,False,canonical form
volume1::9.45.11,General Aptitude,Quantitative Aptitude,General Aptitude,False,canonical form
volume2::1.0.1,Algorithms,Graph Algorithms,Algorithms,False,canonical form (kept distinct from PDS per GATE syllabus)
volume2::1.13.8,Algorithms,Graph Algorithms,Algorithms,False,canonical form (kept distinct from PDS per GATE syllabus)
volume2::1.14.10,Algorithms,Graph Search,Algorithms,False,canonical form (kept distinct from PDS per GATE syllabus)
volume2::1.14.13,Algorithms,Graph Search,Algorithms,False,canonical form (kept distinct from PDS per GATE syllabus)
volume2::1.14.7,Algorithms,Graph Search,Algorithms,False,canonical form (kept distinct from PDS per GATE syllabus)
volume2::1.16.1,Algorithms,Hashing,Algorithms,False,canonical form (kept distinct from PDS per GATE syllabus)
volume2::1.16.4,Algorithms,Hashing,Algorithms,False,canonical form (kept distinct from PDS per GATE syllabus)
volume2::1.24.11,Algorithms,Graph Algorithms,Algorithms,False,canonical form (kept distinct from PDS per GATE syllabus)
volume2::1.24.13,Algorithms,Graph Algorithms,Algorithms,False,canonical form (kept distinct from PDS per GATE syllabus)
volume2::1.24.16,Algorithms,Graph Algorithms,Algorithms,False,canonical form (kept distinct from PDS per GATE syllabus)
volume2::1.24.17,Algorithms,Graph Algorithms,Algorithms,False,canonical form (kept distinct from PDS per GATE syllabus)
volume2::1.24.19,Algorithms,Graph Algorithms,Algorithms,False,canonical form (kept distinct from PDS per GATE syllabus)
volume2::1.24.20,Algorithms,Graph Algorithms,Algorithms,False,canonical form (kept distinct from PDS per GATE syllabus)
volume2::1.24.25,Algorithms,Graph Algorithms,Algorithms,False,canonical form (kept distinct from PDS per GATE syllabus)
volume2::1.24.28,Algorithms,Graph Algorithms,Algorithms,False,canonical form (kept distinct from PDS per GATE syllabus)
volume2::1.24.3,Algorithms,Graph Algorithms,Algorithms,False,canonical form (kept distinct from PDS per GATE syllabus)
volume2::1.24.32,Algorithms,Graph Algorithms,Algorithms,False,canonical form (kept distinct from PDS per GATE syllabus)
volume2::1.24.33,Algorithms,Graph Algorithms,Algorithms,False,canonical form (kept distinct from PDS per GATE syllabus)
volume2::1.24.8,Algorithms,Graph Algorithms,Algorithms,False,canonical form (kept distinct from PDS per GATE syllabus)
volume2::1.25.1,Algorithms,Graph Algorithms,Algorithms,False,canonical form (kept distinct from PDS per GATE syllabus)
volume2::1.25.2,Algorithms,Graph Algorithms,Algorithms,False,canonical form (kept distinct from PDS per GATE syllabus)
volume2::1.27.26,Algorithms,Recurrence Relation,Algorithms,False,canonical form (kept distinct from PDS per GATE syllabus)
volume2::1.30.8,Algorithms,Shortest Path,Algorithms,False,canonical form (kept distinct from PDS per GATE syllabus)
volume2::1.33.3,Algorithms,Graph Algorithms,Algorithms,False,canonical form (kept distinct from PDS per GATE syllabus)
volume2::1.35.1,Algorithms,Graph Algorithms,Algorithms,False,canonical form (kept distinct from PDS per GATE syllabus)
volume2::1.35.3,Algorithms,Graph Algorithms,Algorithms,False,canonical form (kept distinct from PDS per GATE syllabus)
volume2::1.35.4,Algorithms,Graph Algorithms,Algorithms,False,canonical form (kept distinct from PDS per GATE syllabus)
volume2::1.9.2,Algorithms,Graph Algorithms,Algorithms,False,canonical form (kept distinct from PDS per GATE syllabus)
volume2::1.9.5,Algorithms,Graph Algorithms,Algorithms,False,canonical form (kept distinct from PDS per GATE syllabus)
volume2::1.9.6,Algorithms,Graph Algorithms,Algorithms,False,canonical form (kept distinct from PDS per GATE syllabus)
volume2::10.7.13,Theory of Computation,Theory of Computation,Theory of Computation,False,canonical form
volume2::2.10.6,Computer Organization and Architecture,Instruction Execution,Computer Organization and Architecture,False,canonical form
volume2::2.11.9,Computer Organization and Architecture,Instruction Format,Computer Organization and Architecture,False,canonical form
volume2::2.14.10,Computer Organization and Architecture,Machine Instruction,Computer Organization and Architecture,False,canonical form
volume2::2.14.11,Computer Organization and Architecture,Machine Instruction,Computer Organization and Architecture,False,canonical form
volume2::2.14.12,Computer Organization and Architecture,Machine Instruction,Computer Organization and Architecture,False,canonical form
volume2::2.14.16,Computer Organization and Architecture,Machine Instruction,Computer Organization and Architecture,False,canonical form
volume2::2.14.17,Computer Organization and Architecture,Machine Instruction,Computer Organization and Architecture,False,canonical form
volume2::2.14.20,Computer Organization and Architecture,Machine Instruction,Computer Organization and Architecture,False,canonical form
volume2::2.14.4,Computer Organization and Architecture,Machine Instruction,Computer Organization and Architecture,False,canonical form
volume2::2.14.5,Computer Organization and Architecture,Machine Instruction,Computer Organization and Architecture,False,canonical form
volume2::2.14.6,Computer Organization and Architecture,Machine Instruction,Computer Organization and Architecture,False,canonical form
volume2::2.14.7,Computer Organization and Architecture,Machine Instruction,Computer Organization and Architecture,False,canonical form
volume2::2.14.9,Computer Organization and Architecture,Machine Instruction,Computer Organization and Architecture,False,canonical form
volume2::2.15.6,Computer Organization and Architecture,Memory Interfacing,Computer Organization and Architecture,False,canonical form
volume2::2.2.1,Computer Organization and Architecture,Cache Memory,Computer Organization and Architecture,False,canonical form
volume2::2.4.29,Computer Organization and Architecture,Cache Memory,Computer Organization and Architecture,False,canonical form
volume2::2.4.43,Computer Organization and Architecture,Cache Memory,Computer Organization and Architecture,False,canonical form
volume2::2.4.48,Computer Organization and Architecture,Cache Memory,Computer Organization and Architecture,False,canonical form
volume2::2.5.1,Computer Organization and Architecture,Clock Cycles,Computer Organization and Architecture,False,canonical form
volume2::2.8.2,Computer Organization and Architecture,Data Path,Computer Organization and Architecture,False,canonical form
volume2::2.8.3,Computer Organization and Architecture,Data Path,Computer Organization and Architecture,False,canonical form
volume2::2.8.4,Computer Organization and Architecture,Data Path,Computer Organization and Architecture,False,canonical form
volume2::2.8.6,Computer Organization and Architecture,Data Path,Computer Organization and Architecture,False,canonical form
volume2::3.13.1,Compiler Design,Live Variable Analysis,Compiler Design,False,canonical form
volume2::3.13.3,Compiler Design,Live Variable Analysis,Compiler Design,False,canonical form
volume2::3.17.19,Compiler Design,Parsing,Compiler Design,False,canonical form
volume2::3.17.23,Compiler Design,Parsing,Compiler Design,False,canonical form
volume2::3.18.4,Compiler Design,Register Allocation,Compiler Design,False,canonical form
volume2::3.6.2,Compiler Design,Expression Evaluation,Compiler Design,False,canonical form
volume2::5.10.2,Databases,Databases,Databases,False,canonical form
volume2::5.15.31,Databases,Databases,Databases,False,canonical form
volume2::5.18.26,Databases,Databases,Databases,False,canonical form
volume2::5.18.28,Databases,Databases,Databases,False,canonical form
volume2::5.18.30,Databases,Databases,Databases,False,canonical form
volume2::5.18.41,Databases,Databases,Databases,False,canonical form
volume2::5.18.42,Databases,Databases,Databases,False,canonical form
volume2::5.18.53,Databases,Databases,Databases,False,canonical form
volume2::5.18.57,Databases,Databases,Databases,False,canonical form
volume2::5.19.1,Databases,Databases,Databases,False,canonical form
volume2::5.19.26,Databases,Databases,Databases,False,canonical form
volume2::5.19.3,Databases,Databases,Databases,False,canonical form
volume2::6.18.1,Digital Logic,K Map,Digital Logic,False,canonical form
volume2::6.7.10,Digital Logic,Digital Logic,Digital Logic,False,canonical form
volume2::6.7.36,Digital Logic,Circuit Output,Digital Logic,False,canonical form
volume2::7.27.43,Operating System,Virtual Memory,Operating Systems,False,case/pluralization dupe
volume2::8.6.5,Data Structures,GATE DS&AI 2024,Programming and Data Structures,False,same GATE syllabus section
volume2::9.12.2,General Aptitude,Programming Paradigms,General Aptitude,False,canonical form
