run_id,algorithm,started_at,practice_category,simulator,metric_name,metric_value
6a01a6cd-ce23-46d6-a3dc-0d1fb39cd9ca,bkt_ema_epsilon_greedy,2026-08-24 09:15:23.906401+00:00,Programming & DSA,irt_generative,roc_auc,0.4977305818586952
6a01a6cd-ce23-46d6-a3dc-0d1fb39cd9ca,bkt_ema_epsilon_greedy,2026-08-24 09:15:23.906401+00:00,Programming & DSA,irt_generative,subject_concepts_touched,189.0
6a01a6cd-ce23-46d6-a3dc-0d1fb39cd9ca,bkt_ema_epsilon_greedy,2026-08-24 09:15:23.906401+00:00,Programming & DSA,irt_generative,subject_mean_true_mastery,0.5252004684461812
6a01a6cd-ce23-46d6-a3dc-0d1fb39cd9ca,bkt_ema_epsilon_greedy,2026-08-24 09:15:23.906401+00:00,Programming & DSA,irt_generative,subject_accuracy,0.6005269224436028
6a01a6cd-ce23-46d6-a3dc-0d1fb39cd9ca,bkt_ema_epsilon_greedy,2026-08-24 09:15:23.906401+00:00,Programming & DSA,irt_generative,subject_n_asked,6073.0
6a01a6cd-ce23-46d6-a3dc-0d1fb39cd9ca,bkt_ema_epsilon_greedy,2026-08-24 09:15:23.906401+00:00,Programming & DSA,irt_generative,difficulty_match_rate,0.36055
6a01a6cd-ce23-46d6-a3dc-0d1fb39cd9ca,bkt_ema_epsilon_greedy,2026-08-24 09:15:23.906401+00:00,Programming & DSA,irt_generative,repeat_rate,0.0
6a01a6cd-ce23-46d6-a3dc-0d1fb39cd9ca,bkt_ema_epsilon_greedy,2026-08-24 09:15:23.906401+00:00,Programming & DSA,irt_generative,diversity,0.0278
6a01a6cd-ce23-46d6-a3dc-0d1fb39cd9ca,bkt_ema_epsilon_greedy,2026-08-24 09:15:23.906401+00:00,Programming & DSA,irt_generative,coverage,0.9788732394366197
6a01a6cd-ce23-46d6-a3dc-0d1fb39cd9ca,bkt_ema_epsilon_greedy,2026-08-24 09:15:23.906401+00:00,Programming & DSA,irt_generative,questions_to_mastery,1.0
6a01a6cd-ce23-46d6-a3dc-0d1fb39cd9ca,bkt_ema_epsilon_greedy,2026-08-24 09:15:23.906401+00:00,Programming & DSA,irt_generative,calibration_error,0.22166835502814058
6a01a6cd-ce23-46d6-a3dc-0d1fb39cd9ca,bkt_ema_epsilon_greedy,2026-08-24 09:15:23.906401+00:00,Programming & DSA,irt_generative,log_loss,0.7707862248579558
6a01a6cd-ce23-46d6-a3dc-0d1fb39cd9ca,bkt_ema_epsilon_greedy,2026-08-24 09:15:23.906401+00:00,Programming & DSA,irt_generative,brier_score,0.2879304845846005
6a01a6cd-ce23-46d6-a3dc-0d1fb39cd9ca,bkt_ema_epsilon_greedy,2026-08-24 09:15:23.906401+00:00,Programming & DSA,irt_generative,pr_auc,0.6074778586600643
3b1b6dec-a1f8-4884-9917-4790eac9e731,bkt_ema_epsilon_greedy,2026-08-24 09:14:35.154183+00:00,Programming & DSA,bkt_generative,difficulty_match_rate,0.4693
3b1b6dec-a1f8-4884-9917-4790eac9e731,bkt_ema_epsilon_greedy,2026-08-24 09:14:35.154183+00:00,Programming & DSA,bkt_generative,roc_auc,0.5138000838045105
3b1b6dec-a1f8-4884-9917-4790eac9e731,bkt_ema_epsilon_greedy,2026-08-24 09:14:35.154183+00:00,Programming & DSA,bkt_generative,subject_concepts_touched,363.0
3b1b6dec-a1f8-4884-9917-4790eac9e731,bkt_ema_epsilon_greedy,2026-08-24 09:14:35.154183+00:00,Programming & DSA,bkt_generative,subject_mean_true_mastery,0.2988017476688694
3b1b6dec-a1f8-4884-9917-4790eac9e731,bkt_ema_epsilon_greedy,2026-08-24 09:14:35.154183+00:00,Programming & DSA,bkt_generative,subject_accuracy,0.4018490647172651
3b1b6dec-a1f8-4884-9917-4790eac9e731,bkt_ema_epsilon_greedy,2026-08-24 09:14:35.154183+00:00,Programming & DSA,bkt_generative,subject_n_asked,13953.0
3b1b6dec-a1f8-4884-9917-4790eac9e731,bkt_ema_epsilon_greedy,2026-08-24 09:14:35.154183+00:00,Programming & DSA,bkt_generative,pr_auc,0.4133233603071482
3b1b6dec-a1f8-4884-9917-4790eac9e731,bkt_ema_epsilon_greedy,2026-08-24 09:14:35.154183+00:00,Programming & DSA,bkt_generative,brier_score,0.24037616228629186
3b1b6dec-a1f8-4884-9917-4790eac9e731,bkt_ema_epsilon_greedy,2026-08-24 09:14:35.154183+00:00,Programming & DSA,bkt_generative,log_loss,0.6737449953116366
3b1b6dec-a1f8-4884-9917-4790eac9e731,bkt_ema_epsilon_greedy,2026-08-24 09:14:35.154183+00:00,Programming & DSA,bkt_generative,calibration_error,0.02105468405277244
3b1b6dec-a1f8-4884-9917-4790eac9e731,bkt_ema_epsilon_greedy,2026-08-24 09:14:35.154183+00:00,Programming & DSA,bkt_generative,questions_to_mastery,3.0
3b1b6dec-a1f8-4884-9917-4790eac9e731,bkt_ema_epsilon_greedy,2026-08-24 09:14:35.154183+00:00,Programming & DSA,bkt_generative,coverage,0.9700704225352113
3b1b6dec-a1f8-4884-9917-4790eac9e731,bkt_ema_epsilon_greedy,2026-08-24 09:14:35.154183+00:00,Programming & DSA,bkt_generative,diversity,0.02755
3b1b6dec-a1f8-4884-9917-4790eac9e731,bkt_ema_epsilon_greedy,2026-08-24 09:14:35.154183+00:00,Programming & DSA,bkt_generative,repeat_rate,0.0
a5b981e6-149b-46a9-98d7-9e1f7b600101,bkt,2026-08-24 09:11:25.225292+00:00,Programming & DSA,irt_generative,pr_auc,0.6082488919457832
a5b981e6-149b-46a9-98d7-9e1f7b600101,bkt,2026-08-24 09:11:25.225292+00:00,Programming & DSA,irt_generative,subject_concepts_touched,363.0
a5b981e6-149b-46a9-98d7-9e1f7b600101,bkt,2026-08-24 09:11:25.225292+00:00,Programming & DSA,irt_generative,subject_mean_true_mastery,0.5219268247770323
a5b981e6-149b-46a9-98d7-9e1f7b600101,bkt,2026-08-24 09:11:25.225292+00:00,Programming & DSA,irt_generative,subject_accuracy,0.6218109054527263
a5b981e6-149b-46a9-98d7-9e1f7b600101,bkt,2026-08-24 09:11:25.225292+00:00,Programming & DSA,irt_generative,subject_n_asked,13993.0
a5b981e6-149b-46a9-98d7-9e1f7b600101,bkt,2026-08-24 09:11:25.225292+00:00,Programming & DSA,irt_generative,difficulty_match_rate,0.3611
a5b981e6-149b-46a9-98d7-9e1f7b600101,bkt,2026-08-24 09:11:25.225292+00:00,Programming & DSA,irt_generative,repeat_rate,0.0
a5b981e6-149b-46a9-98d7-9e1f7b600101,bkt,2026-08-24 09:11:25.225292+00:00,Programming & DSA,irt_generative,diversity,0.0276
a5b981e6-149b-46a9-98d7-9e1f7b600101,bkt,2026-08-24 09:11:25.225292+00:00,Programming & DSA,irt_generative,coverage,0.971830985915493
a5b981e6-149b-46a9-98d7-9e1f7b600101,bkt,2026-08-24 09:11:25.225292+00:00,Programming & DSA,irt_generative,questions_to_mastery,1.0
a5b981e6-149b-46a9-98d7-9e1f7b600101,bkt,2026-08-24 09:11:25.225292+00:00,Programming & DSA,irt_generative,calibration_error,0.2259239966324531
a5b981e6-149b-46a9-98d7-9e1f7b600101,bkt,2026-08-24 09:11:25.225292+00:00,Programming & DSA,irt_generative,log_loss,0.773378810429847
a5b981e6-149b-46a9-98d7-9e1f7b600101,bkt,2026-08-24 09:11:25.225292+00:00,Programming & DSA,irt_generative,brier_score,0.28918466150381866
a5b981e6-149b-46a9-98d7-9e1f7b600101,bkt,2026-08-24 09:11:25.225292+00:00,Programming & DSA,irt_generative,roc_auc,0.491414649554463
ac8a99ce-8da1-468e-ac62-d77e8bfddd75,bkt,2026-08-24 09:10:30.680815+00:00,Programming & DSA,bkt_generative,roc_auc,0.5052286103189759
ac8a99ce-8da1-468e-ac62-d77e8bfddd75,bkt,2026-08-24 09:10:30.680815+00:00,Programming & DSA,bkt_generative,difficulty_match_rate,0.4719
ac8a99ce-8da1-468e-ac62-d77e8bfddd75,bkt,2026-08-24 09:10:30.680815+00:00,Programming & DSA,bkt_generative,repeat_rate,0.0
ac8a99ce-8da1-468e-ac62-d77e8bfddd75,bkt,2026-08-24 09:10:30.680815+00:00,Programming & DSA,bkt_generative,diversity,0.02775
ac8a99ce-8da1-468e-ac62-d77e8bfddd75,bkt,2026-08-24 09:10:30.680815+00:00,Programming & DSA,bkt_generative,coverage,0.977112676056338
ac8a99ce-8da1-468e-ac62-d77e8bfddd75,bkt,2026-08-24 09:10:30.680815+00:00,Programming & DSA,bkt_generative,questions_to_mastery,3.0
ac8a99ce-8da1-468e-ac62-d77e8bfddd75,bkt,2026-08-24 09:10:30.680815+00:00,Programming & DSA,bkt_generative,calibration_error,0.02776860602641512
ac8a99ce-8da1-468e-ac62-d77e8bfddd75,bkt,2026-08-24 09:10:30.680815+00:00,Programming & DSA,bkt_generative,log_loss,0.6764246261978928
ac8a99ce-8da1-468e-ac62-d77e8bfddd75,bkt,2026-08-24 09:10:30.680815+00:00,Programming & DSA,bkt_generative,subject_concepts_touched,188.0
ac8a99ce-8da1-468e-ac62-d77e8bfddd75,bkt,2026-08-24 09:10:30.680815+00:00,Programming & DSA,bkt_generative,subject_mean_true_mastery,0.2981779022831276
ac8a99ce-8da1-468e-ac62-d77e8bfddd75,bkt,2026-08-24 09:10:30.680815+00:00,Programming & DSA,bkt_generative,subject_accuracy,0.40214477211796246
ac8a99ce-8da1-468e-ac62-d77e8bfddd75,bkt,2026-08-24 09:10:30.680815+00:00,Programming & DSA,bkt_generative,subject_n_asked,5968.0
ac8a99ce-8da1-468e-ac62-d77e8bfddd75,bkt,2026-08-24 09:10:30.680815+00:00,Programming & DSA,bkt_generative,brier_score,0.2416696690764494
ac8a99ce-8da1-468e-ac62-d77e8bfddd75,bkt,2026-08-24 09:10:30.680815+00:00,Programming & DSA,bkt_generative,pr_auc,0.4125595039705328
68306180-94d5-42c0-b236-c0f02eb19d96,ema_only,2026-08-24 09:07:25.101952+00:00,Programming & DSA,irt_generative,subject_accuracy,0.6103170691637917
68306180-94d5-42c0-b236-c0f02eb19d96,ema_only,2026-08-24 09:07:25.101952+00:00,Programming & DSA,irt_generative,roc_auc,0.5019689744730129
68306180-94d5-42c0-b236-c0f02eb19d96,ema_only,2026-08-24 09:07:25.101952+00:00,Programming & DSA,irt_generative,pr_auc,0.6089426234439099
68306180-94d5-42c0-b236-c0f02eb19d96,ema_only,2026-08-24 09:07:25.101952+00:00,Programming & DSA,irt_generative,brier_score,0.25011541000000004
68306180-94d5-42c0-b236-c0f02eb19d96,ema_only,2026-08-24 09:07:25.101952+00:00,Programming & DSA,irt_generative,log_loss,0.6933992410300683
68306180-94d5-42c0-b236-c0f02eb19d96,ema_only,2026-08-24 09:07:25.101952+00:00,Programming & DSA,irt_generative,calibration_error,0.10900100000000003
68306180-94d5-42c0-b236-c0f02eb19d96,ema_only,2026-08-24 09:07:25.101952+00:00,Programming & DSA,irt_generative,questions_to_mastery,1.0
68306180-94d5-42c0-b236-c0f02eb19d96,ema_only,2026-08-24 09:07:25.101952+00:00,Programming & DSA,irt_generative,coverage,0.9735915492957746
68306180-94d5-42c0-b236-c0f02eb19d96,ema_only,2026-08-24 09:07:25.101952+00:00,Programming & DSA,irt_generative,diversity,0.02765
68306180-94d5-42c0-b236-c0f02eb19d96,ema_only,2026-08-24 09:07:25.101952+00:00,Programming & DSA,irt_generative,repeat_rate,0.0
68306180-94d5-42c0-b236-c0f02eb19d96,ema_only,2026-08-24 09:07:25.101952+00:00,Programming & DSA,irt_generative,difficulty_match_rate,0.35865
68306180-94d5-42c0-b236-c0f02eb19d96,ema_only,2026-08-24 09:07:25.101952+00:00,Programming & DSA,irt_generative,subject_n_asked,6087.0
68306180-94d5-42c0-b236-c0f02eb19d96,ema_only,2026-08-24 09:07:25.101952+00:00,Programming & DSA,irt_generative,subject_mean_true_mastery,0.5275726519090841
68306180-94d5-42c0-b236-c0f02eb19d96,ema_only,2026-08-24 09:07:25.101952+00:00,Programming & DSA,irt_generative,subject_concepts_touched,187.0
b96ad7db-87e6-4547-b34e-4468007d286b,ema_only,2026-08-24 09:06:25.415619+00:00,Programming & DSA,bkt_generative,roc_auc,0.5061027456383633
b96ad7db-87e6-4547-b34e-4468007d286b,ema_only,2026-08-24 09:06:25.415619+00:00,Programming & DSA,bkt_generative,repeat_rate,0.0
b96ad7db-87e6-4547-b34e-4468007d286b,ema_only,2026-08-24 09:06:25.415619+00:00,Programming & DSA,bkt_generative,diversity,0.0273
b96ad7db-87e6-4547-b34e-4468007d286b,ema_only,2026-08-24 09:06:25.415619+00:00,Programming & DSA,bkt_generative,subject_concepts_touched,178.0
b96ad7db-87e6-4547-b34e-4468007d286b,ema_only,2026-08-24 09:06:25.415619+00:00,Programming & DSA,bkt_generative,subject_mean_true_mastery,0.2994562322210432
b96ad7db-87e6-4547-b34e-4468007d286b,ema_only,2026-08-24 09:06:25.415619+00:00,Programming & DSA,bkt_generative,subject_accuracy,0.4067881625146297
b96ad7db-87e6-4547-b34e-4468007d286b,ema_only,2026-08-24 09:06:25.415619+00:00,Programming & DSA,bkt_generative,subject_n_asked,5981.0
b96ad7db-87e6-4547-b34e-4468007d286b,ema_only,2026-08-24 09:06:25.415619+00:00,Programming & DSA,bkt_generative,coverage,0.9612676056338029
b96ad7db-87e6-4547-b34e-4468007d286b,ema_only,2026-08-24 09:06:25.415619+00:00,Programming & DSA,bkt_generative,questions_to_mastery,3.0
b96ad7db-87e6-4547-b34e-4468007d286b,ema_only,2026-08-24 09:06:25.415619+00:00,Programming & DSA,bkt_generative,calibration_error,0.09110167500000002
b96ad7db-87e6-4547-b34e-4468007d286b,ema_only,2026-08-24 09:06:25.415619+00:00,Programming & DSA,bkt_generative,log_loss,0.6916584631143263
b96ad7db-87e6-4547-b34e-4468007d286b,ema_only,2026-08-24 09:06:25.415619+00:00,Programming & DSA,bkt_generative,brier_score,0.24926589186250003
b96ad7db-87e6-4547-b34e-4468007d286b,ema_only,2026-08-24 09:06:25.415619+00:00,Programming & DSA,bkt_generative,pr_auc,0.41200941483972214
b96ad7db-87e6-4547-b34e-4468007d286b,ema_only,2026-08-24 09:06:25.415619+00:00,Programming & DSA,bkt_generative,difficulty_match_rate,0.47575
34aa4277-83d8-4e0c-bc7e-9f02f4af54b7,rule_weakest_topic,2026-08-24 09:02:44.102155+00:00,Programming & DSA,irt_generative,calibration_error,0.03323385282439568
34aa4277-83d8-4e0c-bc7e-9f02f4af54b7,rule_weakest_topic,2026-08-24 09:02:44.102155+00:00,Programming & DSA,irt_generative,roc_auc,0.5157775949499769
34aa4277-83d8-4e0c-bc7e-9f02f4af54b7,rule_weakest_topic,2026-08-24 09:02:44.102155+00:00,Programming & DSA,irt_generative,pr_auc,0.5849879392626472
34aa4277-83d8-4e0c-bc7e-9f02f4af54b7,rule_weakest_topic,2026-08-24 09:02:44.102155+00:00,Programming & DSA,irt_generative,subject_n_asked,16193.0
34aa4277-83d8-4e0c-bc7e-9f02f4af54b7,rule_weakest_topic,2026-08-24 09:02:44.102155+00:00,Programming & DSA,irt_generative,difficulty_match_rate,0.38085
34aa4277-83d8-4e0c-bc7e-9f02f4af54b7,rule_weakest_topic,2026-08-24 09:02:44.102155+00:00,Programming & DSA,irt_generative,repeat_rate,0.0
34aa4277-83d8-4e0c-bc7e-9f02f4af54b7,rule_weakest_topic,2026-08-24 09:02:44.102155+00:00,Programming & DSA,irt_generative,diversity,0.0284
34aa4277-83d8-4e0c-bc7e-9f02f4af54b7,rule_weakest_topic,2026-08-24 09:02:44.102155+00:00,Programming & DSA,irt_generative,coverage,1.0
34aa4277-83d8-4e0c-bc7e-9f02f4af54b7,rule_weakest_topic,2026-08-24 09:02:44.102155+00:00,Programming & DSA,irt_generative,questions_to_mastery,1.0
34aa4277-83d8-4e0c-bc7e-9f02f4af54b7,rule_weakest_topic,2026-08-24 09:02:44.102155+00:00,Programming & DSA,irt_generative,subject_accuracy,0.5822886432409066
34aa4277-83d8-4e0c-bc7e-9f02f4af54b7,rule_weakest_topic,2026-08-24 09:02:44.102155+00:00,Programming & DSA,irt_generative,log_loss,0.6809242212214205
34aa4277-83d8-4e0c-bc7e-9f02f4af54b7,rule_weakest_topic,2026-08-24 09:02:44.102155+00:00,Programming & DSA,irt_generative,brier_score,0.24362149872017103
34aa4277-83d8-4e0c-bc7e-9f02f4af54b7,rule_weakest_topic,2026-08-24 09:02:44.102155+00:00,Programming & DSA,irt_generative,subject_mean_true_mastery,0.5164194850815204
34aa4277-83d8-4e0c-bc7e-9f02f4af54b7,rule_weakest_topic,2026-08-24 09:02:44.102155+00:00,Programming & DSA,irt_generative,subject_concepts_touched,369.0
39feaa31-0a65-4853-ba88-c95064b694d0,rule_weakest_topic,2026-08-24 09:02:19.282020+00:00,Programming & DSA,bkt_generative,repeat_rate,0.0
39feaa31-0a65-4853-ba88-c95064b694d0,rule_weakest_topic,2026-08-24 09:02:19.282020+00:00,Programming & DSA,bkt_generative,difficulty_match_rate,0.44135
39feaa31-0a65-4853-ba88-c95064b694d0,rule_weakest_topic,2026-08-24 09:02:19.282020+00:00,Programming & DSA,bkt_generative,subject_n_asked,16663.0
39feaa31-0a65-4853-ba88-c95064b694d0,rule_weakest_topic,2026-08-24 09:02:19.282020+00:00,Programming & DSA,bkt_generative,subject_accuracy,0.38444457780711755
39feaa31-0a65-4853-ba88-c95064b694d0,rule_weakest_topic,2026-08-24 09:02:19.282020+00:00,Programming & DSA,bkt_generative,subject_mean_true_mastery,0.27022257487493556
39feaa31-0a65-4853-ba88-c95064b694d0,rule_weakest_topic,2026-08-24 09:02:19.282020+00:00,Programming & DSA,bkt_generative,subject_concepts_touched,368.0
39feaa31-0a65-4853-ba88-c95064b694d0,rule_weakest_topic,2026-08-24 09:02:19.282020+00:00,Programming & DSA,bkt_generative,roc_auc,0.4917636825928442
39feaa31-0a65-4853-ba88-c95064b694d0,rule_weakest_topic,2026-08-24 09:02:19.282020+00:00,Programming & DSA,bkt_generative,pr_auc,0.3829766409049644
39feaa31-0a65-4853-ba88-c95064b694d0,rule_weakest_topic,2026-08-24 09:02:19.282020+00:00,Programming & DSA,bkt_generative,brier_score,0.2375284860560456
39feaa31-0a65-4853-ba88-c95064b694d0,rule_weakest_topic,2026-08-24 09:02:19.282020+00:00,Programming & DSA,bkt_generative,log_loss,0.6685764077977595
39feaa31-0a65-4853-ba88-c95064b694d0,rule_weakest_topic,2026-08-24 09:02:19.282020+00:00,Programming & DSA,bkt_generative,calibration_error,0.0018702168562681582
39feaa31-0a65-4853-ba88-c95064b694d0,rule_weakest_topic,2026-08-24 09:02:19.282020+00:00,Programming & DSA,bkt_generative,questions_to_mastery,3.671698113207547
39feaa31-0a65-4853-ba88-c95064b694d0,rule_weakest_topic,2026-08-24 09:02:19.282020+00:00,Programming & DSA,bkt_generative,coverage,0.9982394366197183
39feaa31-0a65-4853-ba88-c95064b694d0,rule_weakest_topic,2026-08-24 09:02:19.282020+00:00,Programming & DSA,bkt_generative,diversity,0.02835
6d6907a5-b163-4b97-b05a-f90dba4595d3,random,2026-08-24 09:00:55.125532+00:00,Programming & DSA,irt_generative,roc_auc,0.5159992346905976
6d6907a5-b163-4b97-b05a-f90dba4595d3,random,2026-08-24 09:00:55.125532+00:00,Programming & DSA,irt_generative,pr_auc,0.5646258288391772
6d6907a5-b163-4b97-b05a-f90dba4595d3,random,2026-08-24 09:00:55.125532+00:00,Programming & DSA,irt_generative,brier_score,0.2464896224941259
6d6907a5-b163-4b97-b05a-f90dba4595d3,random,2026-08-24 09:00:55.125532+00:00,Programming & DSA,irt_generative,log_loss,0.6867025358911849
6d6907a5-b163-4b97-b05a-f90dba4595d3,random,2026-08-24 09:00:55.125532+00:00,Programming & DSA,irt_generative,calibration_error,0.03365642274634965
6d6907a5-b163-4b97-b05a-f90dba4595d3,random,2026-08-24 09:00:55.125532+00:00,Programming & DSA,irt_generative,questions_to_mastery,1.0
6d6907a5-b163-4b97-b05a-f90dba4595d3,random,2026-08-24 09:00:55.125532+00:00,Programming & DSA,irt_generative,coverage,1.0
6d6907a5-b163-4b97-b05a-f90dba4595d3,random,2026-08-24 09:00:55.125532+00:00,Programming & DSA,irt_generative,diversity,0.0284
6d6907a5-b163-4b97-b05a-f90dba4595d3,random,2026-08-24 09:00:55.125532+00:00,Programming & DSA,irt_generative,repeat_rate,0.0
6d6907a5-b163-4b97-b05a-f90dba4595d3,random,2026-08-24 09:00:55.125532+00:00,Programming & DSA,irt_generative,difficulty_match_rate,0.3616
6d6907a5-b163-4b97-b05a-f90dba4595d3,random,2026-08-24 09:00:55.125532+00:00,Programming & DSA,irt_generative,subject_accuracy,0.5643085807545039
6d6907a5-b163-4b97-b05a-f90dba4595d3,random,2026-08-24 09:00:55.125532+00:00,Programming & DSA,irt_generative,subject_n_asked,15931.0
6d6907a5-b163-4b97-b05a-f90dba4595d3,random,2026-08-24 09:00:55.125532+00:00,Programming & DSA,irt_generative,subject_mean_true_mastery,0.5222934031844639
6d6907a5-b163-4b97-b05a-f90dba4595d3,random,2026-08-24 09:00:55.125532+00:00,Programming & DSA,irt_generative,subject_concepts_touched,369.0
55eac702-cedb-476f-991c-c05f6e140829,random,2026-08-24 09:00:29.460001+00:00,Programming & DSA,bkt_generative,subject_mean_true_mastery,0.34158346096429076
55eac702-cedb-476f-991c-c05f6e140829,random,2026-08-24 09:00:29.460001+00:00,Programming & DSA,bkt_generative,brier_score,0.24651710310339373
55eac702-cedb-476f-991c-c05f6e140829,random,2026-08-24 09:00:29.460001+00:00,Programming & DSA,bkt_generative,log_loss,0.6867493178701517
55eac702-cedb-476f-991c-c05f6e140829,random,2026-08-24 09:00:29.460001+00:00,Programming & DSA,bkt_generative,calibration_error,0.000846709793170192
55eac702-cedb-476f-991c-c05f6e140829,random,2026-08-24 09:00:29.460001+00:00,Programming & DSA,bkt_generative,questions_to_mastery,3.2879377431906613
55eac702-cedb-476f-991c-c05f6e140829,random,2026-08-24 09:00:29.460001+00:00,Programming & DSA,bkt_generative,coverage,1.0
55eac702-cedb-476f-991c-c05f6e140829,random,2026-08-24 09:00:29.460001+00:00,Programming & DSA,bkt_generative,diversity,0.0284
55eac702-cedb-476f-991c-c05f6e140829,random,2026-08-24 09:00:29.460001+00:00,Programming & DSA,bkt_generative,repeat_rate,0.0
55eac702-cedb-476f-991c-c05f6e140829,random,2026-08-24 09:00:29.460001+00:00,Programming & DSA,bkt_generative,difficulty_match_rate,0.3223
55eac702-cedb-476f-991c-c05f6e140829,random,2026-08-24 09:00:29.460001+00:00,Programming & DSA,bkt_generative,subject_n_asked,15916.0
55eac702-cedb-476f-991c-c05f6e140829,random,2026-08-24 09:00:29.460001+00:00,Programming & DSA,bkt_generative,subject_concepts_touched,199.0
55eac702-cedb-476f-991c-c05f6e140829,random,2026-08-24 09:00:29.460001+00:00,Programming & DSA,bkt_generative,subject_accuracy,0.41821743388834476
55eac702-cedb-476f-991c-c05f6e140829,random,2026-08-24 09:00:29.460001+00:00,Programming & DSA,bkt_generative,pr_auc,0.43191877190339656
55eac702-cedb-476f-991c-c05f6e140829,random,2026-08-24 09:00:29.460001+00:00,Programming & DSA,bkt_generative,roc_auc,0.48993322520331806
c141c68c-5300-4a71-9579-6e72add054ba,bkt_ema_epsilon_greedy,2026-08-24 08:57:50.865268+00:00,Engineering Mathematics,irt_generative,log_loss,0.8487115378273428
c141c68c-5300-4a71-9579-6e72add054ba,bkt_ema_epsilon_greedy,2026-08-24 08:57:50.865268+00:00,Engineering Mathematics,irt_generative,calibration_error,0.2818714854102132
c141c68c-5300-4a71-9579-6e72add054ba,bkt_ema_epsilon_greedy,2026-08-24 08:57:50.865268+00:00,Engineering Mathematics,irt_generative,questions_to_mastery,1.0
c141c68c-5300-4a71-9579-6e72add054ba,bkt_ema_epsilon_greedy,2026-08-24 08:57:50.865268+00:00,Engineering Mathematics,irt_generative,coverage,1.0
c141c68c-5300-4a71-9579-6e72add054ba,bkt_ema_epsilon_greedy,2026-08-24 08:57:50.865268+00:00,Engineering Mathematics,irt_generative,diversity,0.01465
c141c68c-5300-4a71-9579-6e72add054ba,bkt_ema_epsilon_greedy,2026-08-24 08:57:50.865268+00:00,Engineering Mathematics,irt_generative,repeat_rate,0.0
c141c68c-5300-4a71-9579-6e72add054ba,bkt_ema_epsilon_greedy,2026-08-24 08:57:50.865268+00:00,Engineering Mathematics,irt_generative,difficulty_match_rate,0.3582
c141c68c-5300-4a71-9579-6e72add054ba,bkt_ema_epsilon_greedy,2026-08-24 08:57:50.865268+00:00,Engineering Mathematics,irt_generative,subject_n_asked,12265.0
c141c68c-5300-4a71-9579-6e72add054ba,bkt_ema_epsilon_greedy,2026-08-24 08:57:50.865268+00:00,Engineering Mathematics,irt_generative,brier_score,0.32232943437293216
c141c68c-5300-4a71-9579-6e72add054ba,bkt_ema_epsilon_greedy,2026-08-24 08:57:50.865268+00:00,Engineering Mathematics,irt_generative,pr_auc,0.5929640609116295
c141c68c-5300-4a71-9579-6e72add054ba,bkt_ema_epsilon_greedy,2026-08-24 08:57:50.865268+00:00,Engineering Mathematics,irt_generative,subject_mean_true_mastery,0.5206002043764918
c141c68c-5300-4a71-9579-6e72add054ba,bkt_ema_epsilon_greedy,2026-08-24 08:57:50.865268+00:00,Engineering Mathematics,irt_generative,subject_concepts_touched,173.0
c141c68c-5300-4a71-9579-6e72add054ba,bkt_ema_epsilon_greedy,2026-08-24 08:57:50.865268+00:00,Engineering Mathematics,irt_generative,subject_accuracy,0.6129282482223659
c141c68c-5300-4a71-9579-6e72add054ba,bkt_ema_epsilon_greedy,2026-08-24 08:57:50.865268+00:00,Engineering Mathematics,irt_generative,roc_auc,0.5088455782937006
6bed8ad6-02a3-4670-9790-804408c9b42f,bkt_ema_epsilon_greedy,2026-08-24 08:57:13.918561+00:00,Engineering Mathematics,bkt_generative,log_loss,0.6922072644978826
6bed8ad6-02a3-4670-9790-804408c9b42f,bkt_ema_epsilon_greedy,2026-08-24 08:57:13.918561+00:00,Engineering Mathematics,bkt_generative,questions_to_mastery,2.9473684210526314
6bed8ad6-02a3-4670-9790-804408c9b42f,bkt_ema_epsilon_greedy,2026-08-24 08:57:13.918561+00:00,Engineering Mathematics,bkt_generative,coverage,0.9965870307167235
6bed8ad6-02a3-4670-9790-804408c9b42f,bkt_ema_epsilon_greedy,2026-08-24 08:57:13.918561+00:00,Engineering Mathematics,bkt_generative,diversity,0.0146
6bed8ad6-02a3-4670-9790-804408c9b42f,bkt_ema_epsilon_greedy,2026-08-24 08:57:13.918561+00:00,Engineering Mathematics,bkt_generative,repeat_rate,0.0
6bed8ad6-02a3-4670-9790-804408c9b42f,bkt_ema_epsilon_greedy,2026-08-24 08:57:13.918561+00:00,Engineering Mathematics,bkt_generative,difficulty_match_rate,0.4344
6bed8ad6-02a3-4670-9790-804408c9b42f,bkt_ema_epsilon_greedy,2026-08-24 08:57:13.918561+00:00,Engineering Mathematics,bkt_generative,subject_n_asked,12199.0
6bed8ad6-02a3-4670-9790-804408c9b42f,bkt_ema_epsilon_greedy,2026-08-24 08:57:13.918561+00:00,Engineering Mathematics,bkt_generative,subject_accuracy,0.40585293876547257
6bed8ad6-02a3-4670-9790-804408c9b42f,bkt_ema_epsilon_greedy,2026-08-24 08:57:13.918561+00:00,Engineering Mathematics,bkt_generative,subject_mean_true_mastery,0.29791327807927726
6bed8ad6-02a3-4670-9790-804408c9b42f,bkt_ema_epsilon_greedy,2026-08-24 08:57:13.918561+00:00,Engineering Mathematics,bkt_generative,subject_concepts_touched,173.0
6bed8ad6-02a3-4670-9790-804408c9b42f,bkt_ema_epsilon_greedy,2026-08-24 08:57:13.918561+00:00,Engineering Mathematics,bkt_generative,brier_score,0.24844997005237018
6bed8ad6-02a3-4670-9790-804408c9b42f,bkt_ema_epsilon_greedy,2026-08-24 08:57:13.918561+00:00,Engineering Mathematics,bkt_generative,pr_auc,0.426169556433386
6bed8ad6-02a3-4670-9790-804408c9b42f,bkt_ema_epsilon_greedy,2026-08-24 08:57:13.918561+00:00,Engineering Mathematics,bkt_generative,roc_auc,0.5273105101479428
6bed8ad6-02a3-4670-9790-804408c9b42f,bkt_ema_epsilon_greedy,2026-08-24 08:57:13.918561+00:00,Engineering Mathematics,bkt_generative,calibration_error,0.1007314611286924
64387cd9-7afc-4ca8-8075-10eac4ce8639,bkt,2026-08-24 08:54:45.034046+00:00,Engineering Mathematics,irt_generative,roc_auc,0.5115085252170944
64387cd9-7afc-4ca8-8075-10eac4ce8639,bkt,2026-08-24 08:54:45.034046+00:00,Engineering Mathematics,irt_generative,subject_concepts_touched,173.0
64387cd9-7afc-4ca8-8075-10eac4ce8639,bkt,2026-08-24 08:54:45.034046+00:00,Engineering Mathematics,irt_generative,subject_mean_true_mastery,0.5210408914154928
64387cd9-7afc-4ca8-8075-10eac4ce8639,bkt,2026-08-24 08:54:45.034046+00:00,Engineering Mathematics,irt_generative,subject_accuracy,0.5666501894875597
64387cd9-7afc-4ca8-8075-10eac4ce8639,bkt,2026-08-24 08:54:45.034046+00:00,Engineering Mathematics,irt_generative,subject_n_asked,12138.0
64387cd9-7afc-4ca8-8075-10eac4ce8639,bkt,2026-08-24 08:54:45.034046+00:00,Engineering Mathematics,irt_generative,difficulty_match_rate,0.3611
64387cd9-7afc-4ca8-8075-10eac4ce8639,bkt,2026-08-24 08:54:45.034046+00:00,Engineering Mathematics,irt_generative,repeat_rate,0.0
64387cd9-7afc-4ca8-8075-10eac4ce8639,bkt,2026-08-24 08:54:45.034046+00:00,Engineering Mathematics,irt_generative,diversity,0.0146
64387cd9-7afc-4ca8-8075-10eac4ce8639,bkt,2026-08-24 08:54:45.034046+00:00,Engineering Mathematics,irt_generative,coverage,0.9965870307167235
64387cd9-7afc-4ca8-8075-10eac4ce8639,bkt,2026-08-24 08:54:45.034046+00:00,Engineering Mathematics,irt_generative,questions_to_mastery,1.0
64387cd9-7afc-4ca8-8075-10eac4ce8639,bkt,2026-08-24 08:54:45.034046+00:00,Engineering Mathematics,irt_generative,calibration_error,0.2734263554021384
64387cd9-7afc-4ca8-8075-10eac4ce8639,bkt,2026-08-24 08:54:45.034046+00:00,Engineering Mathematics,irt_generative,log_loss,0.8425997280479239
64387cd9-7afc-4ca8-8075-10eac4ce8639,bkt,2026-08-24 08:54:45.034046+00:00,Engineering Mathematics,irt_generative,brier_score,0.3193190619779769
64387cd9-7afc-4ca8-8075-10eac4ce8639,bkt,2026-08-24 08:54:45.034046+00:00,Engineering Mathematics,irt_generative,pr_auc,0.5875209538107672
1e13881a-5abf-43ff-9b85-6b197c7ea411,bkt,2026-08-24 08:54:13.480053+00:00,Engineering Mathematics,bkt_generative,difficulty_match_rate,0.4267
1e13881a-5abf-43ff-9b85-6b197c7ea411,bkt,2026-08-24 08:54:13.480053+00:00,Engineering Mathematics,bkt_generative,roc_auc,0.5317674454007929
1e13881a-5abf-43ff-9b85-6b197c7ea411,bkt,2026-08-24 08:54:13.480053+00:00,Engineering Mathematics,bkt_generative,pr_auc,0.4322298941504427
1e13881a-5abf-43ff-9b85-6b197c7ea411,bkt,2026-08-24 08:54:13.480053+00:00,Engineering Mathematics,bkt_generative,brier_score,0.249716594799816
1e13881a-5abf-43ff-9b85-6b197c7ea411,bkt,2026-08-24 08:54:13.480053+00:00,Engineering Mathematics,bkt_generative,log_loss,0.6948387831518336
1e13881a-5abf-43ff-9b85-6b197c7ea411,bkt,2026-08-24 08:54:13.480053+00:00,Engineering Mathematics,bkt_generative,calibration_error,0.10429971136593223
1e13881a-5abf-43ff-9b85-6b197c7ea411,bkt,2026-08-24 08:54:13.480053+00:00,Engineering Mathematics,bkt_generative,questions_to_mastery,3.0454545454545454
1e13881a-5abf-43ff-9b85-6b197c7ea411,bkt,2026-08-24 08:54:13.480053+00:00,Engineering Mathematics,bkt_generative,coverage,1.0
1e13881a-5abf-43ff-9b85-6b197c7ea411,bkt,2026-08-24 08:54:13.480053+00:00,Engineering Mathematics,bkt_generative,diversity,0.01465
1e13881a-5abf-43ff-9b85-6b197c7ea411,bkt,2026-08-24 08:54:13.480053+00:00,Engineering Mathematics,bkt_generative,repeat_rate,0.0
1e13881a-5abf-43ff-9b85-6b197c7ea411,bkt,2026-08-24 08:54:13.480053+00:00,Engineering Mathematics,bkt_generative,subject_n_asked,12004.0
1e13881a-5abf-43ff-9b85-6b197c7ea411,bkt,2026-08-24 08:54:13.480053+00:00,Engineering Mathematics,bkt_generative,subject_accuracy,0.4109463512162612
1e13881a-5abf-43ff-9b85-6b197c7ea411,bkt,2026-08-24 08:54:13.480053+00:00,Engineering Mathematics,bkt_generative,subject_mean_true_mastery,0.2979290266669858
1e13881a-5abf-43ff-9b85-6b197c7ea411,bkt,2026-08-24 08:54:13.480053+00:00,Engineering Mathematics,bkt_generative,subject_concepts_touched,173.0
5a44f214-3fd7-4972-adb8-681473ad701c,ema_only,2026-08-24 08:51:52.478201+00:00,Engineering Mathematics,irt_generative,subject_concepts_touched,120.0
5a44f214-3fd7-4972-adb8-681473ad701c,ema_only,2026-08-24 08:51:52.478201+00:00,Engineering Mathematics,irt_generative,roc_auc,0.504804436357592
5a44f214-3fd7-4972-adb8-681473ad701c,ema_only,2026-08-24 08:51:52.478201+00:00,Engineering Mathematics,irt_generative,pr_auc,0.5896873502453923
5a44f214-3fd7-4972-adb8-681473ad701c,ema_only,2026-08-24 08:51:52.478201+00:00,Engineering Mathematics,irt_generative,brier_score,0.25035035127512495
5a44f214-3fd7-4972-adb8-681473ad701c,ema_only,2026-08-24 08:51:52.478201+00:00,Engineering Mathematics,irt_generative,log_loss,0.6939008026942054
5a44f214-3fd7-4972-adb8-681473ad701c,ema_only,2026-08-24 08:51:52.478201+00:00,Engineering Mathematics,irt_generative,calibration_error,0.09039665249999991
5a44f214-3fd7-4972-adb8-681473ad701c,ema_only,2026-08-24 08:51:52.478201+00:00,Engineering Mathematics,irt_generative,questions_to_mastery,1.0
5a44f214-3fd7-4972-adb8-681473ad701c,ema_only,2026-08-24 08:51:52.478201+00:00,Engineering Mathematics,irt_generative,coverage,1.0
5a44f214-3fd7-4972-adb8-681473ad701c,ema_only,2026-08-24 08:51:52.478201+00:00,Engineering Mathematics,irt_generative,diversity,0.01465
5a44f214-3fd7-4972-adb8-681473ad701c,ema_only,2026-08-24 08:51:52.478201+00:00,Engineering Mathematics,irt_generative,repeat_rate,0.0
5a44f214-3fd7-4972-adb8-681473ad701c,ema_only,2026-08-24 08:51:52.478201+00:00,Engineering Mathematics,irt_generative,difficulty_match_rate,0.3532
5a44f214-3fd7-4972-adb8-681473ad701c,ema_only,2026-08-24 08:51:52.478201+00:00,Engineering Mathematics,irt_generative,subject_n_asked,12229.0
5a44f214-3fd7-4972-adb8-681473ad701c,ema_only,2026-08-24 08:51:52.478201+00:00,Engineering Mathematics,irt_generative,subject_accuracy,0.5709379344181863
5a44f214-3fd7-4972-adb8-681473ad701c,ema_only,2026-08-24 08:51:52.478201+00:00,Engineering Mathematics,irt_generative,subject_mean_true_mastery,0.521214568092147
24782d01-c9d2-4b23-9289-a318541e1f5e,ema_only,2026-08-24 08:51:03.730602+00:00,Engineering Mathematics,bkt_generative,subject_concepts_touched,119.0
24782d01-c9d2-4b23-9289-a318541e1f5e,ema_only,2026-08-24 08:51:03.730602+00:00,Engineering Mathematics,bkt_generative,subject_mean_true_mastery,0.2994324838512173
24782d01-c9d2-4b23-9289-a318541e1f5e,ema_only,2026-08-24 08:51:03.730602+00:00,Engineering Mathematics,bkt_generative,subject_accuracy,0.4132903225806452
24782d01-c9d2-4b23-9289-a318541e1f5e,ema_only,2026-08-24 08:51:03.730602+00:00,Engineering Mathematics,bkt_generative,subject_n_asked,7750.0
24782d01-c9d2-4b23-9289-a318541e1f5e,ema_only,2026-08-24 08:51:03.730602+00:00,Engineering Mathematics,bkt_generative,difficulty_match_rate,0.43205
24782d01-c9d2-4b23-9289-a318541e1f5e,ema_only,2026-08-24 08:51:03.730602+00:00,Engineering Mathematics,bkt_generative,roc_auc,0.518617784327498
24782d01-c9d2-4b23-9289-a318541e1f5e,ema_only,2026-08-24 08:51:03.730602+00:00,Engineering Mathematics,bkt_generative,repeat_rate,0.0
24782d01-c9d2-4b23-9289-a318541e1f5e,ema_only,2026-08-24 08:51:03.730602+00:00,Engineering Mathematics,bkt_generative,diversity,0.0146
24782d01-c9d2-4b23-9289-a318541e1f5e,ema_only,2026-08-24 08:51:03.730602+00:00,Engineering Mathematics,bkt_generative,coverage,0.9965870307167235
24782d01-c9d2-4b23-9289-a318541e1f5e,ema_only,2026-08-24 08:51:03.730602+00:00,Engineering Mathematics,bkt_generative,questions_to_mastery,2.8333333333333335
24782d01-c9d2-4b23-9289-a318541e1f5e,ema_only,2026-08-24 08:51:03.730602+00:00,Engineering Mathematics,bkt_generative,calibration_error,0.08628327750000009
24782d01-c9d2-4b23-9289-a318541e1f5e,ema_only,2026-08-24 08:51:03.730602+00:00,Engineering Mathematics,bkt_generative,log_loss,0.6886246942723813
24782d01-c9d2-4b23-9289-a318541e1f5e,ema_only,2026-08-24 08:51:03.730602+00:00,Engineering Mathematics,bkt_generative,brier_score,0.24780069329614754
24782d01-c9d2-4b23-9289-a318541e1f5e,ema_only,2026-08-24 08:51:03.730602+00:00,Engineering Mathematics,bkt_generative,pr_auc,0.4256345872143846
b36730b0-e266-4091-a2f8-dbb4aafb07ca,rule_weakest_topic,2026-08-24 08:48:22.793911+00:00,Core CS (Systems & Theory),bkt_generative,subject_n_asked,4.0
b36730b0-e266-4091-a2f8-dbb4aafb07ca,rule_weakest_topic,2026-08-24 08:48:22.793911+00:00,Core CS (Systems & Theory),bkt_generative,subject_concepts_touched,1.0
b36730b0-e266-4091-a2f8-dbb4aafb07ca,rule_weakest_topic,2026-08-24 08:48:22.793911+00:00,Core CS (Systems & Theory),bkt_generative,subject_mean_true_mastery,0.3
b36730b0-e266-4091-a2f8-dbb4aafb07ca,rule_weakest_topic,2026-08-24 08:48:22.793911+00:00,Core CS (Systems & Theory),bkt_generative,subject_accuracy,0.3333333333333333
b36730b0-e266-4091-a2f8-dbb4aafb07ca,rule_weakest_topic,2026-08-24 08:48:22.793911+00:00,Core CS (Systems & Theory),bkt_generative,difficulty_match_rate,0.3274
b36730b0-e266-4091-a2f8-dbb4aafb07ca,rule_weakest_topic,2026-08-24 08:48:22.793911+00:00,Core CS (Systems & Theory),bkt_generative,repeat_rate,0.0
b36730b0-e266-4091-a2f8-dbb4aafb07ca,rule_weakest_topic,2026-08-24 08:48:22.793911+00:00,Core CS (Systems & Theory),bkt_generative,diversity,0.05755
b36730b0-e266-4091-a2f8-dbb4aafb07ca,rule_weakest_topic,2026-08-24 08:48:22.793911+00:00,Core CS (Systems & Theory),bkt_generative,coverage,0.988831615120275
b36730b0-e266-4091-a2f8-dbb4aafb07ca,rule_weakest_topic,2026-08-24 08:48:22.793911+00:00,Core CS (Systems & Theory),bkt_generative,questions_to_mastery,3.4814814814814814
b36730b0-e266-4091-a2f8-dbb4aafb07ca,rule_weakest_topic,2026-08-24 08:48:22.793911+00:00,Core CS (Systems & Theory),bkt_generative,calibration_error,0.0027460214170131644
b36730b0-e266-4091-a2f8-dbb4aafb07ca,rule_weakest_topic,2026-08-24 08:48:22.793911+00:00,Core CS (Systems & Theory),bkt_generative,log_loss,0.664959132276812
b36730b0-e266-4091-a2f8-dbb4aafb07ca,rule_weakest_topic,2026-08-24 08:48:22.793911+00:00,Core CS (Systems & Theory),bkt_generative,brier_score,0.23576032295733507
b36730b0-e266-4091-a2f8-dbb4aafb07ca,rule_weakest_topic,2026-08-24 08:48:22.793911+00:00,Core CS (Systems & Theory),bkt_generative,pr_auc,0.37760137091867585
b36730b0-e266-4091-a2f8-dbb4aafb07ca,rule_weakest_topic,2026-08-24 08:48:22.793911+00:00,Core CS (Systems & Theory),bkt_generative,roc_auc,0.4942678373466972
8f40f5e2-d8aa-49f1-a517-68dfda8835fc,rule_weakest_topic,2026-08-24 08:47:29.024585+00:00,Engineering Mathematics,irt_generative,subject_concepts_touched,120.0
8f40f5e2-d8aa-49f1-a517-68dfda8835fc,rule_weakest_topic,2026-08-24 08:47:29.024585+00:00,Engineering Mathematics,irt_generative,subject_mean_true_mastery,0.5225510941388274
8f40f5e2-d8aa-49f1-a517-68dfda8835fc,rule_weakest_topic,2026-08-24 08:47:29.024585+00:00,Engineering Mathematics,irt_generative,subject_accuracy,0.583224902412171
8f40f5e2-d8aa-49f1-a517-68dfda8835fc,rule_weakest_topic,2026-08-24 08:47:29.024585+00:00,Engineering Mathematics,irt_generative,subject_n_asked,9991.0
8f40f5e2-d8aa-49f1-a517-68dfda8835fc,rule_weakest_topic,2026-08-24 08:47:29.024585+00:00,Engineering Mathematics,irt_generative,difficulty_match_rate,0.3876
8f40f5e2-d8aa-49f1-a517-68dfda8835fc,rule_weakest_topic,2026-08-24 08:47:29.024585+00:00,Engineering Mathematics,irt_generative,repeat_rate,0.0
8f40f5e2-d8aa-49f1-a517-68dfda8835fc,rule_weakest_topic,2026-08-24 08:47:29.024585+00:00,Engineering Mathematics,irt_generative,diversity,0.01465
8f40f5e2-d8aa-49f1-a517-68dfda8835fc,rule_weakest_topic,2026-08-24 08:47:29.024585+00:00,Engineering Mathematics,irt_generative,coverage,1.0
8f40f5e2-d8aa-49f1-a517-68dfda8835fc,rule_weakest_topic,2026-08-24 08:47:29.024585+00:00,Engineering Mathematics,irt_generative,questions_to_mastery,1.0
8f40f5e2-d8aa-49f1-a517-68dfda8835fc,rule_weakest_topic,2026-08-24 08:47:29.024585+00:00,Engineering Mathematics,irt_generative,calibration_error,0.02933479818332355
8f40f5e2-d8aa-49f1-a517-68dfda8835fc,rule_weakest_topic,2026-08-24 08:47:29.024585+00:00,Engineering Mathematics,irt_generative,log_loss,0.6802124755416957
8f40f5e2-d8aa-49f1-a517-68dfda8835fc,rule_weakest_topic,2026-08-24 08:47:29.024585+00:00,Engineering Mathematics,irt_generative,brier_score,0.2432727896637604
8f40f5e2-d8aa-49f1-a517-68dfda8835fc,rule_weakest_topic,2026-08-24 08:47:29.024585+00:00,Engineering Mathematics,irt_generative,pr_auc,0.5868107676883367
8f40f5e2-d8aa-49f1-a517-68dfda8835fc,rule_weakest_topic,2026-08-24 08:47:29.024585+00:00,Engineering Mathematics,irt_generative,roc_auc,0.5134339439476595
af8ca26b-de8e-4807-850e-63a997a374a6,rule_weakest_topic,2026-08-24 08:47:07.116856+00:00,Engineering Mathematics,bkt_generative,subject_n_asked,9859.0
af8ca26b-de8e-4807-850e-63a997a374a6,rule_weakest_topic,2026-08-24 08:47:07.116856+00:00,Engineering Mathematics,bkt_generative,roc_auc,0.4970093575118234
af8ca26b-de8e-4807-850e-63a997a374a6,rule_weakest_topic,2026-08-24 08:47:07.116856+00:00,Engineering Mathematics,bkt_generative,pr_auc,0.3837044617495093
af8ca26b-de8e-4807-850e-63a997a374a6,rule_weakest_topic,2026-08-24 08:47:07.116856+00:00,Engineering Mathematics,bkt_generative,brier_score,0.23758604060585775
af8ca26b-de8e-4807-850e-63a997a374a6,rule_weakest_topic,2026-08-24 08:47:07.116856+00:00,Engineering Mathematics,bkt_generative,log_loss,0.6687133856765662
af8ca26b-de8e-4807-850e-63a997a374a6,rule_weakest_topic,2026-08-24 08:47:07.116856+00:00,Engineering Mathematics,bkt_generative,calibration_error,0.0026702238646004153
af8ca26b-de8e-4807-850e-63a997a374a6,rule_weakest_topic,2026-08-24 08:47:07.116856+00:00,Engineering Mathematics,bkt_generative,questions_to_mastery,3.9217391304347826
af8ca26b-de8e-4807-850e-63a997a374a6,rule_weakest_topic,2026-08-24 08:47:07.116856+00:00,Engineering Mathematics,bkt_generative,coverage,1.0
af8ca26b-de8e-4807-850e-63a997a374a6,rule_weakest_topic,2026-08-24 08:47:07.116856+00:00,Engineering Mathematics,bkt_generative,diversity,0.01465
af8ca26b-de8e-4807-850e-63a997a374a6,rule_weakest_topic,2026-08-24 08:47:07.116856+00:00,Engineering Mathematics,bkt_generative,repeat_rate,0.0
af8ca26b-de8e-4807-850e-63a997a374a6,rule_weakest_topic,2026-08-24 08:47:07.116856+00:00,Engineering Mathematics,bkt_generative,difficulty_match_rate,0.48145
af8ca26b-de8e-4807-850e-63a997a374a6,rule_weakest_topic,2026-08-24 08:47:07.116856+00:00,Engineering Mathematics,bkt_generative,subject_accuracy,0.3903954245143477
af8ca26b-de8e-4807-850e-63a997a374a6,rule_weakest_topic,2026-08-24 08:47:07.116856+00:00,Engineering Mathematics,bkt_generative,subject_mean_true_mastery,0.27994199882309445
af8ca26b-de8e-4807-850e-63a997a374a6,rule_weakest_topic,2026-08-24 08:47:07.116856+00:00,Engineering Mathematics,bkt_generative,subject_concepts_touched,173.0
a7fbe167-07df-48b5-a66a-86e1c5726b22,random,2026-08-24 08:44:46.401403+00:00,Engineering Mathematics,irt_generative,roc_auc,0.5148649931474025
a7fbe167-07df-48b5-a66a-86e1c5726b22,random,2026-08-24 08:44:46.401403+00:00,Engineering Mathematics,irt_generative,subject_mean_true_mastery,0.5212918622650797
a7fbe167-07df-48b5-a66a-86e1c5726b22,random,2026-08-24 08:44:46.401403+00:00,Engineering Mathematics,irt_generative,subject_accuracy,0.5652692231273594
a7fbe167-07df-48b5-a66a-86e1c5726b22,random,2026-08-24 08:44:46.401403+00:00,Engineering Mathematics,irt_generative,subject_n_asked,10066.0
a7fbe167-07df-48b5-a66a-86e1c5726b22,random,2026-08-24 08:44:46.401403+00:00,Engineering Mathematics,irt_generative,subject_concepts_touched,173.0
a7fbe167-07df-48b5-a66a-86e1c5726b22,random,2026-08-24 08:44:46.401403+00:00,Engineering Mathematics,irt_generative,difficulty_match_rate,0.3738
a7fbe167-07df-48b5-a66a-86e1c5726b22,random,2026-08-24 08:44:46.401403+00:00,Engineering Mathematics,irt_generative,repeat_rate,0.0
a7fbe167-07df-48b5-a66a-86e1c5726b22,random,2026-08-24 08:44:46.401403+00:00,Engineering Mathematics,irt_generative,diversity,0.01465
a7fbe167-07df-48b5-a66a-86e1c5726b22,random,2026-08-24 08:44:46.401403+00:00,Engineering Mathematics,irt_generative,coverage,1.0
a7fbe167-07df-48b5-a66a-86e1c5726b22,random,2026-08-24 08:44:46.401403+00:00,Engineering Mathematics,irt_generative,questions_to_mastery,1.0
a7fbe167-07df-48b5-a66a-86e1c5726b22,random,2026-08-24 08:44:46.401403+00:00,Engineering Mathematics,irt_generative,calibration_error,0.0319587752518994
a7fbe167-07df-48b5-a66a-86e1c5726b22,random,2026-08-24 08:44:46.401403+00:00,Engineering Mathematics,irt_generative,log_loss,0.6854339512721883
a7fbe167-07df-48b5-a66a-86e1c5726b22,random,2026-08-24 08:44:46.401403+00:00,Engineering Mathematics,irt_generative,brier_score,0.24585952517542684
a7fbe167-07df-48b5-a66a-86e1c5726b22,random,2026-08-24 08:44:46.401403+00:00,Engineering Mathematics,irt_generative,pr_auc,0.5695017725639699
a4fa296a-a39d-4f5b-bd1b-9c031f2fa461,random,2026-08-24 08:44:25.363970+00:00,Core CS (Systems & Theory),bkt_generative,subject_concepts_touched,172.0
a4fa296a-a39d-4f5b-bd1b-9c031f2fa461,random,2026-08-24 08:44:25.363970+00:00,Core CS (Systems & Theory),bkt_generative,subject_mean_true_mastery,0.3
a4fa296a-a39d-4f5b-bd1b-9c031f2fa461,random,2026-08-24 08:44:25.363970+00:00,Core CS (Systems & Theory),bkt_generative,subject_accuracy,0.5
a4fa296a-a39d-4f5b-bd1b-9c031f2fa461,random,2026-08-24 08:44:25.363970+00:00,Core CS (Systems & Theory),bkt_generative,subject_n_asked,4.0
a4fa296a-a39d-4f5b-bd1b-9c031f2fa461,random,2026-08-24 08:44:25.363970+00:00,Core CS (Systems & Theory),bkt_generative,difficulty_match_rate,0.2784
a4fa296a-a39d-4f5b-bd1b-9c031f2fa461,random,2026-08-24 08:44:25.363970+00:00,Core CS (Systems & Theory),bkt_generative,repeat_rate,0.0
a4fa296a-a39d-4f5b-bd1b-9c031f2fa461,random,2026-08-24 08:44:25.363970+00:00,Core CS (Systems & Theory),bkt_generative,diversity,0.05815
a4fa296a-a39d-4f5b-bd1b-9c031f2fa461,random,2026-08-24 08:44:25.363970+00:00,Core CS (Systems & Theory),bkt_generative,coverage,0.9991408934707904
a4fa296a-a39d-4f5b-bd1b-9c031f2fa461,random,2026-08-24 08:44:25.363970+00:00,Core CS (Systems & Theory),bkt_generative,questions_to_mastery,3.1365461847389557
a4fa296a-a39d-4f5b-bd1b-9c031f2fa461,random,2026-08-24 08:44:25.363970+00:00,Core CS (Systems & Theory),bkt_generative,calibration_error,0.0051807632920983495
a4fa296a-a39d-4f5b-bd1b-9c031f2fa461,random,2026-08-24 08:44:25.363970+00:00,Core CS (Systems & Theory),bkt_generative,log_loss,0.6821956897996131
a4fa296a-a39d-4f5b-bd1b-9c031f2fa461,random,2026-08-24 08:44:25.363970+00:00,Core CS (Systems & Theory),bkt_generative,brier_score,0.2442506391446362
a4fa296a-a39d-4f5b-bd1b-9c031f2fa461,random,2026-08-24 08:44:25.363970+00:00,Core CS (Systems & Theory),bkt_generative,pr_auc,0.42021030263207787
a4fa296a-a39d-4f5b-bd1b-9c031f2fa461,random,2026-08-24 08:44:25.363970+00:00,Core CS (Systems & Theory),bkt_generative,roc_auc,0.4985564268360867
60ef2a3d-899e-4883-a8b6-22df2e73042f,random,2026-08-24 08:44:24.956511+00:00,Engineering Mathematics,bkt_generative,coverage,1.0
60ef2a3d-899e-4883-a8b6-22df2e73042f,random,2026-08-24 08:44:24.956511+00:00,Engineering Mathematics,bkt_generative,questions_to_mastery,3.3772893772893773
60ef2a3d-899e-4883-a8b6-22df2e73042f,random,2026-08-24 08:44:24.956511+00:00,Engineering Mathematics,bkt_generative,calibration_error,0.0009899679023316942
60ef2a3d-899e-4883-a8b6-22df2e73042f,random,2026-08-24 08:44:24.956511+00:00,Engineering Mathematics,bkt_generative,subject_n_asked,9930.0
60ef2a3d-899e-4883-a8b6-22df2e73042f,random,2026-08-24 08:44:24.956511+00:00,Engineering Mathematics,bkt_generative,subject_concepts_touched,173.0
60ef2a3d-899e-4883-a8b6-22df2e73042f,random,2026-08-24 08:44:24.956511+00:00,Engineering Mathematics,bkt_generative,subject_mean_true_mastery,0.3544424093263299
60ef2a3d-899e-4883-a8b6-22df2e73042f,random,2026-08-24 08:44:24.956511+00:00,Engineering Mathematics,bkt_generative,subject_accuracy,0.44786494538232374
60ef2a3d-899e-4883-a8b6-22df2e73042f,random,2026-08-24 08:44:24.956511+00:00,Engineering Mathematics,bkt_generative,repeat_rate,0.0
60ef2a3d-899e-4883-a8b6-22df2e73042f,random,2026-08-24 08:44:24.956511+00:00,Engineering Mathematics,bkt_generative,log_loss,0.6891704643131062
60ef2a3d-899e-4883-a8b6-22df2e73042f,random,2026-08-24 08:44:24.956511+00:00,Engineering Mathematics,bkt_generative,brier_score,0.2477232373581994
60ef2a3d-899e-4883-a8b6-22df2e73042f,random,2026-08-24 08:44:24.956511+00:00,Engineering Mathematics,bkt_generative,pr_auc,0.4464878645510052
60ef2a3d-899e-4883-a8b6-22df2e73042f,random,2026-08-24 08:44:24.956511+00:00,Engineering Mathematics,bkt_generative,roc_auc,0.49529071653452
60ef2a3d-899e-4883-a8b6-22df2e73042f,random,2026-08-24 08:44:24.956511+00:00,Engineering Mathematics,bkt_generative,difficulty_match_rate,0.3032
60ef2a3d-899e-4883-a8b6-22df2e73042f,random,2026-08-24 08:44:24.956511+00:00,Engineering Mathematics,bkt_generative,diversity,0.01465
4a47d370-f319-4606-94f5-d39dc834fd89,bkt_ema_epsilon_greedy,2026-08-24 08:41:40.773348+00:00,Data Science & AI,irt_generative,coverage,1.0
4a47d370-f319-4606-94f5-d39dc834fd89,bkt_ema_epsilon_greedy,2026-08-24 08:41:40.773348+00:00,Data Science & AI,irt_generative,difficulty_match_rate,0.34645
4a47d370-f319-4606-94f5-d39dc834fd89,bkt_ema_epsilon_greedy,2026-08-24 08:41:40.773348+00:00,Data Science & AI,irt_generative,subject_n_asked,18278.0
4a47d370-f319-4606-94f5-d39dc834fd89,bkt_ema_epsilon_greedy,2026-08-24 08:41:40.773348+00:00,Data Science & AI,irt_generative,subject_accuracy,0.626107889265784
4a47d370-f319-4606-94f5-d39dc834fd89,bkt_ema_epsilon_greedy,2026-08-24 08:41:40.773348+00:00,Data Science & AI,irt_generative,subject_mean_true_mastery,0.5201762185482692
4a47d370-f319-4606-94f5-d39dc834fd89,bkt_ema_epsilon_greedy,2026-08-24 08:41:40.773348+00:00,Data Science & AI,irt_generative,subject_concepts_touched,106.0
4a47d370-f319-4606-94f5-d39dc834fd89,bkt_ema_epsilon_greedy,2026-08-24 08:41:40.773348+00:00,Data Science & AI,irt_generative,repeat_rate,0.0
4a47d370-f319-4606-94f5-d39dc834fd89,bkt_ema_epsilon_greedy,2026-08-24 08:41:40.773348+00:00,Data Science & AI,irt_generative,roc_auc,0.5248117096403814
4a47d370-f319-4606-94f5-d39dc834fd89,bkt_ema_epsilon_greedy,2026-08-24 08:41:40.773348+00:00,Data Science & AI,irt_generative,pr_auc,0.6361206032802512
4a47d370-f319-4606-94f5-d39dc834fd89,bkt_ema_epsilon_greedy,2026-08-24 08:41:40.773348+00:00,Data Science & AI,irt_generative,brier_score,0.27835127717718244
4a47d370-f319-4606-94f5-d39dc834fd89,bkt_ema_epsilon_greedy,2026-08-24 08:41:40.773348+00:00,Data Science & AI,irt_generative,log_loss,0.7511207891244075
4a47d370-f319-4606-94f5-d39dc834fd89,bkt_ema_epsilon_greedy,2026-08-24 08:41:40.773348+00:00,Data Science & AI,irt_generative,calibration_error,0.2091418043878861
4a47d370-f319-4606-94f5-d39dc834fd89,bkt_ema_epsilon_greedy,2026-08-24 08:41:40.773348+00:00,Data Science & AI,irt_generative,questions_to_mastery,1.0
4a47d370-f319-4606-94f5-d39dc834fd89,bkt_ema_epsilon_greedy,2026-08-24 08:41:40.773348+00:00,Data Science & AI,irt_generative,diversity,0.0058
61f22011-25e2-4e71-ad6b-c0fc37f02919,bkt_ema_epsilon_greedy,2026-08-24 08:41:17.321285+00:00,Data Science & AI,bkt_generative,subject_n_asked,1399.0
61f22011-25e2-4e71-ad6b-c0fc37f02919,bkt_ema_epsilon_greedy,2026-08-24 08:41:17.321285+00:00,Data Science & AI,bkt_generative,subject_concepts_touched,106.0
61f22011-25e2-4e71-ad6b-c0fc37f02919,bkt_ema_epsilon_greedy,2026-08-24 08:41:17.321285+00:00,Data Science & AI,bkt_generative,subject_mean_true_mastery,0.30301974163606377
61f22011-25e2-4e71-ad6b-c0fc37f02919,bkt_ema_epsilon_greedy,2026-08-24 08:41:17.321285+00:00,Data Science & AI,bkt_generative,subject_accuracy,0.41104361626443386
61f22011-25e2-4e71-ad6b-c0fc37f02919,bkt_ema_epsilon_greedy,2026-08-24 08:41:17.321285+00:00,Data Science & AI,bkt_generative,repeat_rate,0.0
61f22011-25e2-4e71-ad6b-c0fc37f02919,bkt_ema_epsilon_greedy,2026-08-24 08:41:17.321285+00:00,Data Science & AI,bkt_generative,diversity,0.0058
61f22011-25e2-4e71-ad6b-c0fc37f02919,bkt_ema_epsilon_greedy,2026-08-24 08:41:17.321285+00:00,Data Science & AI,bkt_generative,coverage,1.0
61f22011-25e2-4e71-ad6b-c0fc37f02919,bkt_ema_epsilon_greedy,2026-08-24 08:41:17.321285+00:00,Data Science & AI,bkt_generative,questions_to_mastery,3.117021276595745
61f22011-25e2-4e71-ad6b-c0fc37f02919,bkt_ema_epsilon_greedy,2026-08-24 08:41:17.321285+00:00,Data Science & AI,bkt_generative,calibration_error,0.0013889061460884275
61f22011-25e2-4e71-ad6b-c0fc37f02919,bkt_ema_epsilon_greedy,2026-08-24 08:41:17.321285+00:00,Data Science & AI,bkt_generative,log_loss,0.6671293753447591
61f22011-25e2-4e71-ad6b-c0fc37f02919,bkt_ema_epsilon_greedy,2026-08-24 08:41:17.321285+00:00,Data Science & AI,bkt_generative,brier_score,0.2372357286025087
61f22011-25e2-4e71-ad6b-c0fc37f02919,bkt_ema_epsilon_greedy,2026-08-24 08:41:17.321285+00:00,Data Science & AI,bkt_generative,pr_auc,0.4455717454044577
61f22011-25e2-4e71-ad6b-c0fc37f02919,bkt_ema_epsilon_greedy,2026-08-24 08:41:17.321285+00:00,Data Science & AI,bkt_generative,roc_auc,0.5456194277316659
61f22011-25e2-4e71-ad6b-c0fc37f02919,bkt_ema_epsilon_greedy,2026-08-24 08:41:17.321285+00:00,Data Science & AI,bkt_generative,difficulty_match_rate,0.5589
1287b3f1-b609-4d6b-82c9-429301fdb05b,bkt_ema_epsilon_greedy,2026-08-24 08:40:32.491402+00:00,Aptitude,irt_generative,repeat_rate,0.0
1287b3f1-b609-4d6b-82c9-429301fdb05b,bkt_ema_epsilon_greedy,2026-08-24 08:40:32.491402+00:00,Aptitude,irt_generative,subject_concepts_touched,398.0
1287b3f1-b609-4d6b-82c9-429301fdb05b,bkt_ema_epsilon_greedy,2026-08-24 08:40:32.491402+00:00,Aptitude,irt_generative,subject_mean_true_mastery,0.5208904998423781
1287b3f1-b609-4d6b-82c9-429301fdb05b,bkt_ema_epsilon_greedy,2026-08-24 08:40:32.491402+00:00,Aptitude,irt_generative,subject_accuracy,0.60355
1287b3f1-b609-4d6b-82c9-429301fdb05b,bkt_ema_epsilon_greedy,2026-08-24 08:40:32.491402+00:00,Aptitude,irt_generative,subject_n_asked,20000.0
1287b3f1-b609-4d6b-82c9-429301fdb05b,bkt_ema_epsilon_greedy,2026-08-24 08:40:32.491402+00:00,Aptitude,irt_generative,difficulty_match_rate,0.35405
1287b3f1-b609-4d6b-82c9-429301fdb05b,bkt_ema_epsilon_greedy,2026-08-24 08:40:32.491402+00:00,Aptitude,irt_generative,diversity,0.0199
1287b3f1-b609-4d6b-82c9-429301fdb05b,bkt_ema_epsilon_greedy,2026-08-24 08:40:32.491402+00:00,Aptitude,irt_generative,coverage,1.0
1287b3f1-b609-4d6b-82c9-429301fdb05b,bkt_ema_epsilon_greedy,2026-08-24 08:40:32.491402+00:00,Aptitude,irt_generative,questions_to_mastery,1.0
1287b3f1-b609-4d6b-82c9-429301fdb05b,bkt_ema_epsilon_greedy,2026-08-24 08:40:32.491402+00:00,Aptitude,irt_generative,calibration_error,0.11475249211391356
1287b3f1-b609-4d6b-82c9-429301fdb05b,bkt_ema_epsilon_greedy,2026-08-24 08:40:32.491402+00:00,Aptitude,irt_generative,log_loss,0.6970475625856541
1287b3f1-b609-4d6b-82c9-429301fdb05b,bkt_ema_epsilon_greedy,2026-08-24 08:40:32.491402+00:00,Aptitude,irt_generative,brier_score,0.25194788752675057
1287b3f1-b609-4d6b-82c9-429301fdb05b,bkt_ema_epsilon_greedy,2026-08-24 08:40:32.491402+00:00,Aptitude,irt_generative,pr_auc,0.6078984047366026
1287b3f1-b609-4d6b-82c9-429301fdb05b,bkt_ema_epsilon_greedy,2026-08-24 08:40:32.491402+00:00,Aptitude,irt_generative,roc_auc,0.5086223041605926
4ea10ca7-0ddf-41f9-8957-043553e89229,bkt,2026-08-24 08:39:21.065470+00:00,Data Science & AI,irt_generative,subject_mean_true_mastery,0.5210502681062972
4ea10ca7-0ddf-41f9-8957-043553e89229,bkt,2026-08-24 08:39:21.065470+00:00,Data Science & AI,irt_generative,subject_concepts_touched,106.0
4ea10ca7-0ddf-41f9-8957-043553e89229,bkt,2026-08-24 08:39:21.065470+00:00,Data Science & AI,irt_generative,subject_n_asked,158.0
4ea10ca7-0ddf-41f9-8957-043553e89229,bkt,2026-08-24 08:39:21.065470+00:00,Data Science & AI,irt_generative,subject_accuracy,0.5063291139240507
4ea10ca7-0ddf-41f9-8957-043553e89229,bkt,2026-08-24 08:39:21.065470+00:00,Data Science & AI,irt_generative,repeat_rate,0.0
4ea10ca7-0ddf-41f9-8957-043553e89229,bkt,2026-08-24 08:39:21.065470+00:00,Data Science & AI,irt_generative,difficulty_match_rate,0.3459
4ea10ca7-0ddf-41f9-8957-043553e89229,bkt,2026-08-24 08:39:21.065470+00:00,Data Science & AI,irt_generative,roc_auc,0.526415896899242
4ea10ca7-0ddf-41f9-8957-043553e89229,bkt,2026-08-24 08:39:21.065470+00:00,Data Science & AI,irt_generative,pr_auc,0.6377150899990629
4ea10ca7-0ddf-41f9-8957-043553e89229,bkt,2026-08-24 08:39:21.065470+00:00,Data Science & AI,irt_generative,brier_score,0.27843424922436577
4ea10ca7-0ddf-41f9-8957-043553e89229,bkt,2026-08-24 08:39:21.065470+00:00,Data Science & AI,irt_generative,log_loss,0.7511635356680144
4ea10ca7-0ddf-41f9-8957-043553e89229,bkt,2026-08-24 08:39:21.065470+00:00,Data Science & AI,irt_generative,calibration_error,0.21097893474414098
4ea10ca7-0ddf-41f9-8957-043553e89229,bkt,2026-08-24 08:39:21.065470+00:00,Data Science & AI,irt_generative,questions_to_mastery,1.0
4ea10ca7-0ddf-41f9-8957-043553e89229,bkt,2026-08-24 08:39:21.065470+00:00,Data Science & AI,irt_generative,coverage,1.0
4ea10ca7-0ddf-41f9-8957-043553e89229,bkt,2026-08-24 08:39:21.065470+00:00,Data Science & AI,irt_generative,diversity,0.0058
bce87238-4db2-4f1e-abb1-8d3bd14de45d,bkt,2026-08-24 08:38:54.121276+00:00,Data Science & AI,bkt_generative,subject_concepts_touched,8.0
bce87238-4db2-4f1e-abb1-8d3bd14de45d,bkt,2026-08-24 08:38:54.121276+00:00,Data Science & AI,bkt_generative,subject_mean_true_mastery,0.3
bce87238-4db2-4f1e-abb1-8d3bd14de45d,bkt,2026-08-24 08:38:54.121276+00:00,Data Science & AI,bkt_generative,subject_accuracy,0.46621621621621623
bce87238-4db2-4f1e-abb1-8d3bd14de45d,bkt,2026-08-24 08:38:54.121276+00:00,Data Science & AI,bkt_generative,subject_n_asked,148.0
bce87238-4db2-4f1e-abb1-8d3bd14de45d,bkt,2026-08-24 08:38:54.121276+00:00,Data Science & AI,bkt_generative,difficulty_match_rate,0.5547
bce87238-4db2-4f1e-abb1-8d3bd14de45d,bkt,2026-08-24 08:38:54.121276+00:00,Data Science & AI,bkt_generative,repeat_rate,0.0
bce87238-4db2-4f1e-abb1-8d3bd14de45d,bkt,2026-08-24 08:38:54.121276+00:00,Data Science & AI,bkt_generative,diversity,0.0058
bce87238-4db2-4f1e-abb1-8d3bd14de45d,bkt,2026-08-24 08:38:54.121276+00:00,Data Science & AI,bkt_generative,coverage,1.0
bce87238-4db2-4f1e-abb1-8d3bd14de45d,bkt,2026-08-24 08:38:54.121276+00:00,Data Science & AI,bkt_generative,questions_to_mastery,3.0697674418604652
bce87238-4db2-4f1e-abb1-8d3bd14de45d,bkt,2026-08-24 08:38:54.121276+00:00,Data Science & AI,bkt_generative,calibration_error,0.0019731691385178733
bce87238-4db2-4f1e-abb1-8d3bd14de45d,bkt,2026-08-24 08:38:54.121276+00:00,Data Science & AI,bkt_generative,log_loss,0.6663103780755187
bce87238-4db2-4f1e-abb1-8d3bd14de45d,bkt,2026-08-24 08:38:54.121276+00:00,Data Science & AI,bkt_generative,brier_score,0.2368406806483547
bce87238-4db2-4f1e-abb1-8d3bd14de45d,bkt,2026-08-24 08:38:54.121276+00:00,Data Science & AI,bkt_generative,pr_auc,0.4504009739749587
bce87238-4db2-4f1e-abb1-8d3bd14de45d,bkt,2026-08-24 08:38:54.121276+00:00,Data Science & AI,bkt_generative,roc_auc,0.5477446585552006
6a5eba35-ffea-49ae-86cd-429fb581d36b,bkt,2026-08-24 08:37:49.702830+00:00,Aptitude,irt_generative,brier_score,0.2526551020942922
6a5eba35-ffea-49ae-86cd-429fb581d36b,bkt,2026-08-24 08:37:49.702830+00:00,Aptitude,irt_generative,pr_auc,0.6066003940506377
6a5eba35-ffea-49ae-86cd-429fb581d36b,bkt,2026-08-24 08:37:49.702830+00:00,Aptitude,irt_generative,roc_auc,0.5034793861269588
6a5eba35-ffea-49ae-86cd-429fb581d36b,bkt,2026-08-24 08:37:49.702830+00:00,Aptitude,irt_generative,subject_concepts_touched,398.0
6a5eba35-ffea-49ae-86cd-429fb581d36b,bkt,2026-08-24 08:37:49.702830+00:00,Aptitude,irt_generative,subject_mean_true_mastery,0.5208904998423781
6a5eba35-ffea-49ae-86cd-429fb581d36b,bkt,2026-08-24 08:37:49.702830+00:00,Aptitude,irt_generative,subject_accuracy,0.60475
6a5eba35-ffea-49ae-86cd-429fb581d36b,bkt,2026-08-24 08:37:49.702830+00:00,Aptitude,irt_generative,subject_n_asked,20000.0
6a5eba35-ffea-49ae-86cd-429fb581d36b,bkt,2026-08-24 08:37:49.702830+00:00,Aptitude,irt_generative,difficulty_match_rate,0.35515
6a5eba35-ffea-49ae-86cd-429fb581d36b,bkt,2026-08-24 08:37:49.702830+00:00,Aptitude,irt_generative,repeat_rate,0.0
6a5eba35-ffea-49ae-86cd-429fb581d36b,bkt,2026-08-24 08:37:49.702830+00:00,Aptitude,irt_generative,diversity,0.0199
6a5eba35-ffea-49ae-86cd-429fb581d36b,bkt,2026-08-24 08:37:49.702830+00:00,Aptitude,irt_generative,coverage,1.0
6a5eba35-ffea-49ae-86cd-429fb581d36b,bkt,2026-08-24 08:37:49.702830+00:00,Aptitude,irt_generative,questions_to_mastery,1.0
6a5eba35-ffea-49ae-86cd-429fb581d36b,bkt,2026-08-24 08:37:49.702830+00:00,Aptitude,irt_generative,calibration_error,0.11798564820644583
6a5eba35-ffea-49ae-86cd-429fb581d36b,bkt,2026-08-24 08:37:49.702830+00:00,Aptitude,irt_generative,log_loss,0.6985194594699514
25ffe085-e506-4c0e-a926-dea4949ed8c7,ema_only,2026-08-24 08:37:23.563532+00:00,Data Science & AI,irt_generative,subject_n_asked,161.0
25ffe085-e506-4c0e-a926-dea4949ed8c7,ema_only,2026-08-24 08:37:23.563532+00:00,Data Science & AI,irt_generative,subject_accuracy,0.5341614906832298
25ffe085-e506-4c0e-a926-dea4949ed8c7,ema_only,2026-08-24 08:37:23.563532+00:00,Data Science & AI,irt_generative,subject_mean_true_mastery,0.5245158935297136
25ffe085-e506-4c0e-a926-dea4949ed8c7,ema_only,2026-08-24 08:37:23.563532+00:00,Data Science & AI,irt_generative,subject_concepts_touched,1.0
25ffe085-e506-4c0e-a926-dea4949ed8c7,ema_only,2026-08-24 08:37:23.563532+00:00,Data Science & AI,irt_generative,roc_auc,0.5186495485826932
25ffe085-e506-4c0e-a926-dea4949ed8c7,ema_only,2026-08-24 08:37:23.563532+00:00,Data Science & AI,irt_generative,pr_auc,0.6340720442610087
25ffe085-e506-4c0e-a926-dea4949ed8c7,ema_only,2026-08-24 08:37:23.563532+00:00,Data Science & AI,irt_generative,brier_score,0.24939741146133623
25ffe085-e506-4c0e-a926-dea4949ed8c7,ema_only,2026-08-24 08:37:23.563532+00:00,Data Science & AI,irt_generative,log_loss,0.6920444425863423
25ffe085-e506-4c0e-a926-dea4949ed8c7,ema_only,2026-08-24 08:37:23.563532+00:00,Data Science & AI,irt_generative,calibration_error,0.12721294424999993
25ffe085-e506-4c0e-a926-dea4949ed8c7,ema_only,2026-08-24 08:37:23.563532+00:00,Data Science & AI,irt_generative,questions_to_mastery,1.0
25ffe085-e506-4c0e-a926-dea4949ed8c7,ema_only,2026-08-24 08:37:23.563532+00:00,Data Science & AI,irt_generative,coverage,1.0
25ffe085-e506-4c0e-a926-dea4949ed8c7,ema_only,2026-08-24 08:37:23.563532+00:00,Data Science & AI,irt_generative,diversity,0.0058
25ffe085-e506-4c0e-a926-dea4949ed8c7,ema_only,2026-08-24 08:37:23.563532+00:00,Data Science & AI,irt_generative,repeat_rate,0.0
25ffe085-e506-4c0e-a926-dea4949ed8c7,ema_only,2026-08-24 08:37:23.563532+00:00,Data Science & AI,irt_generative,difficulty_match_rate,0.35085
3a15b385-addd-4b42-a20b-8a1f4751e0dc,ema_only,2026-08-24 08:37:03.807308+00:00,Data Science & AI,bkt_generative,subject_n_asked,1346.0
3a15b385-addd-4b42-a20b-8a1f4751e0dc,ema_only,2026-08-24 08:37:03.807308+00:00,Data Science & AI,bkt_generative,subject_accuracy,0.40416047548291234
3a15b385-addd-4b42-a20b-8a1f4751e0dc,ema_only,2026-08-24 08:37:03.807308+00:00,Data Science & AI,bkt_generative,subject_mean_true_mastery,0.308044944980871
3a15b385-addd-4b42-a20b-8a1f4751e0dc,ema_only,2026-08-24 08:37:03.807308+00:00,Data Science & AI,bkt_generative,subject_concepts_touched,8.0
3a15b385-addd-4b42-a20b-8a1f4751e0dc,ema_only,2026-08-24 08:37:03.807308+00:00,Data Science & AI,bkt_generative,roc_auc,0.5434499684995788
3a15b385-addd-4b42-a20b-8a1f4751e0dc,ema_only,2026-08-24 08:37:03.807308+00:00,Data Science & AI,bkt_generative,pr_auc,0.4458033689565686
3a15b385-addd-4b42-a20b-8a1f4751e0dc,ema_only,2026-08-24 08:37:03.807308+00:00,Data Science & AI,bkt_generative,brier_score,0.24515880017633127
3a15b385-addd-4b42-a20b-8a1f4751e0dc,ema_only,2026-08-24 08:37:03.807308+00:00,Data Science & AI,bkt_generative,log_loss,0.6833051389073894
3a15b385-addd-4b42-a20b-8a1f4751e0dc,ema_only,2026-08-24 08:37:03.807308+00:00,Data Science & AI,bkt_generative,calibration_error,0.08995510775000012
3a15b385-addd-4b42-a20b-8a1f4751e0dc,ema_only,2026-08-24 08:37:03.807308+00:00,Data Science & AI,bkt_generative,questions_to_mastery,3.0707070707070705
3a15b385-addd-4b42-a20b-8a1f4751e0dc,ema_only,2026-08-24 08:37:03.807308+00:00,Data Science & AI,bkt_generative,coverage,1.0
3a15b385-addd-4b42-a20b-8a1f4751e0dc,ema_only,2026-08-24 08:37:03.807308+00:00,Data Science & AI,bkt_generative,diversity,0.0058
3a15b385-addd-4b42-a20b-8a1f4751e0dc,ema_only,2026-08-24 08:37:03.807308+00:00,Data Science & AI,bkt_generative,repeat_rate,0.0
3a15b385-addd-4b42-a20b-8a1f4751e0dc,ema_only,2026-08-24 08:37:03.807308+00:00,Data Science & AI,bkt_generative,difficulty_match_rate,0.5628
8bda168c-6dc7-47ba-9d05-50110a69545b,ema_only,2026-08-24 08:35:46.413967+00:00,Aptitude,irt_generative,roc_auc,0.5030084033360174
8bda168c-6dc7-47ba-9d05-50110a69545b,ema_only,2026-08-24 08:35:46.413967+00:00,Aptitude,irt_generative,pr_auc,0.6070767448953522
8bda168c-6dc7-47ba-9d05-50110a69545b,ema_only,2026-08-24 08:35:46.413967+00:00,Aptitude,irt_generative,brier_score,0.2503707768625
8bda168c-6dc7-47ba-9d05-50110a69545b,ema_only,2026-08-24 08:35:46.413967+00:00,Aptitude,irt_generative,log_loss,0.69394632677723
8bda168c-6dc7-47ba-9d05-50110a69545b,ema_only,2026-08-24 08:35:46.413967+00:00,Aptitude,irt_generative,calibration_error,0.10777132499999992
8bda168c-6dc7-47ba-9d05-50110a69545b,ema_only,2026-08-24 08:35:46.413967+00:00,Aptitude,irt_generative,questions_to_mastery,1.0
8bda168c-6dc7-47ba-9d05-50110a69545b,ema_only,2026-08-24 08:35:46.413967+00:00,Aptitude,irt_generative,coverage,0.9974874371859297
8bda168c-6dc7-47ba-9d05-50110a69545b,ema_only,2026-08-24 08:35:46.413967+00:00,Aptitude,irt_generative,diversity,0.01985
8bda168c-6dc7-47ba-9d05-50110a69545b,ema_only,2026-08-24 08:35:46.413967+00:00,Aptitude,irt_generative,repeat_rate,0.0
8bda168c-6dc7-47ba-9d05-50110a69545b,ema_only,2026-08-24 08:35:46.413967+00:00,Aptitude,irt_generative,difficulty_match_rate,0.3533
8bda168c-6dc7-47ba-9d05-50110a69545b,ema_only,2026-08-24 08:35:46.413967+00:00,Aptitude,irt_generative,subject_n_asked,20000.0
8bda168c-6dc7-47ba-9d05-50110a69545b,ema_only,2026-08-24 08:35:46.413967+00:00,Aptitude,irt_generative,subject_accuracy,0.6054
8bda168c-6dc7-47ba-9d05-50110a69545b,ema_only,2026-08-24 08:35:46.413967+00:00,Aptitude,irt_generative,subject_mean_true_mastery,0.5208904998423781
8bda168c-6dc7-47ba-9d05-50110a69545b,ema_only,2026-08-24 08:35:46.413967+00:00,Aptitude,irt_generative,subject_concepts_touched,397.0
e4ae4853-6312-41ff-8822-3911c27770e6,rule_weakest_topic,2026-08-24 08:35:26.618789+00:00,Data Science & AI,irt_generative,subject_accuracy,0.605248464544947
e4ae4853-6312-41ff-8822-3911c27770e6,rule_weakest_topic,2026-08-24 08:35:26.618789+00:00,Data Science & AI,irt_generative,difficulty_match_rate,0.34815
e4ae4853-6312-41ff-8822-3911c27770e6,rule_weakest_topic,2026-08-24 08:35:26.618789+00:00,Data Science & AI,irt_generative,subject_mean_true_mastery,0.5245912448526587
e4ae4853-6312-41ff-8822-3911c27770e6,rule_weakest_topic,2026-08-24 08:35:26.618789+00:00,Data Science & AI,irt_generative,repeat_rate,0.0
e4ae4853-6312-41ff-8822-3911c27770e6,rule_weakest_topic,2026-08-24 08:35:26.618789+00:00,Data Science & AI,irt_generative,subject_n_asked,117.0
e4ae4853-6312-41ff-8822-3911c27770e6,rule_weakest_topic,2026-08-24 08:35:26.618789+00:00,Data Science & AI,irt_generative,subject_concepts_touched,1.0
e4ae4853-6312-41ff-8822-3911c27770e6,rule_weakest_topic,2026-08-24 08:35:26.618789+00:00,Data Science & AI,irt_generative,diversity,0.0058
e4ae4853-6312-41ff-8822-3911c27770e6,rule_weakest_topic,2026-08-24 08:35:26.618789+00:00,Data Science & AI,irt_generative,coverage,1.0
e4ae4853-6312-41ff-8822-3911c27770e6,rule_weakest_topic,2026-08-24 08:35:26.618789+00:00,Data Science & AI,irt_generative,questions_to_mastery,1.0
e4ae4853-6312-41ff-8822-3911c27770e6,rule_weakest_topic,2026-08-24 08:35:26.618789+00:00,Data Science & AI,irt_generative,calibration_error,0.03408717887913333
e4ae4853-6312-41ff-8822-3911c27770e6,rule_weakest_topic,2026-08-24 08:35:26.618789+00:00,Data Science & AI,irt_generative,log_loss,0.6737669025707151
e4ae4853-6312-41ff-8822-3911c27770e6,rule_weakest_topic,2026-08-24 08:35:26.618789+00:00,Data Science & AI,irt_generative,brier_score,0.24007777047535547
e4ae4853-6312-41ff-8822-3911c27770e6,rule_weakest_topic,2026-08-24 08:35:26.618789+00:00,Data Science & AI,irt_generative,pr_auc,0.6041236208446781
e4ae4853-6312-41ff-8822-3911c27770e6,rule_weakest_topic,2026-08-24 08:35:26.618789+00:00,Data Science & AI,irt_generative,roc_auc,0.5144900329469767
4e1e449d-8737-42ed-98dc-3ac2bd33f5ee,rule_weakest_topic,2026-08-24 08:35:06.356089+00:00,Data Science & AI,bkt_generative,subject_n_asked,104.0
4e1e449d-8737-42ed-98dc-3ac2bd33f5ee,rule_weakest_topic,2026-08-24 08:35:06.356089+00:00,Data Science & AI,bkt_generative,subject_concepts_touched,1.0
4e1e449d-8737-42ed-98dc-3ac2bd33f5ee,rule_weakest_topic,2026-08-24 08:35:06.356089+00:00,Data Science & AI,bkt_generative,subject_mean_true_mastery,0.29999999999999993
4e1e449d-8737-42ed-98dc-3ac2bd33f5ee,rule_weakest_topic,2026-08-24 08:35:06.356089+00:00,Data Science & AI,bkt_generative,subject_accuracy,0.3269230769230769
4e1e449d-8737-42ed-98dc-3ac2bd33f5ee,rule_weakest_topic,2026-08-24 08:35:06.356089+00:00,Data Science & AI,bkt_generative,difficulty_match_rate,0.48035
4e1e449d-8737-42ed-98dc-3ac2bd33f5ee,rule_weakest_topic,2026-08-24 08:35:06.356089+00:00,Data Science & AI,bkt_generative,repeat_rate,0.0
4e1e449d-8737-42ed-98dc-3ac2bd33f5ee,rule_weakest_topic,2026-08-24 08:35:06.356089+00:00,Data Science & AI,bkt_generative,diversity,0.0058
4e1e449d-8737-42ed-98dc-3ac2bd33f5ee,rule_weakest_topic,2026-08-24 08:35:06.356089+00:00,Data Science & AI,bkt_generative,coverage,1.0
4e1e449d-8737-42ed-98dc-3ac2bd33f5ee,rule_weakest_topic,2026-08-24 08:35:06.356089+00:00,Data Science & AI,bkt_generative,questions_to_mastery,3.3125
4e1e449d-8737-42ed-98dc-3ac2bd33f5ee,rule_weakest_topic,2026-08-24 08:35:06.356089+00:00,Data Science & AI,bkt_generative,calibration_error,0.0019195261171218948
4e1e449d-8737-42ed-98dc-3ac2bd33f5ee,rule_weakest_topic,2026-08-24 08:35:06.356089+00:00,Data Science & AI,bkt_generative,log_loss,0.6827766641127321
4e1e449d-8737-42ed-98dc-3ac2bd33f5ee,rule_weakest_topic,2026-08-24 08:35:06.356089+00:00,Data Science & AI,bkt_generative,brier_score,0.2445420777009771
4e1e449d-8737-42ed-98dc-3ac2bd33f5ee,rule_weakest_topic,2026-08-24 08:35:06.356089+00:00,Data Science & AI,bkt_generative,pr_auc,0.4167944744607931
4e1e449d-8737-42ed-98dc-3ac2bd33f5ee,rule_weakest_topic,2026-08-24 08:35:06.356089+00:00,Data Science & AI,bkt_generative,roc_auc,0.49046234463203675
be215d41-dbee-4482-81cb-62d3df36c551,random,2026-08-24 08:34:31.345351+00:00,Data Science & AI,irt_generative,questions_to_mastery,1.0
be215d41-dbee-4482-81cb-62d3df36c551,random,2026-08-24 08:34:31.345351+00:00,Data Science & AI,irt_generative,coverage,1.0
be215d41-dbee-4482-81cb-62d3df36c551,random,2026-08-24 08:34:31.345351+00:00,Data Science & AI,irt_generative,diversity,0.0058
be215d41-dbee-4482-81cb-62d3df36c551,random,2026-08-24 08:34:31.345351+00:00,Data Science & AI,irt_generative,repeat_rate,0.0
be215d41-dbee-4482-81cb-62d3df36c551,random,2026-08-24 08:34:31.345351+00:00,Data Science & AI,irt_generative,difficulty_match_rate,0.35275
be215d41-dbee-4482-81cb-62d3df36c551,random,2026-08-24 08:34:31.345351+00:00,Data Science & AI,irt_generative,subject_n_asked,17953.0
be215d41-dbee-4482-81cb-62d3df36c551,random,2026-08-24 08:34:31.345351+00:00,Data Science & AI,irt_generative,subject_mean_true_mastery,0.5293284643632423
be215d41-dbee-4482-81cb-62d3df36c551,random,2026-08-24 08:34:31.345351+00:00,Data Science & AI,irt_generative,subject_accuracy,0.6060825488776249
be215d41-dbee-4482-81cb-62d3df36c551,random,2026-08-24 08:34:31.345351+00:00,Data Science & AI,irt_generative,subject_concepts_touched,106.0
be215d41-dbee-4482-81cb-62d3df36c551,random,2026-08-24 08:34:31.345351+00:00,Data Science & AI,irt_generative,roc_auc,0.5136872434386088
be215d41-dbee-4482-81cb-62d3df36c551,random,2026-08-24 08:34:31.345351+00:00,Data Science & AI,irt_generative,pr_auc,0.6035270943450719
be215d41-dbee-4482-81cb-62d3df36c551,random,2026-08-24 08:34:31.345351+00:00,Data Science & AI,irt_generative,brier_score,0.24011856563593706
be215d41-dbee-4482-81cb-62d3df36c551,random,2026-08-24 08:34:31.345351+00:00,Data Science & AI,irt_generative,log_loss,0.673842191818903
be215d41-dbee-4482-81cb-62d3df36c551,random,2026-08-24 08:34:31.345351+00:00,Data Science & AI,irt_generative,calibration_error,0.03369248445140807
b5407aa8-ef39-4b68-a2c1-5a4c43aa918d,random,2026-08-24 08:34:07.894858+00:00,Data Science & AI,bkt_generative,subject_n_asked,17932.0
b5407aa8-ef39-4b68-a2c1-5a4c43aa918d,random,2026-08-24 08:34:07.894858+00:00,Data Science & AI,bkt_generative,subject_accuracy,0.4331362926611644
b5407aa8-ef39-4b68-a2c1-5a4c43aa918d,random,2026-08-24 08:34:07.894858+00:00,Data Science & AI,bkt_generative,subject_mean_true_mastery,0.32746819140869177
b5407aa8-ef39-4b68-a2c1-5a4c43aa918d,random,2026-08-24 08:34:07.894858+00:00,Data Science & AI,bkt_generative,subject_concepts_touched,106.0
b5407aa8-ef39-4b68-a2c1-5a4c43aa918d,random,2026-08-24 08:34:07.894858+00:00,Data Science & AI,bkt_generative,roc_auc,0.4923561317008199
b5407aa8-ef39-4b68-a2c1-5a4c43aa918d,random,2026-08-24 08:34:07.894858+00:00,Data Science & AI,bkt_generative,pr_auc,0.42623615979435475
b5407aa8-ef39-4b68-a2c1-5a4c43aa918d,random,2026-08-24 08:34:07.894858+00:00,Data Science & AI,bkt_generative,brier_score,0.24566417512770353
b5407aa8-ef39-4b68-a2c1-5a4c43aa918d,random,2026-08-24 08:34:07.894858+00:00,Data Science & AI,bkt_generative,log_loss,0.6850340797141101
b5407aa8-ef39-4b68-a2c1-5a4c43aa918d,random,2026-08-24 08:34:07.894858+00:00,Data Science & AI,bkt_generative,calibration_error,0.001552019750285261
b5407aa8-ef39-4b68-a2c1-5a4c43aa918d,random,2026-08-24 08:34:07.894858+00:00,Data Science & AI,bkt_generative,questions_to_mastery,3.319371727748691
b5407aa8-ef39-4b68-a2c1-5a4c43aa918d,random,2026-08-24 08:34:07.894858+00:00,Data Science & AI,bkt_generative,coverage,1.0
b5407aa8-ef39-4b68-a2c1-5a4c43aa918d,random,2026-08-24 08:34:07.894858+00:00,Data Science & AI,bkt_generative,diversity,0.0058
b5407aa8-ef39-4b68-a2c1-5a4c43aa918d,random,2026-08-24 08:34:07.894858+00:00,Data Science & AI,bkt_generative,repeat_rate,0.0
b5407aa8-ef39-4b68-a2c1-5a4c43aa918d,random,2026-08-24 08:34:07.894858+00:00,Data Science & AI,bkt_generative,difficulty_match_rate,0.4716
9376a30a-1c9a-4b69-aa11-9f76e21a7c9b,rule_weakest_topic,2026-08-24 08:32:22.451036+00:00,Aptitude,irt_generative,brier_score,0.23985576201565123
9376a30a-1c9a-4b69-aa11-9f76e21a7c9b,rule_weakest_topic,2026-08-24 08:32:22.451036+00:00,Aptitude,irt_generative,pr_auc,0.6044360376222604
9376a30a-1c9a-4b69-aa11-9f76e21a7c9b,rule_weakest_topic,2026-08-24 08:32:22.451036+00:00,Aptitude,irt_generative,roc_auc,0.5136264648935899
9376a30a-1c9a-4b69-aa11-9f76e21a7c9b,rule_weakest_topic,2026-08-24 08:32:22.451036+00:00,Aptitude,irt_generative,subject_n_asked,20000.0
9376a30a-1c9a-4b69-aa11-9f76e21a7c9b,rule_weakest_topic,2026-08-24 08:32:22.451036+00:00,Aptitude,irt_generative,subject_accuracy,0.60145
9376a30a-1c9a-4b69-aa11-9f76e21a7c9b,rule_weakest_topic,2026-08-24 08:32:22.451036+00:00,Aptitude,irt_generative,subject_mean_true_mastery,0.5208904998423781
9376a30a-1c9a-4b69-aa11-9f76e21a7c9b,rule_weakest_topic,2026-08-24 08:32:22.451036+00:00,Aptitude,irt_generative,subject_concepts_touched,397.0
9376a30a-1c9a-4b69-aa11-9f76e21a7c9b,rule_weakest_topic,2026-08-24 08:32:22.451036+00:00,Aptitude,irt_generative,repeat_rate,0.0
9376a30a-1c9a-4b69-aa11-9f76e21a7c9b,rule_weakest_topic,2026-08-24 08:32:22.451036+00:00,Aptitude,irt_generative,difficulty_match_rate,0.37125
9376a30a-1c9a-4b69-aa11-9f76e21a7c9b,rule_weakest_topic,2026-08-24 08:32:22.451036+00:00,Aptitude,irt_generative,diversity,0.01985
9376a30a-1c9a-4b69-aa11-9f76e21a7c9b,rule_weakest_topic,2026-08-24 08:32:22.451036+00:00,Aptitude,irt_generative,coverage,0.9974874371859297
9376a30a-1c9a-4b69-aa11-9f76e21a7c9b,rule_weakest_topic,2026-08-24 08:32:22.451036+00:00,Aptitude,irt_generative,questions_to_mastery,1.0
9376a30a-1c9a-4b69-aa11-9f76e21a7c9b,rule_weakest_topic,2026-08-24 08:32:22.451036+00:00,Aptitude,irt_generative,calibration_error,0.03251410226790714
9376a30a-1c9a-4b69-aa11-9f76e21a7c9b,rule_weakest_topic,2026-08-24 08:32:22.451036+00:00,Aptitude,irt_generative,log_loss,0.673310724755976
c08e68a7-1b8b-4db6-841a-ae1e9d4d48f3,bkt_ema_epsilon_greedy,2026-08-24 08:30:36.025613+00:00,Core CS (Systems & Theory),irt_generative,coverage,0.9097938144329897
c08e68a7-1b8b-4db6-841a-ae1e9d4d48f3,bkt_ema_epsilon_greedy,2026-08-24 08:30:36.025613+00:00,Core CS (Systems & Theory),irt_generative,subject_concepts_touched,1.0
c08e68a7-1b8b-4db6-841a-ae1e9d4d48f3,bkt_ema_epsilon_greedy,2026-08-24 08:30:36.025613+00:00,Core CS (Systems & Theory),irt_generative,subject_mean_true_mastery,0.5096468023878864
c08e68a7-1b8b-4db6-841a-ae1e9d4d48f3,bkt_ema_epsilon_greedy,2026-08-24 08:30:36.025613+00:00,Core CS (Systems & Theory),irt_generative,subject_accuracy,0.5
c08e68a7-1b8b-4db6-841a-ae1e9d4d48f3,bkt_ema_epsilon_greedy,2026-08-24 08:30:36.025613+00:00,Core CS (Systems & Theory),irt_generative,subject_n_asked,26.0
c08e68a7-1b8b-4db6-841a-ae1e9d4d48f3,bkt_ema_epsilon_greedy,2026-08-24 08:30:36.025613+00:00,Core CS (Systems & Theory),irt_generative,difficulty_match_rate,0.35555
c08e68a7-1b8b-4db6-841a-ae1e9d4d48f3,bkt_ema_epsilon_greedy,2026-08-24 08:30:36.025613+00:00,Core CS (Systems & Theory),irt_generative,repeat_rate,0.0
c08e68a7-1b8b-4db6-841a-ae1e9d4d48f3,bkt_ema_epsilon_greedy,2026-08-24 08:30:36.025613+00:00,Core CS (Systems & Theory),irt_generative,diversity,0.05295
c08e68a7-1b8b-4db6-841a-ae1e9d4d48f3,bkt_ema_epsilon_greedy,2026-08-24 08:30:36.025613+00:00,Core CS (Systems & Theory),irt_generative,questions_to_mastery,1.0
c08e68a7-1b8b-4db6-841a-ae1e9d4d48f3,bkt_ema_epsilon_greedy,2026-08-24 08:30:36.025613+00:00,Core CS (Systems & Theory),irt_generative,calibration_error,0.22250970603303205
c08e68a7-1b8b-4db6-841a-ae1e9d4d48f3,bkt_ema_epsilon_greedy,2026-08-24 08:30:36.025613+00:00,Core CS (Systems & Theory),irt_generative,log_loss,0.7768908206744072
c08e68a7-1b8b-4db6-841a-ae1e9d4d48f3,bkt_ema_epsilon_greedy,2026-08-24 08:30:36.025613+00:00,Core CS (Systems & Theory),irt_generative,brier_score,0.29041386689418847
c08e68a7-1b8b-4db6-841a-ae1e9d4d48f3,bkt_ema_epsilon_greedy,2026-08-24 08:30:36.025613+00:00,Core CS (Systems & Theory),irt_generative,pr_auc,0.6024331004415805
c08e68a7-1b8b-4db6-841a-ae1e9d4d48f3,bkt_ema_epsilon_greedy,2026-08-24 08:30:36.025613+00:00,Core CS (Systems & Theory),irt_generative,roc_auc,0.501658755780564
e2b0a99f-d360-4091-8a74-901d4eb8f7af,bkt_ema_epsilon_greedy,2026-08-24 08:29:53.990707+00:00,Core CS (Systems & Theory),bkt_generative,roc_auc,0.5060392233980313
e2b0a99f-d360-4091-8a74-901d4eb8f7af,bkt_ema_epsilon_greedy,2026-08-24 08:29:53.990707+00:00,Core CS (Systems & Theory),bkt_generative,subject_concepts_touched,1.0
e2b0a99f-d360-4091-8a74-901d4eb8f7af,bkt_ema_epsilon_greedy,2026-08-24 08:29:53.990707+00:00,Core CS (Systems & Theory),bkt_generative,subject_mean_true_mastery,0.2863100749295266
e2b0a99f-d360-4091-8a74-901d4eb8f7af,bkt_ema_epsilon_greedy,2026-08-24 08:29:53.990707+00:00,Core CS (Systems & Theory),bkt_generative,subject_accuracy,0.375
e2b0a99f-d360-4091-8a74-901d4eb8f7af,bkt_ema_epsilon_greedy,2026-08-24 08:29:53.990707+00:00,Core CS (Systems & Theory),bkt_generative,subject_n_asked,24.0
e2b0a99f-d360-4091-8a74-901d4eb8f7af,bkt_ema_epsilon_greedy,2026-08-24 08:29:53.990707+00:00,Core CS (Systems & Theory),bkt_generative,difficulty_match_rate,0.49465
e2b0a99f-d360-4091-8a74-901d4eb8f7af,bkt_ema_epsilon_greedy,2026-08-24 08:29:53.990707+00:00,Core CS (Systems & Theory),bkt_generative,repeat_rate,0.0
e2b0a99f-d360-4091-8a74-901d4eb8f7af,bkt_ema_epsilon_greedy,2026-08-24 08:29:53.990707+00:00,Core CS (Systems & Theory),bkt_generative,diversity,0.052
e2b0a99f-d360-4091-8a74-901d4eb8f7af,bkt_ema_epsilon_greedy,2026-08-24 08:29:53.990707+00:00,Core CS (Systems & Theory),bkt_generative,coverage,0.8934707903780069
e2b0a99f-d360-4091-8a74-901d4eb8f7af,bkt_ema_epsilon_greedy,2026-08-24 08:29:53.990707+00:00,Core CS (Systems & Theory),bkt_generative,questions_to_mastery,2.5
e2b0a99f-d360-4091-8a74-901d4eb8f7af,bkt_ema_epsilon_greedy,2026-08-24 08:29:53.990707+00:00,Core CS (Systems & Theory),bkt_generative,calibration_error,0.036649660179896015
e2b0a99f-d360-4091-8a74-901d4eb8f7af,bkt_ema_epsilon_greedy,2026-08-24 08:29:53.990707+00:00,Core CS (Systems & Theory),bkt_generative,log_loss,0.6834584103677506
e2b0a99f-d360-4091-8a74-901d4eb8f7af,bkt_ema_epsilon_greedy,2026-08-24 08:29:53.990707+00:00,Core CS (Systems & Theory),bkt_generative,brier_score,0.2449490600764971
e2b0a99f-d360-4091-8a74-901d4eb8f7af,bkt_ema_epsilon_greedy,2026-08-24 08:29:53.990707+00:00,Core CS (Systems & Theory),bkt_generative,pr_auc,0.41973934552719105
b3e6895f-ac22-48d4-96ec-1e4b1261cbe2,random,2026-08-24 08:29:38.758577+00:00,Aptitude,irt_generative,roc_auc,0.5182819831662062
b3e6895f-ac22-48d4-96ec-1e4b1261cbe2,random,2026-08-24 08:29:38.758577+00:00,Aptitude,irt_generative,pr_auc,0.595917291232879
b3e6895f-ac22-48d4-96ec-1e4b1261cbe2,random,2026-08-24 08:29:38.758577+00:00,Aptitude,irt_generative,brier_score,0.24195798539644925
b3e6895f-ac22-48d4-96ec-1e4b1261cbe2,random,2026-08-24 08:29:38.758577+00:00,Aptitude,irt_generative,log_loss,0.6775492835872565
b3e6895f-ac22-48d4-96ec-1e4b1261cbe2,random,2026-08-24 08:29:38.758577+00:00,Aptitude,irt_generative,calibration_error,0.035897365510222566
b3e6895f-ac22-48d4-96ec-1e4b1261cbe2,random,2026-08-24 08:29:38.758577+00:00,Aptitude,irt_generative,questions_to_mastery,1.0
b3e6895f-ac22-48d4-96ec-1e4b1261cbe2,random,2026-08-24 08:29:38.758577+00:00,Aptitude,irt_generative,coverage,1.0
b3e6895f-ac22-48d4-96ec-1e4b1261cbe2,random,2026-08-24 08:29:38.758577+00:00,Aptitude,irt_generative,diversity,0.0199
b3e6895f-ac22-48d4-96ec-1e4b1261cbe2,random,2026-08-24 08:29:38.758577+00:00,Aptitude,irt_generative,repeat_rate,0.0
b3e6895f-ac22-48d4-96ec-1e4b1261cbe2,random,2026-08-24 08:29:38.758577+00:00,Aptitude,irt_generative,difficulty_match_rate,0.3641
b3e6895f-ac22-48d4-96ec-1e4b1261cbe2,random,2026-08-24 08:29:38.758577+00:00,Aptitude,irt_generative,subject_n_asked,20000.0
b3e6895f-ac22-48d4-96ec-1e4b1261cbe2,random,2026-08-24 08:29:38.758577+00:00,Aptitude,irt_generative,subject_accuracy,0.5904
b3e6895f-ac22-48d4-96ec-1e4b1261cbe2,random,2026-08-24 08:29:38.758577+00:00,Aptitude,irt_generative,subject_mean_true_mastery,0.5208904998423781
b3e6895f-ac22-48d4-96ec-1e4b1261cbe2,random,2026-08-24 08:29:38.758577+00:00,Aptitude,irt_generative,subject_concepts_touched,398.0
4d8041c4-e980-4ad1-992c-1e519d9d083e,bkt_ema_epsilon_greedy,2026-08-24 08:26:20.899457+00:00,Aptitude,bkt_generative,coverage,0.9974874371859297
4d8041c4-e980-4ad1-992c-1e519d9d083e,bkt_ema_epsilon_greedy,2026-08-24 08:26:20.899457+00:00,Aptitude,bkt_generative,diversity,0.01985
4d8041c4-e980-4ad1-992c-1e519d9d083e,bkt_ema_epsilon_greedy,2026-08-24 08:26:20.899457+00:00,Aptitude,bkt_generative,repeat_rate,0.0
4d8041c4-e980-4ad1-992c-1e519d9d083e,bkt_ema_epsilon_greedy,2026-08-24 08:26:20.899457+00:00,Aptitude,bkt_generative,difficulty_match_rate,0.48835
4d8041c4-e980-4ad1-992c-1e519d9d083e,bkt_ema_epsilon_greedy,2026-08-24 08:26:20.899457+00:00,Aptitude,bkt_generative,subject_n_asked,20000.0
4d8041c4-e980-4ad1-992c-1e519d9d083e,bkt_ema_epsilon_greedy,2026-08-24 08:26:20.899457+00:00,Aptitude,bkt_generative,subject_accuracy,0.40465
4d8041c4-e980-4ad1-992c-1e519d9d083e,bkt_ema_epsilon_greedy,2026-08-24 08:26:20.899457+00:00,Aptitude,bkt_generative,subject_mean_true_mastery,0.2973957949356318
4d8041c4-e980-4ad1-992c-1e519d9d083e,bkt_ema_epsilon_greedy,2026-08-24 08:26:20.899457+00:00,Aptitude,bkt_generative,subject_concepts_touched,397.0
4d8041c4-e980-4ad1-992c-1e519d9d083e,bkt_ema_epsilon_greedy,2026-08-24 08:26:20.899457+00:00,Aptitude,bkt_generative,roc_auc,0.5156814907775468
4d8041c4-e980-4ad1-992c-1e519d9d083e,bkt_ema_epsilon_greedy,2026-08-24 08:26:20.899457+00:00,Aptitude,bkt_generative,pr_auc,0.413740877256888
4d8041c4-e980-4ad1-992c-1e519d9d083e,bkt_ema_epsilon_greedy,2026-08-24 08:26:20.899457+00:00,Aptitude,bkt_generative,brier_score,0.2465651359983707
4d8041c4-e980-4ad1-992c-1e519d9d083e,bkt_ema_epsilon_greedy,2026-08-24 08:26:20.899457+00:00,Aptitude,bkt_generative,log_loss,0.6862307834615853
4d8041c4-e980-4ad1-992c-1e519d9d083e,bkt_ema_epsilon_greedy,2026-08-24 08:26:20.899457+00:00,Aptitude,bkt_generative,calibration_error,0.0828774199007334
4d8041c4-e980-4ad1-992c-1e519d9d083e,bkt_ema_epsilon_greedy,2026-08-24 08:26:20.899457+00:00,Aptitude,bkt_generative,questions_to_mastery,3.0
f371b995-73f5-4968-b5d6-0b024322a5f6,bkt,2026-08-24 08:26:06.147885+00:00,Core CS (Systems & Theory),irt_generative,subject_mean_true_mastery,0.5169982834717608
f371b995-73f5-4968-b5d6-0b024322a5f6,bkt,2026-08-24 08:26:06.147885+00:00,Core CS (Systems & Theory),irt_generative,subject_accuracy,0.45
f371b995-73f5-4968-b5d6-0b024322a5f6,bkt,2026-08-24 08:26:06.147885+00:00,Core CS (Systems & Theory),irt_generative,subject_n_asked,20.0
f371b995-73f5-4968-b5d6-0b024322a5f6,bkt,2026-08-24 08:26:06.147885+00:00,Core CS (Systems & Theory),irt_generative,subject_concepts_touched,131.0
f371b995-73f5-4968-b5d6-0b024322a5f6,bkt,2026-08-24 08:26:06.147885+00:00,Core CS (Systems & Theory),irt_generative,roc_auc,0.49762030319042677
f371b995-73f5-4968-b5d6-0b024322a5f6,bkt,2026-08-24 08:26:06.147885+00:00,Core CS (Systems & Theory),irt_generative,difficulty_match_rate,0.3507
f371b995-73f5-4968-b5d6-0b024322a5f6,bkt,2026-08-24 08:26:06.147885+00:00,Core CS (Systems & Theory),irt_generative,repeat_rate,0.0
f371b995-73f5-4968-b5d6-0b024322a5f6,bkt,2026-08-24 08:26:06.147885+00:00,Core CS (Systems & Theory),irt_generative,diversity,0.0533
f371b995-73f5-4968-b5d6-0b024322a5f6,bkt,2026-08-24 08:26:06.147885+00:00,Core CS (Systems & Theory),irt_generative,coverage,0.915807560137457
f371b995-73f5-4968-b5d6-0b024322a5f6,bkt,2026-08-24 08:26:06.147885+00:00,Core CS (Systems & Theory),irt_generative,questions_to_mastery,1.0
f371b995-73f5-4968-b5d6-0b024322a5f6,bkt,2026-08-24 08:26:06.147885+00:00,Core CS (Systems & Theory),irt_generative,calibration_error,0.22822545621772888
f371b995-73f5-4968-b5d6-0b024322a5f6,bkt,2026-08-24 08:26:06.147885+00:00,Core CS (Systems & Theory),irt_generative,log_loss,0.7810717041065018
f371b995-73f5-4968-b5d6-0b024322a5f6,bkt,2026-08-24 08:26:06.147885+00:00,Core CS (Systems & Theory),irt_generative,brier_score,0.29237444071282814
f371b995-73f5-4968-b5d6-0b024322a5f6,bkt,2026-08-24 08:26:06.147885+00:00,Core CS (Systems & Theory),irt_generative,pr_auc,0.6056296234557619
d713c7b0-a554-4f54-8801-8e0b6cc71c5b,bkt,2026-08-24 08:25:21.989991+00:00,Core CS (Systems & Theory),bkt_generative,subject_n_asked,2811.0
d713c7b0-a554-4f54-8801-8e0b6cc71c5b,bkt,2026-08-24 08:25:21.989991+00:00,Core CS (Systems & Theory),bkt_generative,subject_concepts_touched,1.0
d713c7b0-a554-4f54-8801-8e0b6cc71c5b,bkt,2026-08-24 08:25:21.989991+00:00,Core CS (Systems & Theory),bkt_generative,subject_mean_true_mastery,0.29999999999999993
d713c7b0-a554-4f54-8801-8e0b6cc71c5b,bkt,2026-08-24 08:25:21.989991+00:00,Core CS (Systems & Theory),bkt_generative,subject_accuracy,0.38095238095238093
d713c7b0-a554-4f54-8801-8e0b6cc71c5b,bkt,2026-08-24 08:25:21.989991+00:00,Core CS (Systems & Theory),bkt_generative,difficulty_match_rate,0.49165
d713c7b0-a554-4f54-8801-8e0b6cc71c5b,bkt,2026-08-24 08:25:21.989991+00:00,Core CS (Systems & Theory),bkt_generative,repeat_rate,0.0
d713c7b0-a554-4f54-8801-8e0b6cc71c5b,bkt,2026-08-24 08:25:21.989991+00:00,Core CS (Systems & Theory),bkt_generative,diversity,0.05245
d713c7b0-a554-4f54-8801-8e0b6cc71c5b,bkt,2026-08-24 08:25:21.989991+00:00,Core CS (Systems & Theory),bkt_generative,coverage,0.9012027491408935
d713c7b0-a554-4f54-8801-8e0b6cc71c5b,bkt,2026-08-24 08:25:21.989991+00:00,Core CS (Systems & Theory),bkt_generative,calibration_error,0.03484183167810028
d713c7b0-a554-4f54-8801-8e0b6cc71c5b,bkt,2026-08-24 08:25:21.989991+00:00,Core CS (Systems & Theory),bkt_generative,log_loss,0.6832440071041527
d713c7b0-a554-4f54-8801-8e0b6cc71c5b,bkt,2026-08-24 08:25:21.989991+00:00,Core CS (Systems & Theory),bkt_generative,brier_score,0.24484873005213034
d713c7b0-a554-4f54-8801-8e0b6cc71c5b,bkt,2026-08-24 08:25:21.989991+00:00,Core CS (Systems & Theory),bkt_generative,pr_auc,0.41500750036801226
d713c7b0-a554-4f54-8801-8e0b6cc71c5b,bkt,2026-08-24 08:25:21.989991+00:00,Core CS (Systems & Theory),bkt_generative,roc_auc,0.5017223217307092
ee923596-7f0b-4871-a695-b2300b59d01d,bkt,2026-08-24 08:22:44.217438+00:00,Aptitude,bkt_generative,subject_accuracy,0.4107
ee923596-7f0b-4871-a695-b2300b59d01d,bkt,2026-08-24 08:22:44.217438+00:00,Aptitude,bkt_generative,subject_n_asked,20000.0
ee923596-7f0b-4871-a695-b2300b59d01d,bkt,2026-08-24 08:22:44.217438+00:00,Aptitude,bkt_generative,repeat_rate,0.0
ee923596-7f0b-4871-a695-b2300b59d01d,bkt,2026-08-24 08:22:44.217438+00:00,Aptitude,bkt_generative,diversity,0.01985
ee923596-7f0b-4871-a695-b2300b59d01d,bkt,2026-08-24 08:22:44.217438+00:00,Aptitude,bkt_generative,coverage,0.9974874371859297
ee923596-7f0b-4871-a695-b2300b59d01d,bkt,2026-08-24 08:22:44.217438+00:00,Aptitude,bkt_generative,questions_to_mastery,3.0
ee923596-7f0b-4871-a695-b2300b59d01d,bkt,2026-08-24 08:22:44.217438+00:00,Aptitude,bkt_generative,calibration_error,0.07772167982535594
ee923596-7f0b-4871-a695-b2300b59d01d,bkt,2026-08-24 08:22:44.217438+00:00,Aptitude,bkt_generative,log_loss,0.6853542577621045
ee923596-7f0b-4871-a695-b2300b59d01d,bkt,2026-08-24 08:22:44.217438+00:00,Aptitude,bkt_generative,brier_score,0.24615298466849977
ee923596-7f0b-4871-a695-b2300b59d01d,bkt,2026-08-24 08:22:44.217438+00:00,Aptitude,bkt_generative,pr_auc,0.4233139258186882
ee923596-7f0b-4871-a695-b2300b59d01d,bkt,2026-08-24 08:22:44.217438+00:00,Aptitude,bkt_generative,roc_auc,0.5193538121250112
ee923596-7f0b-4871-a695-b2300b59d01d,bkt,2026-08-24 08:22:44.217438+00:00,Aptitude,bkt_generative,difficulty_match_rate,0.48615
ee923596-7f0b-4871-a695-b2300b59d01d,bkt,2026-08-24 08:22:44.217438+00:00,Aptitude,bkt_generative,subject_concepts_touched,397.0
ee923596-7f0b-4871-a695-b2300b59d01d,bkt,2026-08-24 08:22:44.217438+00:00,Aptitude,bkt_generative,subject_mean_true_mastery,0.29758874563763277
70977b81-6b4a-451a-af7b-62efd5b205b2,ema_only,2026-08-24 08:21:06.391825+00:00,Core CS (Systems & Theory),irt_generative,subject_mean_true_mastery,0.5241734617521501
70977b81-6b4a-451a-af7b-62efd5b205b2,ema_only,2026-08-24 08:21:06.391825+00:00,Core CS (Systems & Theory),irt_generative,subject_accuracy,0.6242625368731564
70977b81-6b4a-451a-af7b-62efd5b205b2,ema_only,2026-08-24 08:21:06.391825+00:00,Core CS (Systems & Theory),irt_generative,subject_n_asked,2712.0
70977b81-6b4a-451a-af7b-62efd5b205b2,ema_only,2026-08-24 08:21:06.391825+00:00,Core CS (Systems & Theory),irt_generative,subject_concepts_touched,141.0
70977b81-6b4a-451a-af7b-62efd5b205b2,ema_only,2026-08-24 08:21:06.391825+00:00,Core CS (Systems & Theory),irt_generative,difficulty_match_rate,0.35515
70977b81-6b4a-451a-af7b-62efd5b205b2,ema_only,2026-08-24 08:21:06.391825+00:00,Core CS (Systems & Theory),irt_generative,repeat_rate,0.0
70977b81-6b4a-451a-af7b-62efd5b205b2,ema_only,2026-08-24 08:21:06.391825+00:00,Core CS (Systems & Theory),irt_generative,diversity,0.05225
70977b81-6b4a-451a-af7b-62efd5b205b2,ema_only,2026-08-24 08:21:06.391825+00:00,Core CS (Systems & Theory),irt_generative,coverage,0.897766323024055
70977b81-6b4a-451a-af7b-62efd5b205b2,ema_only,2026-08-24 08:21:06.391825+00:00,Core CS (Systems & Theory),irt_generative,questions_to_mastery,1.0
70977b81-6b4a-451a-af7b-62efd5b205b2,ema_only,2026-08-24 08:21:06.391825+00:00,Core CS (Systems & Theory),irt_generative,calibration_error,0.10449749999999997
70977b81-6b4a-451a-af7b-62efd5b205b2,ema_only,2026-08-24 08:21:06.391825+00:00,Core CS (Systems & Theory),irt_generative,log_loss,0.6934650651348031
70977b81-6b4a-451a-af7b-62efd5b205b2,ema_only,2026-08-24 08:21:06.391825+00:00,Core CS (Systems & Theory),irt_generative,brier_score,0.2501522275
70977b81-6b4a-451a-af7b-62efd5b205b2,ema_only,2026-08-24 08:21:06.391825+00:00,Core CS (Systems & Theory),irt_generative,pr_auc,0.6037797826977603
70977b81-6b4a-451a-af7b-62efd5b205b2,ema_only,2026-08-24 08:21:06.391825+00:00,Core CS (Systems & Theory),irt_generative,roc_auc,0.5002620346287562
bf9b1458-1b3f-4092-893f-1b59d366d98e,ema_only,2026-08-24 08:20:26.980826+00:00,Core CS (Systems & Theory),bkt_generative,subject_accuracy,0.39285714285714285
bf9b1458-1b3f-4092-893f-1b59d366d98e,ema_only,2026-08-24 08:20:26.980826+00:00,Core CS (Systems & Theory),bkt_generative,coverage,0.8780068728522337
bf9b1458-1b3f-4092-893f-1b59d366d98e,ema_only,2026-08-24 08:20:26.980826+00:00,Core CS (Systems & Theory),bkt_generative,calibration_error,0.08321400000000001
bf9b1458-1b3f-4092-893f-1b59d366d98e,ema_only,2026-08-24 08:20:26.980826+00:00,Core CS (Systems & Theory),bkt_generative,log_loss,0.6926655435805781
bf9b1458-1b3f-4092-893f-1b59d366d98e,ema_only,2026-08-24 08:20:26.980826+00:00,Core CS (Systems & Theory),bkt_generative,brier_score,0.24976550499999997
bf9b1458-1b3f-4092-893f-1b59d366d98e,ema_only,2026-08-24 08:20:26.980826+00:00,Core CS (Systems & Theory),bkt_generative,pr_auc,0.41721190889331006
bf9b1458-1b3f-4092-893f-1b59d366d98e,ema_only,2026-08-24 08:20:26.980826+00:00,Core CS (Systems & Theory),bkt_generative,roc_auc,0.5019923881635274
bf9b1458-1b3f-4092-893f-1b59d366d98e,ema_only,2026-08-24 08:20:26.980826+00:00,Core CS (Systems & Theory),bkt_generative,subject_n_asked,20.0
bf9b1458-1b3f-4092-893f-1b59d366d98e,ema_only,2026-08-24 08:20:26.980826+00:00,Core CS (Systems & Theory),bkt_generative,subject_concepts_touched,1.0
bf9b1458-1b3f-4092-893f-1b59d366d98e,ema_only,2026-08-24 08:20:26.980826+00:00,Core CS (Systems & Theory),bkt_generative,subject_mean_true_mastery,0.3
bf9b1458-1b3f-4092-893f-1b59d366d98e,ema_only,2026-08-24 08:20:26.980826+00:00,Core CS (Systems & Theory),bkt_generative,difficulty_match_rate,0.502
bf9b1458-1b3f-4092-893f-1b59d366d98e,ema_only,2026-08-24 08:20:26.980826+00:00,Core CS (Systems & Theory),bkt_generative,repeat_rate,0.0
bf9b1458-1b3f-4092-893f-1b59d366d98e,ema_only,2026-08-24 08:20:26.980826+00:00,Core CS (Systems & Theory),bkt_generative,diversity,0.0511
f05c6b72-1e19-449e-8317-d7908e8d744d,ema_only,2026-08-24 08:19:04.562399+00:00,Aptitude,bkt_generative,subject_mean_true_mastery,0.2997188586846775
f05c6b72-1e19-449e-8317-d7908e8d744d,ema_only,2026-08-24 08:19:04.562399+00:00,Aptitude,bkt_generative,subject_accuracy,0.40585
f05c6b72-1e19-449e-8317-d7908e8d744d,ema_only,2026-08-24 08:19:04.562399+00:00,Aptitude,bkt_generative,subject_n_asked,20000.0
f05c6b72-1e19-449e-8317-d7908e8d744d,ema_only,2026-08-24 08:19:04.562399+00:00,Aptitude,bkt_generative,roc_auc,0.5133045116044632
f05c6b72-1e19-449e-8317-d7908e8d744d,ema_only,2026-08-24 08:19:04.562399+00:00,Aptitude,bkt_generative,difficulty_match_rate,0.4928
f05c6b72-1e19-449e-8317-d7908e8d744d,ema_only,2026-08-24 08:19:04.562399+00:00,Aptitude,bkt_generative,repeat_rate,0.0
f05c6b72-1e19-449e-8317-d7908e8d744d,ema_only,2026-08-24 08:19:04.562399+00:00,Aptitude,bkt_generative,diversity,0.0198
f05c6b72-1e19-449e-8317-d7908e8d744d,ema_only,2026-08-24 08:19:04.562399+00:00,Aptitude,bkt_generative,coverage,0.9949748743718593
f05c6b72-1e19-449e-8317-d7908e8d744d,ema_only,2026-08-24 08:19:04.562399+00:00,Aptitude,bkt_generative,questions_to_mastery,3.0
f05c6b72-1e19-449e-8317-d7908e8d744d,ema_only,2026-08-24 08:19:04.562399+00:00,Aptitude,bkt_generative,calibration_error,0.09211347500000004
f05c6b72-1e19-449e-8317-d7908e8d744d,ema_only,2026-08-24 08:19:04.562399+00:00,Aptitude,bkt_generative,log_loss,0.6900242796480011
f05c6b72-1e19-449e-8317-d7908e8d744d,ema_only,2026-08-24 08:19:04.562399+00:00,Aptitude,bkt_generative,brier_score,0.2484719858125
f05c6b72-1e19-449e-8317-d7908e8d744d,ema_only,2026-08-24 08:19:04.562399+00:00,Aptitude,bkt_generative,pr_auc,0.4151384178677423
f05c6b72-1e19-449e-8317-d7908e8d744d,ema_only,2026-08-24 08:19:04.562399+00:00,Aptitude,bkt_generative,subject_concepts_touched,396.0
65037801-7d45-4719-9b5b-26d744046bda,rule_weakest_topic,2026-08-24 08:14:00.251785+00:00,Aptitude,bkt_generative,subject_accuracy,0.3898
65037801-7d45-4719-9b5b-26d744046bda,rule_weakest_topic,2026-08-24 08:14:00.251785+00:00,Aptitude,bkt_generative,repeat_rate,0.0
65037801-7d45-4719-9b5b-26d744046bda,rule_weakest_topic,2026-08-24 08:14:00.251785+00:00,Aptitude,bkt_generative,diversity,0.01985
65037801-7d45-4719-9b5b-26d744046bda,rule_weakest_topic,2026-08-24 08:14:00.251785+00:00,Aptitude,bkt_generative,coverage,0.9974874371859297
65037801-7d45-4719-9b5b-26d744046bda,rule_weakest_topic,2026-08-24 08:14:00.251785+00:00,Aptitude,bkt_generative,questions_to_mastery,4.486187845303867
65037801-7d45-4719-9b5b-26d744046bda,rule_weakest_topic,2026-08-24 08:14:00.251785+00:00,Aptitude,bkt_generative,calibration_error,0.0037853060872057947
65037801-7d45-4719-9b5b-26d744046bda,rule_weakest_topic,2026-08-24 08:14:00.251785+00:00,Aptitude,bkt_generative,log_loss,0.6695497105656457
65037801-7d45-4719-9b5b-26d744046bda,rule_weakest_topic,2026-08-24 08:14:00.251785+00:00,Aptitude,bkt_generative,brier_score,0.23800625745527576
65037801-7d45-4719-9b5b-26d744046bda,rule_weakest_topic,2026-08-24 08:14:00.251785+00:00,Aptitude,bkt_generative,pr_auc,0.3865942961709873
65037801-7d45-4719-9b5b-26d744046bda,rule_weakest_topic,2026-08-24 08:14:00.251785+00:00,Aptitude,bkt_generative,roc_auc,0.49645775640854234
65037801-7d45-4719-9b5b-26d744046bda,rule_weakest_topic,2026-08-24 08:14:00.251785+00:00,Aptitude,bkt_generative,subject_concepts_touched,397.0
65037801-7d45-4719-9b5b-26d744046bda,rule_weakest_topic,2026-08-24 08:14:00.251785+00:00,Aptitude,bkt_generative,subject_mean_true_mastery,0.27496199358918283
65037801-7d45-4719-9b5b-26d744046bda,rule_weakest_topic,2026-08-24 08:14:00.251785+00:00,Aptitude,bkt_generative,subject_n_asked,20000.0
65037801-7d45-4719-9b5b-26d744046bda,rule_weakest_topic,2026-08-24 08:14:00.251785+00:00,Aptitude,bkt_generative,difficulty_match_rate,0.4583
dec5bd9c-cca7-433d-82b5-e91ad0970953,rule_weakest_topic,2026-08-24 08:13:22.334169+00:00,Core CS (Systems & Theory),irt_generative,coverage,0.9939862542955327
dec5bd9c-cca7-433d-82b5-e91ad0970953,rule_weakest_topic,2026-08-24 08:13:22.334169+00:00,Core CS (Systems & Theory),irt_generative,subject_concepts_touched,2.0
dec5bd9c-cca7-433d-82b5-e91ad0970953,rule_weakest_topic,2026-08-24 08:13:22.334169+00:00,Core CS (Systems & Theory),irt_generative,subject_mean_true_mastery,0.551026620774514
dec5bd9c-cca7-433d-82b5-e91ad0970953,rule_weakest_topic,2026-08-24 08:13:22.334169+00:00,Core CS (Systems & Theory),irt_generative,subject_accuracy,0.7
dec5bd9c-cca7-433d-82b5-e91ad0970953,rule_weakest_topic,2026-08-24 08:13:22.334169+00:00,Core CS (Systems & Theory),irt_generative,subject_n_asked,10.0
dec5bd9c-cca7-433d-82b5-e91ad0970953,rule_weakest_topic,2026-08-24 08:13:22.334169+00:00,Core CS (Systems & Theory),irt_generative,difficulty_match_rate,0.364
dec5bd9c-cca7-433d-82b5-e91ad0970953,rule_weakest_topic,2026-08-24 08:13:22.334169+00:00,Core CS (Systems & Theory),irt_generative,repeat_rate,0.0
dec5bd9c-cca7-433d-82b5-e91ad0970953,rule_weakest_topic,2026-08-24 08:13:22.334169+00:00,Core CS (Systems & Theory),irt_generative,diversity,0.05785
dec5bd9c-cca7-433d-82b5-e91ad0970953,rule_weakest_topic,2026-08-24 08:13:22.334169+00:00,Core CS (Systems & Theory),irt_generative,questions_to_mastery,1.0
dec5bd9c-cca7-433d-82b5-e91ad0970953,rule_weakest_topic,2026-08-24 08:13:22.334169+00:00,Core CS (Systems & Theory),irt_generative,calibration_error,0.030641816631331743
dec5bd9c-cca7-433d-82b5-e91ad0970953,rule_weakest_topic,2026-08-24 08:13:22.334169+00:00,Core CS (Systems & Theory),irt_generative,log_loss,0.6899221298045897
dec5bd9c-cca7-433d-82b5-e91ad0970953,rule_weakest_topic,2026-08-24 08:13:22.334169+00:00,Core CS (Systems & Theory),irt_generative,brier_score,0.2480950408530361
dec5bd9c-cca7-433d-82b5-e91ad0970953,rule_weakest_topic,2026-08-24 08:13:22.334169+00:00,Core CS (Systems & Theory),irt_generative,pr_auc,0.5482500745425276
dec5bd9c-cca7-433d-82b5-e91ad0970953,rule_weakest_topic,2026-08-24 08:13:22.334169+00:00,Core CS (Systems & Theory),irt_generative,roc_auc,0.513541191090862
d539a404-5190-48b6-b46e-629b933bfb1f,random,2026-08-24 08:10:32.405769+00:00,Aptitude,bkt_generative,subject_accuracy,0.47075
d539a404-5190-48b6-b46e-629b933bfb1f,random,2026-08-24 08:10:32.405769+00:00,Aptitude,bkt_generative,subject_n_asked,20000.0
d539a404-5190-48b6-b46e-629b933bfb1f,random,2026-08-24 08:10:32.405769+00:00,Aptitude,bkt_generative,difficulty_match_rate,0.31345
d539a404-5190-48b6-b46e-629b933bfb1f,random,2026-08-24 08:10:32.405769+00:00,Aptitude,bkt_generative,repeat_rate,0.0
d539a404-5190-48b6-b46e-629b933bfb1f,random,2026-08-24 08:10:32.405769+00:00,Aptitude,bkt_generative,subject_concepts_touched,398.0
d539a404-5190-48b6-b46e-629b933bfb1f,random,2026-08-24 08:10:32.405769+00:00,Aptitude,bkt_generative,subject_mean_true_mastery,0.38519543512674626
d539a404-5190-48b6-b46e-629b933bfb1f,random,2026-08-24 08:10:32.405769+00:00,Aptitude,bkt_generative,diversity,0.0199
d539a404-5190-48b6-b46e-629b933bfb1f,random,2026-08-24 08:10:32.405769+00:00,Aptitude,bkt_generative,coverage,1.0
d539a404-5190-48b6-b46e-629b933bfb1f,random,2026-08-24 08:10:32.405769+00:00,Aptitude,bkt_generative,questions_to_mastery,4.3896103896103895
d539a404-5190-48b6-b46e-629b933bfb1f,random,2026-08-24 08:10:32.405769+00:00,Aptitude,bkt_generative,calibration_error,0.0040797217630596785
d539a404-5190-48b6-b46e-629b933bfb1f,random,2026-08-24 08:10:32.405769+00:00,Aptitude,bkt_generative,log_loss,0.6923274076977532
d539a404-5190-48b6-b46e-629b933bfb1f,random,2026-08-24 08:10:32.405769+00:00,Aptitude,bkt_generative,brier_score,0.24929767103283892
d539a404-5190-48b6-b46e-629b933bfb1f,random,2026-08-24 08:10:32.405769+00:00,Aptitude,bkt_generative,pr_auc,0.4668269610644386
d539a404-5190-48b6-b46e-629b933bfb1f,random,2026-08-24 08:10:32.405769+00:00,Aptitude,bkt_generative,roc_auc,0.4992173114440895
c4f3a10c-efa9-49ff-bc9a-bca7203ab2d9,random,2026-08-24 08:09:09.559386+00:00,Core CS (Systems & Theory),irt_generative,subject_n_asked,4.0
c4f3a10c-efa9-49ff-bc9a-bca7203ab2d9,random,2026-08-24 08:09:09.559386+00:00,Core CS (Systems & Theory),irt_generative,pr_auc,0.5438523456147278
c4f3a10c-efa9-49ff-bc9a-bca7203ab2d9,random,2026-08-24 08:09:09.559386+00:00,Core CS (Systems & Theory),irt_generative,brier_score,0.24852530531422262
c4f3a10c-efa9-49ff-bc9a-bca7203ab2d9,random,2026-08-24 08:09:09.559386+00:00,Core CS (Systems & Theory),irt_generative,log_loss,0.6907877267188823
c4f3a10c-efa9-49ff-bc9a-bca7203ab2d9,random,2026-08-24 08:09:09.559386+00:00,Core CS (Systems & Theory),irt_generative,calibration_error,0.030141312451710672
c4f3a10c-efa9-49ff-bc9a-bca7203ab2d9,random,2026-08-24 08:09:09.559386+00:00,Core CS (Systems & Theory),irt_generative,questions_to_mastery,1.0
c4f3a10c-efa9-49ff-bc9a-bca7203ab2d9,random,2026-08-24 08:09:09.559386+00:00,Core CS (Systems & Theory),irt_generative,coverage,1.0
c4f3a10c-efa9-49ff-bc9a-bca7203ab2d9,random,2026-08-24 08:09:09.559386+00:00,Core CS (Systems & Theory),irt_generative,diversity,0.0582
c4f3a10c-efa9-49ff-bc9a-bca7203ab2d9,random,2026-08-24 08:09:09.559386+00:00,Core CS (Systems & Theory),irt_generative,repeat_rate,0.0
c4f3a10c-efa9-49ff-bc9a-bca7203ab2d9,random,2026-08-24 08:09:09.559386+00:00,Core CS (Systems & Theory),irt_generative,difficulty_match_rate,0.36765
c4f3a10c-efa9-49ff-bc9a-bca7203ab2d9,random,2026-08-24 08:09:09.559386+00:00,Core CS (Systems & Theory),irt_generative,subject_accuracy,0.5180209698558322
c4f3a10c-efa9-49ff-bc9a-bca7203ab2d9,random,2026-08-24 08:09:09.559386+00:00,Core CS (Systems & Theory),irt_generative,subject_mean_true_mastery,0.514678877064746
c4f3a10c-efa9-49ff-bc9a-bca7203ab2d9,random,2026-08-24 08:09:09.559386+00:00,Core CS (Systems & Theory),irt_generative,subject_concepts_touched,167.0
c4f3a10c-efa9-49ff-bc9a-bca7203ab2d9,random,2026-08-24 08:09:09.559386+00:00,Core CS (Systems & Theory),irt_generative,roc_auc,0.5137479365450538
82a21df9-27e7-4dc7-82fe-d97ffc647c4f,bkt_ema_epsilon_greedy,2026-08-23 08:19:47.724664+00:00,Programming & DSA,simple_ability_placeholder,roc_auc,0.4946271323477209
82a21df9-27e7-4dc7-82fe-d97ffc647c4f,bkt_ema_epsilon_greedy,2026-08-23 08:19:47.724664+00:00,Programming & DSA,simple_ability_placeholder,subject_concepts_touched,185.0
82a21df9-27e7-4dc7-82fe-d97ffc647c4f,bkt_ema_epsilon_greedy,2026-08-23 08:19:47.724664+00:00,Programming & DSA,simple_ability_placeholder,subject_mean_true_mastery,0.3005409983143281
82a21df9-27e7-4dc7-82fe-d97ffc647c4f,bkt_ema_epsilon_greedy,2026-08-23 08:19:47.724664+00:00,Programming & DSA,simple_ability_placeholder,subject_accuracy,0.5331350190051232
82a21df9-27e7-4dc7-82fe-d97ffc647c4f,bkt_ema_epsilon_greedy,2026-08-23 08:19:47.724664+00:00,Programming & DSA,simple_ability_placeholder,subject_n_asked,6051.0
82a21df9-27e7-4dc7-82fe-d97ffc647c4f,bkt_ema_epsilon_greedy,2026-08-23 08:19:47.724664+00:00,Programming & DSA,simple_ability_placeholder,difficulty_match_rate,0.46535
82a21df9-27e7-4dc7-82fe-d97ffc647c4f,bkt_ema_epsilon_greedy,2026-08-23 08:19:47.724664+00:00,Programming & DSA,simple_ability_placeholder,repeat_rate,0.0
82a21df9-27e7-4dc7-82fe-d97ffc647c4f,bkt_ema_epsilon_greedy,2026-08-23 08:19:47.724664+00:00,Programming & DSA,simple_ability_placeholder,diversity,0.0277
82a21df9-27e7-4dc7-82fe-d97ffc647c4f,bkt_ema_epsilon_greedy,2026-08-23 08:19:47.724664+00:00,Programming & DSA,simple_ability_placeholder,coverage,0.9753521126760564
82a21df9-27e7-4dc7-82fe-d97ffc647c4f,bkt_ema_epsilon_greedy,2026-08-23 08:19:47.724664+00:00,Programming & DSA,simple_ability_placeholder,calibration_error,0.1626583870548554
82a21df9-27e7-4dc7-82fe-d97ffc647c4f,bkt_ema_epsilon_greedy,2026-08-23 08:19:47.724664+00:00,Programming & DSA,simple_ability_placeholder,log_loss,0.7434838617861633
82a21df9-27e7-4dc7-82fe-d97ffc647c4f,bkt_ema_epsilon_greedy,2026-08-23 08:19:47.724664+00:00,Programming & DSA,simple_ability_placeholder,brier_score,0.27453261238783244
82a21df9-27e7-4dc7-82fe-d97ffc647c4f,bkt_ema_epsilon_greedy,2026-08-23 08:19:47.724664+00:00,Programming & DSA,simple_ability_placeholder,pr_auc,0.54490780596081
8ec22837-aeb4-484c-9bfa-188db7fb15c5,bkt,2026-08-23 08:16:51.395391+00:00,Programming & DSA,simple_ability_placeholder,brier_score,0.27475901626633564
8ec22837-aeb4-484c-9bfa-188db7fb15c5,bkt,2026-08-23 08:16:51.395391+00:00,Programming & DSA,simple_ability_placeholder,subject_concepts_touched,186.0
8ec22837-aeb4-484c-9bfa-188db7fb15c5,bkt,2026-08-23 08:16:51.395391+00:00,Programming & DSA,simple_ability_placeholder,subject_mean_true_mastery,0.3005202320732722
8ec22837-aeb4-484c-9bfa-188db7fb15c5,bkt,2026-08-23 08:16:51.395391+00:00,Programming & DSA,simple_ability_placeholder,subject_accuracy,0.5318900915903414
8ec22837-aeb4-484c-9bfa-188db7fb15c5,bkt,2026-08-23 08:16:51.395391+00:00,Programming & DSA,simple_ability_placeholder,subject_n_asked,6005.0
8ec22837-aeb4-484c-9bfa-188db7fb15c5,bkt,2026-08-23 08:16:51.395391+00:00,Programming & DSA,simple_ability_placeholder,difficulty_match_rate,0.46845
8ec22837-aeb4-484c-9bfa-188db7fb15c5,bkt,2026-08-23 08:16:51.395391+00:00,Programming & DSA,simple_ability_placeholder,repeat_rate,0.0
8ec22837-aeb4-484c-9bfa-188db7fb15c5,bkt,2026-08-23 08:16:51.395391+00:00,Programming & DSA,simple_ability_placeholder,roc_auc,0.49451502223540217
8ec22837-aeb4-484c-9bfa-188db7fb15c5,bkt,2026-08-23 08:16:51.395391+00:00,Programming & DSA,simple_ability_placeholder,diversity,0.02755
8ec22837-aeb4-484c-9bfa-188db7fb15c5,bkt,2026-08-23 08:16:51.395391+00:00,Programming & DSA,simple_ability_placeholder,coverage,0.9700704225352113
8ec22837-aeb4-484c-9bfa-188db7fb15c5,bkt,2026-08-23 08:16:51.395391+00:00,Programming & DSA,simple_ability_placeholder,calibration_error,0.1633291057778096
8ec22837-aeb4-484c-9bfa-188db7fb15c5,bkt,2026-08-23 08:16:51.395391+00:00,Programming & DSA,simple_ability_placeholder,log_loss,0.7439922544459012
8ec22837-aeb4-484c-9bfa-188db7fb15c5,bkt,2026-08-23 08:16:51.395391+00:00,Programming & DSA,simple_ability_placeholder,pr_auc,0.544792514729506
29c727ed-de1c-4b24-891d-37b8d373be7d,ema_only,2026-08-23 08:10:29.947299+00:00,Programming & DSA,simple_ability_placeholder,subject_accuracy,0.5491756272401433
29c727ed-de1c-4b24-891d-37b8d373be7d,ema_only,2026-08-23 08:10:29.947299+00:00,Programming & DSA,simple_ability_placeholder,subject_concepts_touched,186.0
29c727ed-de1c-4b24-891d-37b8d373be7d,ema_only,2026-08-23 08:10:29.947299+00:00,Programming & DSA,simple_ability_placeholder,subject_mean_true_mastery,0.30029434710743796
29c727ed-de1c-4b24-891d-37b8d373be7d,ema_only,2026-08-23 08:10:29.947299+00:00,Programming & DSA,simple_ability_placeholder,subject_n_asked,6050.0
29c727ed-de1c-4b24-891d-37b8d373be7d,ema_only,2026-08-23 08:10:29.947299+00:00,Programming & DSA,simple_ability_placeholder,difficulty_match_rate,0.46465
29c727ed-de1c-4b24-891d-37b8d373be7d,ema_only,2026-08-23 08:10:29.947299+00:00,Programming & DSA,simple_ability_placeholder,repeat_rate,0.0
29c727ed-de1c-4b24-891d-37b8d373be7d,ema_only,2026-08-23 08:10:29.947299+00:00,Programming & DSA,simple_ability_placeholder,diversity,0.02755
29c727ed-de1c-4b24-891d-37b8d373be7d,ema_only,2026-08-23 08:10:29.947299+00:00,Programming & DSA,simple_ability_placeholder,coverage,0.9700704225352113
29c727ed-de1c-4b24-891d-37b8d373be7d,ema_only,2026-08-23 08:10:29.947299+00:00,Programming & DSA,simple_ability_placeholder,calibration_error,0.042196999999999964
29c727ed-de1c-4b24-891d-37b8d373be7d,ema_only,2026-08-23 08:10:29.947299+00:00,Programming & DSA,simple_ability_placeholder,log_loss,0.6933609147790954
29c727ed-de1c-4b24-891d-37b8d373be7d,ema_only,2026-08-23 08:10:29.947299+00:00,Programming & DSA,simple_ability_placeholder,brier_score,0.25009396
29c727ed-de1c-4b24-891d-37b8d373be7d,ema_only,2026-08-23 08:10:29.947299+00:00,Programming & DSA,simple_ability_placeholder,pr_auc,0.5415253699065921
29c727ed-de1c-4b24-891d-37b8d373be7d,ema_only,2026-08-23 08:10:29.947299+00:00,Programming & DSA,simple_ability_placeholder,roc_auc,0.5021413799247453
63fa77eb-a081-4670-ab82-e869a02820fb,rule_weakest_topic,2026-08-23 08:06:23.778384+00:00,Programming & DSA,simple_ability_placeholder,roc_auc,0.5043056982216964
63fa77eb-a081-4670-ab82-e869a02820fb,rule_weakest_topic,2026-08-23 08:06:23.778384+00:00,Programming & DSA,simple_ability_placeholder,subject_concepts_touched,199.0
63fa77eb-a081-4670-ab82-e869a02820fb,rule_weakest_topic,2026-08-23 08:06:23.778384+00:00,Programming & DSA,simple_ability_placeholder,subject_mean_true_mastery,0.3064661616471721
63fa77eb-a081-4670-ab82-e869a02820fb,rule_weakest_topic,2026-08-23 08:06:23.778384+00:00,Programming & DSA,simple_ability_placeholder,subject_accuracy,0.5020123423665146
63fa77eb-a081-4670-ab82-e869a02820fb,rule_weakest_topic,2026-08-23 08:06:23.778384+00:00,Programming & DSA,simple_ability_placeholder,subject_n_asked,3727.0
63fa77eb-a081-4670-ab82-e869a02820fb,rule_weakest_topic,2026-08-23 08:06:23.778384+00:00,Programming & DSA,simple_ability_placeholder,difficulty_match_rate,0.40395
63fa77eb-a081-4670-ab82-e869a02820fb,rule_weakest_topic,2026-08-23 08:06:23.778384+00:00,Programming & DSA,simple_ability_placeholder,repeat_rate,0.0
63fa77eb-a081-4670-ab82-e869a02820fb,rule_weakest_topic,2026-08-23 08:06:23.778384+00:00,Programming & DSA,simple_ability_placeholder,diversity,0.0284
63fa77eb-a081-4670-ab82-e869a02820fb,rule_weakest_topic,2026-08-23 08:06:23.778384+00:00,Programming & DSA,simple_ability_placeholder,coverage,1.0
63fa77eb-a081-4670-ab82-e869a02820fb,rule_weakest_topic,2026-08-23 08:06:23.778384+00:00,Programming & DSA,simple_ability_placeholder,calibration_error,0.007091526906622153
63fa77eb-a081-4670-ab82-e869a02820fb,rule_weakest_topic,2026-08-23 08:06:23.778384+00:00,Programming & DSA,simple_ability_placeholder,log_loss,0.6926626506162737
63fa77eb-a081-4670-ab82-e869a02820fb,rule_weakest_topic,2026-08-23 08:06:23.778384+00:00,Programming & DSA,simple_ability_placeholder,brier_score,0.24946971850525734
63fa77eb-a081-4670-ab82-e869a02820fb,rule_weakest_topic,2026-08-23 08:06:23.778384+00:00,Programming & DSA,simple_ability_placeholder,pr_auc,0.5291586382977227
a8f65ff5-8e51-4c8d-9a08-8d1312cf9fb4,random,2026-08-23 08:03:59.347483+00:00,Programming & DSA,simple_ability_placeholder,difficulty_match_rate,0.32715
a8f65ff5-8e51-4c8d-9a08-8d1312cf9fb4,random,2026-08-23 08:03:59.347483+00:00,Programming & DSA,simple_ability_placeholder,subject_concepts_touched,199.0
a8f65ff5-8e51-4c8d-9a08-8d1312cf9fb4,random,2026-08-23 08:03:59.347483+00:00,Programming & DSA,simple_ability_placeholder,subject_mean_true_mastery,0.3045718901955307
a8f65ff5-8e51-4c8d-9a08-8d1312cf9fb4,random,2026-08-23 08:03:59.347483+00:00,Programming & DSA,simple_ability_placeholder,subject_accuracy,0.4724828810550342
a8f65ff5-8e51-4c8d-9a08-8d1312cf9fb4,random,2026-08-23 08:03:59.347483+00:00,Programming & DSA,simple_ability_placeholder,subject_n_asked,3943.0
a8f65ff5-8e51-4c8d-9a08-8d1312cf9fb4,random,2026-08-23 08:03:59.347483+00:00,Programming & DSA,simple_ability_placeholder,repeat_rate,0.0
a8f65ff5-8e51-4c8d-9a08-8d1312cf9fb4,random,2026-08-23 08:03:59.347483+00:00,Programming & DSA,simple_ability_placeholder,diversity,0.0284
a8f65ff5-8e51-4c8d-9a08-8d1312cf9fb4,random,2026-08-23 08:03:59.347483+00:00,Programming & DSA,simple_ability_placeholder,coverage,1.0
a8f65ff5-8e51-4c8d-9a08-8d1312cf9fb4,random,2026-08-23 08:03:59.347483+00:00,Programming & DSA,simple_ability_placeholder,calibration_error,0.018014597093475252
a8f65ff5-8e51-4c8d-9a08-8d1312cf9fb4,random,2026-08-23 08:03:59.347483+00:00,Programming & DSA,simple_ability_placeholder,log_loss,0.6939961179490177
a8f65ff5-8e51-4c8d-9a08-8d1312cf9fb4,random,2026-08-23 08:03:59.347483+00:00,Programming & DSA,simple_ability_placeholder,brier_score,0.25013627459720666
a8f65ff5-8e51-4c8d-9a08-8d1312cf9fb4,random,2026-08-23 08:03:59.347483+00:00,Programming & DSA,simple_ability_placeholder,pr_auc,0.5021633284551392
a8f65ff5-8e51-4c8d-9a08-8d1312cf9fb4,random,2026-08-23 08:03:59.347483+00:00,Programming & DSA,simple_ability_placeholder,roc_auc,0.5057246209823141
807cf8b9-d64c-4f9b-a021-e8c759f74bcb,bkt_ema_epsilon_greedy,2026-08-23 08:01:10.942944+00:00,Engineering Mathematics,simple_ability_placeholder,roc_auc,0.5065968795836372
807cf8b9-d64c-4f9b-a021-e8c759f74bcb,bkt_ema_epsilon_greedy,2026-08-23 08:01:10.942944+00:00,Engineering Mathematics,simple_ability_placeholder,subject_concepts_touched,173.0
807cf8b9-d64c-4f9b-a021-e8c759f74bcb,bkt_ema_epsilon_greedy,2026-08-23 08:01:10.942944+00:00,Engineering Mathematics,simple_ability_placeholder,subject_mean_true_mastery,0.30220848400065875
807cf8b9-d64c-4f9b-a021-e8c759f74bcb,bkt_ema_epsilon_greedy,2026-08-23 08:01:10.942944+00:00,Engineering Mathematics,simple_ability_placeholder,subject_accuracy,0.5074946466809421
807cf8b9-d64c-4f9b-a021-e8c759f74bcb,bkt_ema_epsilon_greedy,2026-08-23 08:01:10.942944+00:00,Engineering Mathematics,simple_ability_placeholder,subject_n_asked,12142.0
807cf8b9-d64c-4f9b-a021-e8c759f74bcb,bkt_ema_epsilon_greedy,2026-08-23 08:01:10.942944+00:00,Engineering Mathematics,simple_ability_placeholder,difficulty_match_rate,0.42235
807cf8b9-d64c-4f9b-a021-e8c759f74bcb,bkt_ema_epsilon_greedy,2026-08-23 08:01:10.942944+00:00,Engineering Mathematics,simple_ability_placeholder,repeat_rate,0.0
807cf8b9-d64c-4f9b-a021-e8c759f74bcb,bkt_ema_epsilon_greedy,2026-08-23 08:01:10.942944+00:00,Engineering Mathematics,simple_ability_placeholder,diversity,0.01465
807cf8b9-d64c-4f9b-a021-e8c759f74bcb,bkt_ema_epsilon_greedy,2026-08-23 08:01:10.942944+00:00,Engineering Mathematics,simple_ability_placeholder,coverage,1.0
807cf8b9-d64c-4f9b-a021-e8c759f74bcb,bkt_ema_epsilon_greedy,2026-08-23 08:01:10.942944+00:00,Engineering Mathematics,simple_ability_placeholder,calibration_error,0.21956049820455656
807cf8b9-d64c-4f9b-a021-e8c759f74bcb,bkt_ema_epsilon_greedy,2026-08-23 08:01:10.942944+00:00,Engineering Mathematics,simple_ability_placeholder,log_loss,0.7966568820675044
807cf8b9-d64c-4f9b-a021-e8c759f74bcb,bkt_ema_epsilon_greedy,2026-08-23 08:01:10.942944+00:00,Engineering Mathematics,simple_ability_placeholder,brier_score,0.2976741932810251
807cf8b9-d64c-4f9b-a021-e8c759f74bcb,bkt_ema_epsilon_greedy,2026-08-23 08:01:10.942944+00:00,Engineering Mathematics,simple_ability_placeholder,pr_auc,0.5273061693676722
cc0213c2-5d9e-4697-befb-89902556a04e,bkt,2026-08-23 07:58:19.746188+00:00,Engineering Mathematics,simple_ability_placeholder,log_loss,0.7972634800354388
cc0213c2-5d9e-4697-befb-89902556a04e,bkt,2026-08-23 07:58:19.746188+00:00,Engineering Mathematics,simple_ability_placeholder,subject_concepts_touched,119.0
cc0213c2-5d9e-4697-befb-89902556a04e,bkt,2026-08-23 07:58:19.746188+00:00,Engineering Mathematics,simple_ability_placeholder,subject_mean_true_mastery,0.3040434666879935
cc0213c2-5d9e-4697-befb-89902556a04e,bkt,2026-08-23 07:58:19.746188+00:00,Engineering Mathematics,simple_ability_placeholder,subject_accuracy,0.5457301667508843
cc0213c2-5d9e-4697-befb-89902556a04e,bkt,2026-08-23 07:58:19.746188+00:00,Engineering Mathematics,simple_ability_placeholder,subject_n_asked,7916.0
cc0213c2-5d9e-4697-befb-89902556a04e,bkt,2026-08-23 07:58:19.746188+00:00,Engineering Mathematics,simple_ability_placeholder,roc_auc,0.5081729470915364
cc0213c2-5d9e-4697-befb-89902556a04e,bkt,2026-08-23 07:58:19.746188+00:00,Engineering Mathematics,simple_ability_placeholder,pr_auc,0.5285747807180301
cc0213c2-5d9e-4697-befb-89902556a04e,bkt,2026-08-23 07:58:19.746188+00:00,Engineering Mathematics,simple_ability_placeholder,difficulty_match_rate,0.4214
cc0213c2-5d9e-4697-befb-89902556a04e,bkt,2026-08-23 07:58:19.746188+00:00,Engineering Mathematics,simple_ability_placeholder,repeat_rate,0.0
cc0213c2-5d9e-4697-befb-89902556a04e,bkt,2026-08-23 07:58:19.746188+00:00,Engineering Mathematics,simple_ability_placeholder,diversity,0.0146
cc0213c2-5d9e-4697-befb-89902556a04e,bkt,2026-08-23 07:58:19.746188+00:00,Engineering Mathematics,simple_ability_placeholder,coverage,0.9965870307167235
cc0213c2-5d9e-4697-befb-89902556a04e,bkt,2026-08-23 07:58:19.746188+00:00,Engineering Mathematics,simple_ability_placeholder,calibration_error,0.2205906012035356
cc0213c2-5d9e-4697-befb-89902556a04e,bkt,2026-08-23 07:58:19.746188+00:00,Engineering Mathematics,simple_ability_placeholder,brier_score,0.2979349136667218
9f38c0c5-bf65-4bce-8a81-7c849fee1b1a,ema_only,2026-08-23 07:55:37.294284+00:00,Engineering Mathematics,simple_ability_placeholder,repeat_rate,0.0
9f38c0c5-bf65-4bce-8a81-7c849fee1b1a,ema_only,2026-08-23 07:55:37.294284+00:00,Engineering Mathematics,simple_ability_placeholder,subject_concepts_touched,120.0
9f38c0c5-bf65-4bce-8a81-7c849fee1b1a,ema_only,2026-08-23 07:55:37.294284+00:00,Engineering Mathematics,simple_ability_placeholder,subject_mean_true_mastery,0.30283179026438584
9f38c0c5-bf65-4bce-8a81-7c849fee1b1a,ema_only,2026-08-23 07:55:37.294284+00:00,Engineering Mathematics,simple_ability_placeholder,subject_accuracy,0.5530546623794212
9f38c0c5-bf65-4bce-8a81-7c849fee1b1a,ema_only,2026-08-23 07:55:37.294284+00:00,Engineering Mathematics,simple_ability_placeholder,subject_n_asked,7775.0
9f38c0c5-bf65-4bce-8a81-7c849fee1b1a,ema_only,2026-08-23 07:55:37.294284+00:00,Engineering Mathematics,simple_ability_placeholder,difficulty_match_rate,0.42835
9f38c0c5-bf65-4bce-8a81-7c849fee1b1a,ema_only,2026-08-23 07:55:37.294284+00:00,Engineering Mathematics,simple_ability_placeholder,diversity,0.0146
9f38c0c5-bf65-4bce-8a81-7c849fee1b1a,ema_only,2026-08-23 07:55:37.294284+00:00,Engineering Mathematics,simple_ability_placeholder,coverage,0.9965870307167235
9f38c0c5-bf65-4bce-8a81-7c849fee1b1a,ema_only,2026-08-23 07:55:37.294284+00:00,Engineering Mathematics,simple_ability_placeholder,calibration_error,0.02891352499999996
9f38c0c5-bf65-4bce-8a81-7c849fee1b1a,ema_only,2026-08-23 07:55:37.294284+00:00,Engineering Mathematics,simple_ability_placeholder,log_loss,0.6935331112899866
9f38c0c5-bf65-4bce-8a81-7c849fee1b1a,ema_only,2026-08-23 07:55:37.294284+00:00,Engineering Mathematics,simple_ability_placeholder,brier_score,0.2501545510375
9f38c0c5-bf65-4bce-8a81-7c849fee1b1a,ema_only,2026-08-23 07:55:37.294284+00:00,Engineering Mathematics,simple_ability_placeholder,pr_auc,0.5272557272827825
9f38c0c5-bf65-4bce-8a81-7c849fee1b1a,ema_only,2026-08-23 07:55:37.294284+00:00,Engineering Mathematics,simple_ability_placeholder,roc_auc,0.5072531711347787
a8d4ff2c-cbab-4ca0-8f21-c252b47b8397,rule_weakest_topic,2026-08-23 07:51:56.029390+00:00,Engineering Mathematics,simple_ability_placeholder,roc_auc,0.5022401981720372
a8d4ff2c-cbab-4ca0-8f21-c252b47b8397,rule_weakest_topic,2026-08-23 07:51:56.029390+00:00,Engineering Mathematics,simple_ability_placeholder,subject_concepts_touched,120.0
a8d4ff2c-cbab-4ca0-8f21-c252b47b8397,rule_weakest_topic,2026-08-23 07:51:56.029390+00:00,Engineering Mathematics,simple_ability_placeholder,subject_mean_true_mastery,0.3332426103915914
a8d4ff2c-cbab-4ca0-8f21-c252b47b8397,rule_weakest_topic,2026-08-23 07:51:56.029390+00:00,Engineering Mathematics,simple_ability_placeholder,subject_accuracy,0.5227541371158393
a8d4ff2c-cbab-4ca0-8f21-c252b47b8397,rule_weakest_topic,2026-08-23 07:51:56.029390+00:00,Engineering Mathematics,simple_ability_placeholder,subject_n_asked,10152.0
a8d4ff2c-cbab-4ca0-8f21-c252b47b8397,rule_weakest_topic,2026-08-23 07:51:56.029390+00:00,Engineering Mathematics,simple_ability_placeholder,difficulty_match_rate,0.4254
a8d4ff2c-cbab-4ca0-8f21-c252b47b8397,rule_weakest_topic,2026-08-23 07:51:56.029390+00:00,Engineering Mathematics,simple_ability_placeholder,repeat_rate,0.0
a8d4ff2c-cbab-4ca0-8f21-c252b47b8397,rule_weakest_topic,2026-08-23 07:51:56.029390+00:00,Engineering Mathematics,simple_ability_placeholder,diversity,0.01465
a8d4ff2c-cbab-4ca0-8f21-c252b47b8397,rule_weakest_topic,2026-08-23 07:51:56.029390+00:00,Engineering Mathematics,simple_ability_placeholder,coverage,1.0
a8d4ff2c-cbab-4ca0-8f21-c252b47b8397,rule_weakest_topic,2026-08-23 07:51:56.029390+00:00,Engineering Mathematics,simple_ability_placeholder,calibration_error,0.004865791293602302
a8d4ff2c-cbab-4ca0-8f21-c252b47b8397,rule_weakest_topic,2026-08-23 07:51:56.029390+00:00,Engineering Mathematics,simple_ability_placeholder,log_loss,0.6918778033982053
a8d4ff2c-cbab-4ca0-8f21-c252b47b8397,rule_weakest_topic,2026-08-23 07:51:56.029390+00:00,Engineering Mathematics,simple_ability_placeholder,brier_score,0.24907900980911646
a8d4ff2c-cbab-4ca0-8f21-c252b47b8397,rule_weakest_topic,2026-08-23 07:51:56.029390+00:00,Engineering Mathematics,simple_ability_placeholder,pr_auc,0.5335074006413195
386d6fb2-6b0a-4483-af53-4e73e1c1db99,random,2026-08-23 07:50:10.310264+00:00,Engineering Mathematics,simple_ability_placeholder,subject_concepts_touched,120.0
386d6fb2-6b0a-4483-af53-4e73e1c1db99,random,2026-08-23 07:50:10.310264+00:00,Engineering Mathematics,simple_ability_placeholder,subject_mean_true_mastery,0.3348223833162039
386d6fb2-6b0a-4483-af53-4e73e1c1db99,random,2026-08-23 07:50:10.310264+00:00,Engineering Mathematics,simple_ability_placeholder,subject_accuracy,0.498605577689243
386d6fb2-6b0a-4483-af53-4e73e1c1db99,random,2026-08-23 07:50:10.310264+00:00,Engineering Mathematics,simple_ability_placeholder,subject_n_asked,10040.0
386d6fb2-6b0a-4483-af53-4e73e1c1db99,random,2026-08-23 07:50:10.310264+00:00,Engineering Mathematics,simple_ability_placeholder,difficulty_match_rate,0.34205
386d6fb2-6b0a-4483-af53-4e73e1c1db99,random,2026-08-23 07:50:10.310264+00:00,Engineering Mathematics,simple_ability_placeholder,repeat_rate,0.0
386d6fb2-6b0a-4483-af53-4e73e1c1db99,random,2026-08-23 07:50:10.310264+00:00,Engineering Mathematics,simple_ability_placeholder,diversity,0.01465
386d6fb2-6b0a-4483-af53-4e73e1c1db99,random,2026-08-23 07:50:10.310264+00:00,Engineering Mathematics,simple_ability_placeholder,coverage,1.0
386d6fb2-6b0a-4483-af53-4e73e1c1db99,random,2026-08-23 07:50:10.310264+00:00,Engineering Mathematics,simple_ability_placeholder,calibration_error,0.01817571299403898
386d6fb2-6b0a-4483-af53-4e73e1c1db99,random,2026-08-23 07:50:10.310264+00:00,Engineering Mathematics,simple_ability_placeholder,log_loss,0.6940389906946223
386d6fb2-6b0a-4483-af53-4e73e1c1db99,random,2026-08-23 07:50:10.310264+00:00,Engineering Mathematics,simple_ability_placeholder,brier_score,0.2501512048298661
386d6fb2-6b0a-4483-af53-4e73e1c1db99,random,2026-08-23 07:50:10.310264+00:00,Engineering Mathematics,simple_ability_placeholder,pr_auc,0.5041313933453799
386d6fb2-6b0a-4483-af53-4e73e1c1db99,random,2026-08-23 07:50:10.310264+00:00,Engineering Mathematics,simple_ability_placeholder,roc_auc,0.5044024253269346
99589181-ad42-4eb5-9959-728f770d35fd,bkt_ema_epsilon_greedy,2026-08-23 07:48:05.529844+00:00,Data Science & AI,simple_ability_placeholder,pr_auc,0.584807145406475
99589181-ad42-4eb5-9959-728f770d35fd,bkt_ema_epsilon_greedy,2026-08-23 07:48:05.529844+00:00,Data Science & AI,simple_ability_placeholder,subject_concepts_touched,1.0
99589181-ad42-4eb5-9959-728f770d35fd,bkt_ema_epsilon_greedy,2026-08-23 07:48:05.529844+00:00,Data Science & AI,simple_ability_placeholder,subject_mean_true_mastery,0.3
99589181-ad42-4eb5-9959-728f770d35fd,bkt_ema_epsilon_greedy,2026-08-23 07:48:05.529844+00:00,Data Science & AI,simple_ability_placeholder,subject_accuracy,0.4431137724550898
99589181-ad42-4eb5-9959-728f770d35fd,bkt_ema_epsilon_greedy,2026-08-23 07:48:05.529844+00:00,Data Science & AI,simple_ability_placeholder,subject_n_asked,167.0
99589181-ad42-4eb5-9959-728f770d35fd,bkt_ema_epsilon_greedy,2026-08-23 07:48:05.529844+00:00,Data Science & AI,simple_ability_placeholder,roc_auc,0.5233491012252596
99589181-ad42-4eb5-9959-728f770d35fd,bkt_ema_epsilon_greedy,2026-08-23 07:48:05.529844+00:00,Data Science & AI,simple_ability_placeholder,difficulty_match_rate,0.55775
99589181-ad42-4eb5-9959-728f770d35fd,bkt_ema_epsilon_greedy,2026-08-23 07:48:05.529844+00:00,Data Science & AI,simple_ability_placeholder,repeat_rate,0.0
99589181-ad42-4eb5-9959-728f770d35fd,bkt_ema_epsilon_greedy,2026-08-23 07:48:05.529844+00:00,Data Science & AI,simple_ability_placeholder,diversity,0.0058
99589181-ad42-4eb5-9959-728f770d35fd,bkt_ema_epsilon_greedy,2026-08-23 07:48:05.529844+00:00,Data Science & AI,simple_ability_placeholder,coverage,1.0
99589181-ad42-4eb5-9959-728f770d35fd,bkt_ema_epsilon_greedy,2026-08-23 07:48:05.529844+00:00,Data Science & AI,simple_ability_placeholder,calibration_error,0.16551919127473003
99589181-ad42-4eb5-9959-728f770d35fd,bkt_ema_epsilon_greedy,2026-08-23 07:48:05.529844+00:00,Data Science & AI,simple_ability_placeholder,log_loss,0.7355733099384585
99589181-ad42-4eb5-9959-728f770d35fd,bkt_ema_epsilon_greedy,2026-08-23 07:48:05.529844+00:00,Data Science & AI,simple_ability_placeholder,brier_score,0.2706998235870436
3edcdf4b-1d39-4c13-9340-27becb320d11,bkt,2026-08-23 07:45:43.567099+00:00,Data Science & AI,simple_ability_placeholder,subject_concepts_touched,1.0
3edcdf4b-1d39-4c13-9340-27becb320d11,bkt,2026-08-23 07:45:43.567099+00:00,Data Science & AI,simple_ability_placeholder,subject_mean_true_mastery,0.3
3edcdf4b-1d39-4c13-9340-27becb320d11,bkt,2026-08-23 07:45:43.567099+00:00,Data Science & AI,simple_ability_placeholder,subject_accuracy,0.4782608695652174
3edcdf4b-1d39-4c13-9340-27becb320d11,bkt,2026-08-23 07:45:43.567099+00:00,Data Science & AI,simple_ability_placeholder,subject_n_asked,161.0
3edcdf4b-1d39-4c13-9340-27becb320d11,bkt,2026-08-23 07:45:43.567099+00:00,Data Science & AI,simple_ability_placeholder,difficulty_match_rate,0.55385
3edcdf4b-1d39-4c13-9340-27becb320d11,bkt,2026-08-23 07:45:43.567099+00:00,Data Science & AI,simple_ability_placeholder,repeat_rate,0.0
3edcdf4b-1d39-4c13-9340-27becb320d11,bkt,2026-08-23 07:45:43.567099+00:00,Data Science & AI,simple_ability_placeholder,diversity,0.0058
3edcdf4b-1d39-4c13-9340-27becb320d11,bkt,2026-08-23 07:45:43.567099+00:00,Data Science & AI,simple_ability_placeholder,coverage,1.0
3edcdf4b-1d39-4c13-9340-27becb320d11,bkt,2026-08-23 07:45:43.567099+00:00,Data Science & AI,simple_ability_placeholder,calibration_error,0.16285939746916422
3edcdf4b-1d39-4c13-9340-27becb320d11,bkt,2026-08-23 07:45:43.567099+00:00,Data Science & AI,simple_ability_placeholder,log_loss,0.7336696993338552
3edcdf4b-1d39-4c13-9340-27becb320d11,bkt,2026-08-23 07:45:43.567099+00:00,Data Science & AI,simple_ability_placeholder,brier_score,0.2697597815408769
3edcdf4b-1d39-4c13-9340-27becb320d11,bkt,2026-08-23 07:45:43.567099+00:00,Data Science & AI,simple_ability_placeholder,pr_auc,0.5853294838816417
3edcdf4b-1d39-4c13-9340-27becb320d11,bkt,2026-08-23 07:45:43.567099+00:00,Data Science & AI,simple_ability_placeholder,roc_auc,0.5273243985472659
4c3a055b-7809-4892-8f99-628499d27650,ema_only,2026-08-23 07:43:40.387385+00:00,Data Science & AI,simple_ability_placeholder,roc_auc,0.5193996026041567
4c3a055b-7809-4892-8f99-628499d27650,ema_only,2026-08-23 07:43:40.387385+00:00,Data Science & AI,simple_ability_placeholder,subject_concepts_touched,1.0
4c3a055b-7809-4892-8f99-628499d27650,ema_only,2026-08-23 07:43:40.387385+00:00,Data Science & AI,simple_ability_placeholder,subject_mean_true_mastery,0.3
4c3a055b-7809-4892-8f99-628499d27650,ema_only,2026-08-23 07:43:40.387385+00:00,Data Science & AI,simple_ability_placeholder,subject_accuracy,0.46835443037974683
4c3a055b-7809-4892-8f99-628499d27650,ema_only,2026-08-23 07:43:40.387385+00:00,Data Science & AI,simple_ability_placeholder,subject_n_asked,158.0
4c3a055b-7809-4892-8f99-628499d27650,ema_only,2026-08-23 07:43:40.387385+00:00,Data Science & AI,simple_ability_placeholder,difficulty_match_rate,0.56625
4c3a055b-7809-4892-8f99-628499d27650,ema_only,2026-08-23 07:43:40.387385+00:00,Data Science & AI,simple_ability_placeholder,repeat_rate,0.0
4c3a055b-7809-4892-8f99-628499d27650,ema_only,2026-08-23 07:43:40.387385+00:00,Data Science & AI,simple_ability_placeholder,diversity,0.0058
4c3a055b-7809-4892-8f99-628499d27650,ema_only,2026-08-23 07:43:40.387385+00:00,Data Science & AI,simple_ability_placeholder,coverage,1.0
4c3a055b-7809-4892-8f99-628499d27650,ema_only,2026-08-23 07:43:40.387385+00:00,Data Science & AI,simple_ability_placeholder,calibration_error,0.08293787500000001
4c3a055b-7809-4892-8f99-628499d27650,ema_only,2026-08-23 07:43:40.387385+00:00,Data Science & AI,simple_ability_placeholder,log_loss,0.692859431915143
4c3a055b-7809-4892-8f99-628499d27650,ema_only,2026-08-23 07:43:40.387385+00:00,Data Science & AI,simple_ability_placeholder,brier_score,0.24977260614699998
4c3a055b-7809-4892-8f99-628499d27650,ema_only,2026-08-23 07:43:40.387385+00:00,Data Science & AI,simple_ability_placeholder,pr_auc,0.5839907533500847
37538f73-c634-4015-a23c-2071a450976c,rule_weakest_topic,2026-08-23 07:40:58.521873+00:00,Data Science & AI,simple_ability_placeholder,calibration_error,0.002693221667109511
37538f73-c634-4015-a23c-2071a450976c,rule_weakest_topic,2026-08-23 07:40:58.521873+00:00,Data Science & AI,simple_ability_placeholder,subject_concepts_touched,1.0
37538f73-c634-4015-a23c-2071a450976c,rule_weakest_topic,2026-08-23 07:40:58.521873+00:00,Data Science & AI,simple_ability_placeholder,subject_mean_true_mastery,0.2999999999999999
37538f73-c634-4015-a23c-2071a450976c,rule_weakest_topic,2026-08-23 07:40:58.521873+00:00,Data Science & AI,simple_ability_placeholder,subject_accuracy,0.39090909090909093
37538f73-c634-4015-a23c-2071a450976c,rule_weakest_topic,2026-08-23 07:40:58.521873+00:00,Data Science & AI,simple_ability_placeholder,subject_n_asked,110.0
37538f73-c634-4015-a23c-2071a450976c,rule_weakest_topic,2026-08-23 07:40:58.521873+00:00,Data Science & AI,simple_ability_placeholder,difficulty_match_rate,0.4965
37538f73-c634-4015-a23c-2071a450976c,rule_weakest_topic,2026-08-23 07:40:58.521873+00:00,Data Science & AI,simple_ability_placeholder,repeat_rate,0.0
37538f73-c634-4015-a23c-2071a450976c,rule_weakest_topic,2026-08-23 07:40:58.521873+00:00,Data Science & AI,simple_ability_placeholder,diversity,0.0058
37538f73-c634-4015-a23c-2071a450976c,rule_weakest_topic,2026-08-23 07:40:58.521873+00:00,Data Science & AI,simple_ability_placeholder,coverage,1.0
37538f73-c634-4015-a23c-2071a450976c,rule_weakest_topic,2026-08-23 07:40:58.521873+00:00,Data Science & AI,simple_ability_placeholder,log_loss,0.6899492497926227
37538f73-c634-4015-a23c-2071a450976c,rule_weakest_topic,2026-08-23 07:40:58.521873+00:00,Data Science & AI,simple_ability_placeholder,brier_score,0.2481166001422066
37538f73-c634-4015-a23c-2071a450976c,rule_weakest_topic,2026-08-23 07:40:58.521873+00:00,Data Science & AI,simple_ability_placeholder,pr_auc,0.5487638197599193
37538f73-c634-4015-a23c-2071a450976c,rule_weakest_topic,2026-08-23 07:40:58.521873+00:00,Data Science & AI,simple_ability_placeholder,roc_auc,0.5041625365460227
a696e0c1-e8aa-430e-9540-c1a9085d28f2,random,2026-08-23 07:39:48.863543+00:00,Data Science & AI,simple_ability_placeholder,log_loss,0.6896178196973296
a696e0c1-e8aa-430e-9540-c1a9085d28f2,random,2026-08-23 07:39:48.863543+00:00,Data Science & AI,simple_ability_placeholder,pr_auc,0.5503436118965749
a696e0c1-e8aa-430e-9540-c1a9085d28f2,random,2026-08-23 07:39:48.863543+00:00,Data Science & AI,simple_ability_placeholder,subject_concepts_touched,1.0
a696e0c1-e8aa-430e-9540-c1a9085d28f2,random,2026-08-23 07:39:48.863543+00:00,Data Science & AI,simple_ability_placeholder,subject_mean_true_mastery,0.29999999999999993
a696e0c1-e8aa-430e-9540-c1a9085d28f2,random,2026-08-23 07:39:48.863543+00:00,Data Science & AI,simple_ability_placeholder,subject_accuracy,0.3838383838383838
a696e0c1-e8aa-430e-9540-c1a9085d28f2,random,2026-08-23 07:39:48.863543+00:00,Data Science & AI,simple_ability_placeholder,subject_n_asked,99.0
a696e0c1-e8aa-430e-9540-c1a9085d28f2,random,2026-08-23 07:39:48.863543+00:00,Data Science & AI,simple_ability_placeholder,difficulty_match_rate,0.49375
a696e0c1-e8aa-430e-9540-c1a9085d28f2,random,2026-08-23 07:39:48.863543+00:00,Data Science & AI,simple_ability_placeholder,roc_auc,0.5045397122373227
a696e0c1-e8aa-430e-9540-c1a9085d28f2,random,2026-08-23 07:39:48.863543+00:00,Data Science & AI,simple_ability_placeholder,repeat_rate,0.0
a696e0c1-e8aa-430e-9540-c1a9085d28f2,random,2026-08-23 07:39:48.863543+00:00,Data Science & AI,simple_ability_placeholder,brier_score,0.24795046658342826
a696e0c1-e8aa-430e-9540-c1a9085d28f2,random,2026-08-23 07:39:48.863543+00:00,Data Science & AI,simple_ability_placeholder,diversity,0.0058
a696e0c1-e8aa-430e-9540-c1a9085d28f2,random,2026-08-23 07:39:48.863543+00:00,Data Science & AI,simple_ability_placeholder,coverage,1.0
a696e0c1-e8aa-430e-9540-c1a9085d28f2,random,2026-08-23 07:39:48.863543+00:00,Data Science & AI,simple_ability_placeholder,calibration_error,0.0032944871036070925
39a72bde-1fae-4c0c-be3d-ce99121b1dca,bkt_ema_epsilon_greedy,2026-08-23 07:35:55.726077+00:00,Core CS (Systems & Theory),simple_ability_placeholder,pr_auc,0.5476265219967598
39a72bde-1fae-4c0c-be3d-ce99121b1dca,bkt_ema_epsilon_greedy,2026-08-23 07:35:55.726077+00:00,Core CS (Systems & Theory),simple_ability_placeholder,subject_concepts_touched,1.0
39a72bde-1fae-4c0c-be3d-ce99121b1dca,bkt_ema_epsilon_greedy,2026-08-23 07:35:55.726077+00:00,Core CS (Systems & Theory),simple_ability_placeholder,subject_mean_true_mastery,0.3
39a72bde-1fae-4c0c-be3d-ce99121b1dca,bkt_ema_epsilon_greedy,2026-08-23 07:35:55.726077+00:00,Core CS (Systems & Theory),simple_ability_placeholder,subject_accuracy,0.7058823529411765
39a72bde-1fae-4c0c-be3d-ce99121b1dca,bkt_ema_epsilon_greedy,2026-08-23 07:35:55.726077+00:00,Core CS (Systems & Theory),simple_ability_placeholder,subject_n_asked,17.0
39a72bde-1fae-4c0c-be3d-ce99121b1dca,bkt_ema_epsilon_greedy,2026-08-23 07:35:55.726077+00:00,Core CS (Systems & Theory),simple_ability_placeholder,difficulty_match_rate,0.4954
39a72bde-1fae-4c0c-be3d-ce99121b1dca,bkt_ema_epsilon_greedy,2026-08-23 07:35:55.726077+00:00,Core CS (Systems & Theory),simple_ability_placeholder,repeat_rate,0.0
39a72bde-1fae-4c0c-be3d-ce99121b1dca,bkt_ema_epsilon_greedy,2026-08-23 07:35:55.726077+00:00,Core CS (Systems & Theory),simple_ability_placeholder,diversity,0.05215
39a72bde-1fae-4c0c-be3d-ce99121b1dca,bkt_ema_epsilon_greedy,2026-08-23 07:35:55.726077+00:00,Core CS (Systems & Theory),simple_ability_placeholder,coverage,0.8960481099656358
39a72bde-1fae-4c0c-be3d-ce99121b1dca,bkt_ema_epsilon_greedy,2026-08-23 07:35:55.726077+00:00,Core CS (Systems & Theory),simple_ability_placeholder,calibration_error,0.1669630777320954
39a72bde-1fae-4c0c-be3d-ce99121b1dca,bkt_ema_epsilon_greedy,2026-08-23 07:35:55.726077+00:00,Core CS (Systems & Theory),simple_ability_placeholder,log_loss,0.7494286985957866
39a72bde-1fae-4c0c-be3d-ce99121b1dca,bkt_ema_epsilon_greedy,2026-08-23 07:35:55.726077+00:00,Core CS (Systems & Theory),simple_ability_placeholder,brier_score,0.27703575884075016
39a72bde-1fae-4c0c-be3d-ce99121b1dca,bkt_ema_epsilon_greedy,2026-08-23 07:35:55.726077+00:00,Core CS (Systems & Theory),simple_ability_placeholder,roc_auc,0.5017769145419643
e29fb0e4-678c-43d8-a178-67526df8d8c0,bkt,2026-08-23 07:32:14.813003+00:00,Core CS (Systems & Theory),simple_ability_placeholder,subject_mean_true_mastery,0.3003298909090909
e29fb0e4-678c-43d8-a178-67526df8d8c0,bkt,2026-08-23 07:32:14.813003+00:00,Core CS (Systems & Theory),simple_ability_placeholder,subject_concepts_touched,1.0
e29fb0e4-678c-43d8-a178-67526df8d8c0,bkt,2026-08-23 07:32:14.813003+00:00,Core CS (Systems & Theory),simple_ability_placeholder,subject_accuracy,0.7368421052631579
e29fb0e4-678c-43d8-a178-67526df8d8c0,bkt,2026-08-23 07:32:14.813003+00:00,Core CS (Systems & Theory),simple_ability_placeholder,subject_n_asked,19.0
e29fb0e4-678c-43d8-a178-67526df8d8c0,bkt,2026-08-23 07:32:14.813003+00:00,Core CS (Systems & Theory),simple_ability_placeholder,difficulty_match_rate,0.48755
e29fb0e4-678c-43d8-a178-67526df8d8c0,bkt,2026-08-23 07:32:14.813003+00:00,Core CS (Systems & Theory),simple_ability_placeholder,repeat_rate,0.0
e29fb0e4-678c-43d8-a178-67526df8d8c0,bkt,2026-08-23 07:32:14.813003+00:00,Core CS (Systems & Theory),simple_ability_placeholder,diversity,0.05255
e29fb0e4-678c-43d8-a178-67526df8d8c0,bkt,2026-08-23 07:32:14.813003+00:00,Core CS (Systems & Theory),simple_ability_placeholder,coverage,0.9029209621993127
e29fb0e4-678c-43d8-a178-67526df8d8c0,bkt,2026-08-23 07:32:14.813003+00:00,Core CS (Systems & Theory),simple_ability_placeholder,calibration_error,0.1621995706779396
e29fb0e4-678c-43d8-a178-67526df8d8c0,bkt,2026-08-23 07:32:14.813003+00:00,Core CS (Systems & Theory),simple_ability_placeholder,log_loss,0.7481432598560618
e29fb0e4-678c-43d8-a178-67526df8d8c0,bkt,2026-08-23 07:32:14.813003+00:00,Core CS (Systems & Theory),simple_ability_placeholder,brier_score,0.27634248116996896
e29fb0e4-678c-43d8-a178-67526df8d8c0,bkt,2026-08-23 07:32:14.813003+00:00,Core CS (Systems & Theory),simple_ability_placeholder,pr_auc,0.5407119697431093
e29fb0e4-678c-43d8-a178-67526df8d8c0,bkt,2026-08-23 07:32:14.813003+00:00,Core CS (Systems & Theory),simple_ability_placeholder,roc_auc,0.4991638849350241
a9a5ccdc-a970-4cf8-be9a-9d31b50d251b,ema_only,2026-08-23 07:28:29.810936+00:00,Core CS (Systems & Theory),simple_ability_placeholder,pr_auc,0.5470821569905853
a9a5ccdc-a970-4cf8-be9a-9d31b50d251b,ema_only,2026-08-23 07:28:29.810936+00:00,Core CS (Systems & Theory),simple_ability_placeholder,subject_concepts_touched,1.0
a9a5ccdc-a970-4cf8-be9a-9d31b50d251b,ema_only,2026-08-23 07:28:29.810936+00:00,Core CS (Systems & Theory),simple_ability_placeholder,subject_mean_true_mastery,0.3
a9a5ccdc-a970-4cf8-be9a-9d31b50d251b,ema_only,2026-08-23 07:28:29.810936+00:00,Core CS (Systems & Theory),simple_ability_placeholder,subject_accuracy,0.4166666666666667
a9a5ccdc-a970-4cf8-be9a-9d31b50d251b,ema_only,2026-08-23 07:28:29.810936+00:00,Core CS (Systems & Theory),simple_ability_placeholder,subject_n_asked,24.0
a9a5ccdc-a970-4cf8-be9a-9d31b50d251b,ema_only,2026-08-23 07:28:29.810936+00:00,Core CS (Systems & Theory),simple_ability_placeholder,roc_auc,0.5024572729030627
a9a5ccdc-a970-4cf8-be9a-9d31b50d251b,ema_only,2026-08-23 07:28:29.810936+00:00,Core CS (Systems & Theory),simple_ability_placeholder,difficulty_match_rate,0.4974
a9a5ccdc-a970-4cf8-be9a-9d31b50d251b,ema_only,2026-08-23 07:28:29.810936+00:00,Core CS (Systems & Theory),simple_ability_placeholder,repeat_rate,0.0
a9a5ccdc-a970-4cf8-be9a-9d31b50d251b,ema_only,2026-08-23 07:28:29.810936+00:00,Core CS (Systems & Theory),simple_ability_placeholder,diversity,0.0521
a9a5ccdc-a970-4cf8-be9a-9d31b50d251b,ema_only,2026-08-23 07:28:29.810936+00:00,Core CS (Systems & Theory),simple_ability_placeholder,coverage,0.8951890034364262
a9a5ccdc-a970-4cf8-be9a-9d31b50d251b,ema_only,2026-08-23 07:28:29.810936+00:00,Core CS (Systems & Theory),simple_ability_placeholder,calibration_error,0.04604599999999999
a9a5ccdc-a970-4cf8-be9a-9d31b50d251b,ema_only,2026-08-23 07:28:29.810936+00:00,Core CS (Systems & Theory),simple_ability_placeholder,log_loss,0.6928421434510978
a9a5ccdc-a970-4cf8-be9a-9d31b50d251b,ema_only,2026-08-23 07:28:29.810936+00:00,Core CS (Systems & Theory),simple_ability_placeholder,brier_score,0.24984845500000002
e35556ab-6036-4f6a-90f9-c1aa467591e5,rule_weakest_topic,2026-08-23 07:23:04.990733+00:00,Core CS (Systems & Theory),simple_ability_placeholder,subject_mean_true_mastery,0.30494117647058827
e35556ab-6036-4f6a-90f9-c1aa467591e5,rule_weakest_topic,2026-08-23 07:23:04.990733+00:00,Core CS (Systems & Theory),simple_ability_placeholder,subject_concepts_touched,1.0
e35556ab-6036-4f6a-90f9-c1aa467591e5,rule_weakest_topic,2026-08-23 07:23:04.990733+00:00,Core CS (Systems & Theory),simple_ability_placeholder,subject_accuracy,0.6
e35556ab-6036-4f6a-90f9-c1aa467591e5,rule_weakest_topic,2026-08-23 07:23:04.990733+00:00,Core CS (Systems & Theory),simple_ability_placeholder,subject_n_asked,5.0
e35556ab-6036-4f6a-90f9-c1aa467591e5,rule_weakest_topic,2026-08-23 07:23:04.990733+00:00,Core CS (Systems & Theory),simple_ability_placeholder,difficulty_match_rate,0.3051
e35556ab-6036-4f6a-90f9-c1aa467591e5,rule_weakest_topic,2026-08-23 07:23:04.990733+00:00,Core CS (Systems & Theory),simple_ability_placeholder,repeat_rate,0.0
e35556ab-6036-4f6a-90f9-c1aa467591e5,rule_weakest_topic,2026-08-23 07:23:04.990733+00:00,Core CS (Systems & Theory),simple_ability_placeholder,diversity,0.058
e35556ab-6036-4f6a-90f9-c1aa467591e5,rule_weakest_topic,2026-08-23 07:23:04.990733+00:00,Core CS (Systems & Theory),simple_ability_placeholder,coverage,0.9965635738831615
e35556ab-6036-4f6a-90f9-c1aa467591e5,rule_weakest_topic,2026-08-23 07:23:04.990733+00:00,Core CS (Systems & Theory),simple_ability_placeholder,calibration_error,0.007818128485644208
e35556ab-6036-4f6a-90f9-c1aa467591e5,rule_weakest_topic,2026-08-23 07:23:04.990733+00:00,Core CS (Systems & Theory),simple_ability_placeholder,log_loss,0.6929326564850857
e35556ab-6036-4f6a-90f9-c1aa467591e5,rule_weakest_topic,2026-08-23 07:23:04.990733+00:00,Core CS (Systems & Theory),simple_ability_placeholder,brier_score,0.24960510910373987
e35556ab-6036-4f6a-90f9-c1aa467591e5,rule_weakest_topic,2026-08-23 07:23:04.990733+00:00,Core CS (Systems & Theory),simple_ability_placeholder,pr_auc,0.4798993494570926
e35556ab-6036-4f6a-90f9-c1aa467591e5,rule_weakest_topic,2026-08-23 07:23:04.990733+00:00,Core CS (Systems & Theory),simple_ability_placeholder,roc_auc,0.5047570626676701
d5cc0025-706b-45b9-ad1e-dec710d9db51,random,2026-08-23 07:20:14.199473+00:00,Core CS (Systems & Theory),simple_ability_placeholder,subject_n_asked,7.0
d5cc0025-706b-45b9-ad1e-dec710d9db51,random,2026-08-23 07:20:14.199473+00:00,Core CS (Systems & Theory),simple_ability_placeholder,subject_concepts_touched,1.0
d5cc0025-706b-45b9-ad1e-dec710d9db51,random,2026-08-23 07:20:14.199473+00:00,Core CS (Systems & Theory),simple_ability_placeholder,subject_mean_true_mastery,0.3
d5cc0025-706b-45b9-ad1e-dec710d9db51,random,2026-08-23 07:20:14.199473+00:00,Core CS (Systems & Theory),simple_ability_placeholder,subject_accuracy,0.375
d5cc0025-706b-45b9-ad1e-dec710d9db51,random,2026-08-23 07:20:14.199473+00:00,Core CS (Systems & Theory),simple_ability_placeholder,difficulty_match_rate,0.25925
d5cc0025-706b-45b9-ad1e-dec710d9db51,random,2026-08-23 07:20:14.199473+00:00,Core CS (Systems & Theory),simple_ability_placeholder,repeat_rate,0.0
d5cc0025-706b-45b9-ad1e-dec710d9db51,random,2026-08-23 07:20:14.199473+00:00,Core CS (Systems & Theory),simple_ability_placeholder,diversity,0.0581
d5cc0025-706b-45b9-ad1e-dec710d9db51,random,2026-08-23 07:20:14.199473+00:00,Core CS (Systems & Theory),simple_ability_placeholder,coverage,0.9982817869415808
d5cc0025-706b-45b9-ad1e-dec710d9db51,random,2026-08-23 07:20:14.199473+00:00,Core CS (Systems & Theory),simple_ability_placeholder,calibration_error,0.006065658676929225
d5cc0025-706b-45b9-ad1e-dec710d9db51,random,2026-08-23 07:20:14.199473+00:00,Core CS (Systems & Theory),simple_ability_placeholder,log_loss,0.6911292169822195
d5cc0025-706b-45b9-ad1e-dec710d9db51,random,2026-08-23 07:20:14.199473+00:00,Core CS (Systems & Theory),simple_ability_placeholder,brier_score,0.248702476614002
d5cc0025-706b-45b9-ad1e-dec710d9db51,random,2026-08-23 07:20:14.199473+00:00,Core CS (Systems & Theory),simple_ability_placeholder,pr_auc,0.46596750976606194
d5cc0025-706b-45b9-ad1e-dec710d9db51,random,2026-08-23 07:20:14.199473+00:00,Core CS (Systems & Theory),simple_ability_placeholder,roc_auc,0.5051018282685731
131b314c-3c84-4833-bdc0-8abd8f1fa2cc,bkt_ema_epsilon_greedy,2026-08-23 07:17:33.401245+00:00,Aptitude,simple_ability_placeholder,log_loss,0.6952076809154745
131b314c-3c84-4833-bdc0-8abd8f1fa2cc,bkt_ema_epsilon_greedy,2026-08-23 07:17:33.401245+00:00,Aptitude,simple_ability_placeholder,brier_score,0.2510118696623031
131b314c-3c84-4833-bdc0-8abd8f1fa2cc,bkt_ema_epsilon_greedy,2026-08-23 07:17:33.401245+00:00,Aptitude,simple_ability_placeholder,pr_auc,0.5487759804401734
131b314c-3c84-4833-bdc0-8abd8f1fa2cc,bkt_ema_epsilon_greedy,2026-08-23 07:17:33.401245+00:00,Aptitude,simple_ability_placeholder,roc_auc,0.5071281588072979
131b314c-3c84-4833-bdc0-8abd8f1fa2cc,bkt_ema_epsilon_greedy,2026-08-23 07:17:33.401245+00:00,Aptitude,simple_ability_placeholder,subject_concepts_touched,395.0
131b314c-3c84-4833-bdc0-8abd8f1fa2cc,bkt_ema_epsilon_greedy,2026-08-23 07:17:33.401245+00:00,Aptitude,simple_ability_placeholder,subject_mean_true_mastery,0.301603783948247
131b314c-3c84-4833-bdc0-8abd8f1fa2cc,bkt_ema_epsilon_greedy,2026-08-23 07:17:33.401245+00:00,Aptitude,simple_ability_placeholder,subject_accuracy,0.54485
131b314c-3c84-4833-bdc0-8abd8f1fa2cc,bkt_ema_epsilon_greedy,2026-08-23 07:17:33.401245+00:00,Aptitude,simple_ability_placeholder,subject_n_asked,20000.0
131b314c-3c84-4833-bdc0-8abd8f1fa2cc,bkt_ema_epsilon_greedy,2026-08-23 07:17:33.401245+00:00,Aptitude,simple_ability_placeholder,difficulty_match_rate,0.4785
131b314c-3c84-4833-bdc0-8abd8f1fa2cc,bkt_ema_epsilon_greedy,2026-08-23 07:17:33.401245+00:00,Aptitude,simple_ability_placeholder,repeat_rate,0.0
131b314c-3c84-4833-bdc0-8abd8f1fa2cc,bkt_ema_epsilon_greedy,2026-08-23 07:17:33.401245+00:00,Aptitude,simple_ability_placeholder,diversity,0.01975
131b314c-3c84-4833-bdc0-8abd8f1fa2cc,bkt_ema_epsilon_greedy,2026-08-23 07:17:33.401245+00:00,Aptitude,simple_ability_placeholder,coverage,0.992462311557789
131b314c-3c84-4833-bdc0-8abd8f1fa2cc,bkt_ema_epsilon_greedy,2026-08-23 07:17:33.401245+00:00,Aptitude,simple_ability_placeholder,calibration_error,0.05843328491276548
cb90815b-3e94-4d00-928f-b604c4572c90,bkt,2026-08-23 07:14:39.688920+00:00,Aptitude,simple_ability_placeholder,calibration_error,0.06056039634160827
cb90815b-3e94-4d00-928f-b604c4572c90,bkt,2026-08-23 07:14:39.688920+00:00,Aptitude,simple_ability_placeholder,subject_concepts_touched,398.0
cb90815b-3e94-4d00-928f-b604c4572c90,bkt,2026-08-23 07:14:39.688920+00:00,Aptitude,simple_ability_placeholder,subject_mean_true_mastery,0.3017176800452999
cb90815b-3e94-4d00-928f-b604c4572c90,bkt,2026-08-23 07:14:39.688920+00:00,Aptitude,simple_ability_placeholder,subject_accuracy,0.54575
cb90815b-3e94-4d00-928f-b604c4572c90,bkt,2026-08-23 07:14:39.688920+00:00,Aptitude,simple_ability_placeholder,subject_n_asked,20000.0
cb90815b-3e94-4d00-928f-b604c4572c90,bkt,2026-08-23 07:14:39.688920+00:00,Aptitude,simple_ability_placeholder,difficulty_match_rate,0.4802
cb90815b-3e94-4d00-928f-b604c4572c90,bkt,2026-08-23 07:14:39.688920+00:00,Aptitude,simple_ability_placeholder,repeat_rate,0.0
cb90815b-3e94-4d00-928f-b604c4572c90,bkt,2026-08-23 07:14:39.688920+00:00,Aptitude,simple_ability_placeholder,diversity,0.0199
cb90815b-3e94-4d00-928f-b604c4572c90,bkt,2026-08-23 07:14:39.688920+00:00,Aptitude,simple_ability_placeholder,coverage,1.0
cb90815b-3e94-4d00-928f-b604c4572c90,bkt,2026-08-23 07:14:39.688920+00:00,Aptitude,simple_ability_placeholder,roc_auc,0.5079480177919586
cb90815b-3e94-4d00-928f-b604c4572c90,bkt,2026-08-23 07:14:39.688920+00:00,Aptitude,simple_ability_placeholder,log_loss,0.6953009771480292
cb90815b-3e94-4d00-928f-b604c4572c90,bkt,2026-08-23 07:14:39.688920+00:00,Aptitude,simple_ability_placeholder,brier_score,0.2510524042052299
cb90815b-3e94-4d00-928f-b604c4572c90,bkt,2026-08-23 07:14:39.688920+00:00,Aptitude,simple_ability_placeholder,pr_auc,0.5501330397062073
3abb7c81-3a4b-46f5-a1ce-ca7b268f3624,ema_only,2026-08-23 07:11:36.686064+00:00,Aptitude,simple_ability_placeholder,subject_mean_true_mastery,0.3017062192113254
3abb7c81-3a4b-46f5-a1ce-ca7b268f3624,ema_only,2026-08-23 07:11:36.686064+00:00,Aptitude,simple_ability_placeholder,subject_concepts_touched,396.0
3abb7c81-3a4b-46f5-a1ce-ca7b268f3624,ema_only,2026-08-23 07:11:36.686064+00:00,Aptitude,simple_ability_placeholder,subject_accuracy,0.5482
3abb7c81-3a4b-46f5-a1ce-ca7b268f3624,ema_only,2026-08-23 07:11:36.686064+00:00,Aptitude,simple_ability_placeholder,subject_n_asked,20000.0
3abb7c81-3a4b-46f5-a1ce-ca7b268f3624,ema_only,2026-08-23 07:11:36.686064+00:00,Aptitude,simple_ability_placeholder,difficulty_match_rate,0.483
3abb7c81-3a4b-46f5-a1ce-ca7b268f3624,ema_only,2026-08-23 07:11:36.686064+00:00,Aptitude,simple_ability_placeholder,repeat_rate,0.0
3abb7c81-3a4b-46f5-a1ce-ca7b268f3624,ema_only,2026-08-23 07:11:36.686064+00:00,Aptitude,simple_ability_placeholder,diversity,0.0198
3abb7c81-3a4b-46f5-a1ce-ca7b268f3624,ema_only,2026-08-23 07:11:36.686064+00:00,Aptitude,simple_ability_placeholder,coverage,0.9949748743718593
3abb7c81-3a4b-46f5-a1ce-ca7b268f3624,ema_only,2026-08-23 07:11:36.686064+00:00,Aptitude,simple_ability_placeholder,calibration_error,0.052363827499999904
3abb7c81-3a4b-46f5-a1ce-ca7b268f3624,ema_only,2026-08-23 07:11:36.686064+00:00,Aptitude,simple_ability_placeholder,log_loss,0.6929223048888357
3abb7c81-3a4b-46f5-a1ce-ca7b268f3624,ema_only,2026-08-23 07:11:36.686064+00:00,Aptitude,simple_ability_placeholder,brier_score,0.24988639514762503
3abb7c81-3a4b-46f5-a1ce-ca7b268f3624,ema_only,2026-08-23 07:11:36.686064+00:00,Aptitude,simple_ability_placeholder,pr_auc,0.5520193006918411
3abb7c81-3a4b-46f5-a1ce-ca7b268f3624,ema_only,2026-08-23 07:11:36.686064+00:00,Aptitude,simple_ability_placeholder,roc_auc,0.5067872233955256
77fe6d40-9d51-4308-b08a-d58057abb010,rule_weakest_topic,2026-08-23 07:07:13.856458+00:00,Aptitude,simple_ability_placeholder,roc_auc,0.5040010195362481
77fe6d40-9d51-4308-b08a-d58057abb010,rule_weakest_topic,2026-08-23 07:07:13.856458+00:00,Aptitude,simple_ability_placeholder,subject_concepts_touched,398.0
77fe6d40-9d51-4308-b08a-d58057abb010,rule_weakest_topic,2026-08-23 07:07:13.856458+00:00,Aptitude,simple_ability_placeholder,subject_mean_true_mastery,0.3507167966342591
77fe6d40-9d51-4308-b08a-d58057abb010,rule_weakest_topic,2026-08-23 07:07:13.856458+00:00,Aptitude,simple_ability_placeholder,subject_accuracy,0.55235
77fe6d40-9d51-4308-b08a-d58057abb010,rule_weakest_topic,2026-08-23 07:07:13.856458+00:00,Aptitude,simple_ability_placeholder,subject_n_asked,20000.0
77fe6d40-9d51-4308-b08a-d58057abb010,rule_weakest_topic,2026-08-23 07:07:13.856458+00:00,Aptitude,simple_ability_placeholder,difficulty_match_rate,0.3928
77fe6d40-9d51-4308-b08a-d58057abb010,rule_weakest_topic,2026-08-23 07:07:13.856458+00:00,Aptitude,simple_ability_placeholder,repeat_rate,0.0
77fe6d40-9d51-4308-b08a-d58057abb010,rule_weakest_topic,2026-08-23 07:07:13.856458+00:00,Aptitude,simple_ability_placeholder,diversity,0.0199
77fe6d40-9d51-4308-b08a-d58057abb010,rule_weakest_topic,2026-08-23 07:07:13.856458+00:00,Aptitude,simple_ability_placeholder,coverage,1.0
77fe6d40-9d51-4308-b08a-d58057abb010,rule_weakest_topic,2026-08-23 07:07:13.856458+00:00,Aptitude,simple_ability_placeholder,questions_to_mastery,14.590909090909092
77fe6d40-9d51-4308-b08a-d58057abb010,rule_weakest_topic,2026-08-23 07:07:13.856458+00:00,Aptitude,simple_ability_placeholder,calibration_error,0.006926552834081938
77fe6d40-9d51-4308-b08a-d58057abb010,rule_weakest_topic,2026-08-23 07:07:13.856458+00:00,Aptitude,simple_ability_placeholder,log_loss,0.6885482170297509
77fe6d40-9d51-4308-b08a-d58057abb010,rule_weakest_topic,2026-08-23 07:07:13.856458+00:00,Aptitude,simple_ability_placeholder,brier_score,0.24741190381473743
77fe6d40-9d51-4308-b08a-d58057abb010,rule_weakest_topic,2026-08-23 07:07:13.856458+00:00,Aptitude,simple_ability_placeholder,pr_auc,0.5548678719090249
bba9c4d0-217d-4e27-b145-b524527769ed,random,2026-08-23 07:05:46.786804+00:00,Aptitude,simple_ability_placeholder,pr_auc,0.5419039214312663
bba9c4d0-217d-4e27-b145-b524527769ed,random,2026-08-23 07:05:46.786804+00:00,Aptitude,simple_ability_placeholder,subject_concepts_touched,398.0
bba9c4d0-217d-4e27-b145-b524527769ed,random,2026-08-23 07:05:46.786804+00:00,Aptitude,simple_ability_placeholder,subject_mean_true_mastery,0.36269486594114536
bba9c4d0-217d-4e27-b145-b524527769ed,random,2026-08-23 07:05:46.786804+00:00,Aptitude,simple_ability_placeholder,subject_accuracy,0.53835
bba9c4d0-217d-4e27-b145-b524527769ed,random,2026-08-23 07:05:46.786804+00:00,Aptitude,simple_ability_placeholder,subject_n_asked,20000.0
bba9c4d0-217d-4e27-b145-b524527769ed,random,2026-08-23 07:05:46.786804+00:00,Aptitude,simple_ability_placeholder,difficulty_match_rate,0.30835
bba9c4d0-217d-4e27-b145-b524527769ed,random,2026-08-23 07:05:46.786804+00:00,Aptitude,simple_ability_placeholder,repeat_rate,0.0
bba9c4d0-217d-4e27-b145-b524527769ed,random,2026-08-23 07:05:46.786804+00:00,Aptitude,simple_ability_placeholder,diversity,0.0199
bba9c4d0-217d-4e27-b145-b524527769ed,random,2026-08-23 07:05:46.786804+00:00,Aptitude,simple_ability_placeholder,coverage,1.0
bba9c4d0-217d-4e27-b145-b524527769ed,random,2026-08-23 07:05:46.786804+00:00,Aptitude,simple_ability_placeholder,questions_to_mastery,14.94
bba9c4d0-217d-4e27-b145-b524527769ed,random,2026-08-23 07:05:46.786804+00:00,Aptitude,simple_ability_placeholder,calibration_error,0.007250805897851574
bba9c4d0-217d-4e27-b145-b524527769ed,random,2026-08-23 07:05:46.786804+00:00,Aptitude,simple_ability_placeholder,log_loss,0.6910951123725626
bba9c4d0-217d-4e27-b145-b524527769ed,random,2026-08-23 07:05:46.786804+00:00,Aptitude,simple_ability_placeholder,brier_score,0.2486813593531562
bba9c4d0-217d-4e27-b145-b524527769ed,random,2026-08-23 07:05:46.786804+00:00,Aptitude,simple_ability_placeholder,roc_auc,0.5047190617210079
